User ID,Timestamp,Channel,Campaign,Conversion,Touchpoint_Order
10028,2025-02-10 01:44:00,Search Ads,Discount Offer,1,1
10028,2025-02-11 01:03:00,Display Ads,-,1,2
10045,2025-02-10 17:20:00,Search Ads,Discount Offer,0,1
10045,2025-02-11 18:44:00,Display Ads,New Product Launch,1,2
10062,2025-02-10 15:42:00,Social Media,Brand Awareness,0,1
10062,2025-02-10 22:00:00,Direct Traffic,-,0,2
10062,2025-02-11 21:10:00,Email,Brand Awareness,1,3
10068,2025-02-10 07:07:00,Search Ads,-,1,1
10068,2025-02-11 08:05:00,Social Media,Retargeting,0,2
10068,2025-02-11 10:14:00,Social Media,Brand Awareness,1,3
10068,2025-02-11 11:39:00,Search Ads,New Product Launch,1,4
10068,2025-02-11 23:05:00,Social Media,Winter Sale,0,5
10095,2025-02-10 07:07:00,Display Ads,Retargeting,1,1
10095,2025-02-10 21:59:00,Email,Retargeting,1,2
10095,2025-02-11 01:37:00,Referral,New Product Launch,1,3
10095,2025-02-11 08:09:00,Display Ads,-,0,4
10095,2025-02-11 18:45:00,Search Ads,Retargeting,1,5
10095,2025-02-11 23:24:00,Referral,-,1,6
10120,2025-02-10 09:11:00,Referral,Winter Sale,0,1
10120,2025-02-10 16:31:00,Email,Winter Sale,1,2
10120,2025-02-11 04:33:00,Referral,New Product Launch,0,3
10120,2025-02-11 10:21:00,Direct Traffic,-,0,4
10120,2025-02-11 13:11:00,Direct Traffic,-,1,5
10167,2025-02-10 03:16:00,Social Media,Retargeting,0,1
10167,2025-02-10 14:59:00,Display Ads,Brand Awareness,0,2
10167,2025-02-11 22:03:00,Display Ads,Brand Awareness,1,3
10172,2025-02-10 21:07:00,Email,Brand Awareness,0,1
10172,2025-02-11 18:20:00,Referral,Winter Sale,1,2
10202,2025-02-10 03:02:00,Display Ads,New Product Launch,0,1
10202,2025-02-10 09:47:00,Direct Traffic,-,1,2
10202,2025-02-10 10:05:00,Display Ads,New Product Launch,1,3
10202,2025-02-10 13:33:00,Social Media,Retargeting,1,4
10202,2025-02-11 21:53:00,Search Ads,New Product Launch,1,5
10255,2025-02-10 01:10:00,Social Media,New Product Launch,0,1
10255,2025-02-10 05:49:00,Referral,Winter Sale,0,2
10255,2025-02-10 22:47:00,Direct Traffic,-,1,3
10255,2025-02-11 02:38:00,Social Media,New Product Launch,1,4
10271,2025-02-10 02:48:00,Social Media,Discount Offer,1,1
10273,2025-02-10 17:33:00,Social Media,Brand Awareness,1,1
10303,2025-02-10 06:08:00,Direct Traffic,-,0,1
10303,2025-02-10 09:14:00,Referral,Discount Offer,1,2
10306,2025-02-10 11:52:00,Social Media,Discount Offer,1,1
10306,2025-02-10 14:47:00,Search Ads,Discount Offer,1,2
10317,2025-02-10 01:16:00,Email,Discount Offer,0,1
10317,2025-02-10 04:33:00,Direct Traffic,-,0,2
10317,2025-02-10 08:17:00,Social Media,-,1,3
10317,2025-02-10 09:29:00,Referral,Brand Awareness,1,4
10317,2025-02-11 01:39:00,Social Media,Discount Offer,0,5
10317,2025-02-11 09:14:00,Search Ads,New Product Launch,0,6
10317,2025-02-11 16:55:00,Display Ads,Brand Awareness,1,7
10341,2025-02-10 18:53:00,Display Ads,Winter Sale,0,1
10341,2025-02-10 21:08:00,Display Ads,-,1,2
10341,2025-02-11 21:07:00,Email,Winter Sale,1,3
10374,2025-02-10 12:42:00,Email,New Product Launch,1,1
10374,2025-02-11 12:58:00,Search Ads,New Product Launch,0,2
10374,2025-02-11 20:39:00,Direct Traffic,-,0,3
10378,2025-02-10 04:44:00,Search Ads,-,1,1
10378,2025-02-11 05:56:00,Social Media,Discount Offer,1,2
10378,2025-02-11 21:26:00,Referral,Brand Awareness,1,3
10414,2025-02-11 06:40:00,Referral,Brand Awareness,0,1
10414,2025-02-11 09:07:00,Social Media,Brand Awareness,0,2
10415,2025-02-10 02:46:00,Social Media,-,1,1
10415,2025-02-10 22:16:00,Direct Traffic,-,1,2
10415,2025-02-11 03:42:00,Email,New Product Launch,0,3
10415,2025-02-11 09:28:00,Email,Discount Offer,1,4
10426,2025-02-10 04:18:00,Referral,Winter Sale,1,1
10426,2025-02-11 12:48:00,Direct Traffic,-,1,2
10442,2025-02-10 05:15:00,Direct Traffic,-,1,1
10442,2025-02-10 19:54:00,Search Ads,Winter Sale,1,2
10442,2025-02-11 00:26:00,Search Ads,New Product Launch,0,3
10442,2025-02-11 11:06:00,Social Media,Winter Sale,0,4
10442,2025-02-11 20:30:00,Email,-,1,5
10442,2025-02-11 20:42:00,Social Media,New Product Launch,1,6
10466,2025-02-10 00:48:00,Display Ads,New Product Launch,0,1
10466,2025-02-10 04:03:00,Social Media,-,0,2
10466,2025-02-11 23:16:00,Direct Traffic,-,1,3
10518,2025-02-10 03:46:00,Social Media,Winter Sale,0,1
10518,2025-02-10 18:33:00,Social Media,Winter Sale,0,2
10518,2025-02-10 19:04:00,Referral,New Product Launch,1,3
10518,2025-02-11 12:17:00,Referral,-,1,4
10556,2025-02-10 03:02:00,Referral,-,0,1
10556,2025-02-10 16:42:00,Direct Traffic,-,0,2
10556,2025-02-10 20:13:00,Display Ads,New Product Launch,1,3
10556,2025-02-11 15:07:00,Direct Traffic,-,0,4
10566,2025-02-10 09:32:00,Direct Traffic,-,1,1
10614,2025-02-11 15:09:00,Search Ads,Winter Sale,0,1
10614,2025-02-11 23:44:00,Social Media,Brand Awareness,0,2
10654,2025-02-10 00:46:00,Referral,Winter Sale,0,1
10654,2025-02-10 02:38:00,Search Ads,-,0,2
10654,2025-02-10 03:50:00,Search Ads,Winter Sale,0,3
10654,2025-02-10 08:53:00,Email,-,1,4
10654,2025-02-11 03:32:00,Display Ads,-,1,5
10654,2025-02-11 04:44:00,Search Ads,New Product Launch,0,6
10654,2025-02-11 09:46:00,Direct Traffic,-,1,7
10654,2025-02-11 17:14:00,Email,Retargeting,1,8
10654,2025-02-11 19:49:00,Display Ads,Discount Offer,1,9
10654,2025-02-11 22:26:00,Social Media,New Product Launch,0,10
10665,2025-02-10 03:47:00,Referral,Winter Sale,1,1
10665,2025-02-11 20:27:00,Referral,Retargeting,1,2
10668,2025-02-10 16:40:00,Direct Traffic,-,0,1
10668,2025-02-10 18:19:00,Direct Traffic,-,1,2
10668,2025-02-10 21:26:00,Direct Traffic,-,0,3
10668,2025-02-11 07:39:00,Referral,Retargeting,1,4
10668,2025-02-11 13:34:00,Search Ads,New Product Launch,1,5
10668,2025-02-11 14:54:00,Direct Traffic,-,0,6
10668,2025-02-11 23:44:00,Display Ads,Brand Awareness,0,7
10673,2025-02-10 02:33:00,Display Ads,Retargeting,1,1
10673,2025-02-11 04:08:00,Direct Traffic,-,1,2
10673,2025-02-11 05:18:00,Referral,-,0,3
10673,2025-02-11 12:48:00,Referral,New Product Launch,1,4
10685,2025-02-10 01:43:00,Display Ads,Brand Awareness,1,1
10685,2025-02-10 07:03:00,Referral,Brand Awareness,0,2
10685,2025-02-10 22:21:00,Search Ads,New Product Launch,1,3
10685,2025-02-11 01:30:00,Email,-,1,4
10685,2025-02-11 06:18:00,Email,Discount Offer,1,5
10685,2025-02-11 10:08:00,Display Ads,-,0,6
10690,2025-02-10 02:17:00,Display Ads,-,1,1
10690,2025-02-10 07:40:00,Display Ads,Discount Offer,1,2
10690,2025-02-10 08:32:00,Display Ads,-,0,3
10690,2025-02-10 19:03:00,Email,Discount Offer,1,4
10690,2025-02-11 04:20:00,Search Ads,New Product Launch,0,5
10698,2025-02-10 02:15:00,Referral,New Product Launch,0,1
10698,2025-02-10 08:31:00,Search Ads,Retargeting,0,2
10698,2025-02-11 03:23:00,Display Ads,Brand Awareness,0,3
10766,2025-02-10 15:17:00,Social Media,Brand Awareness,1,1
10781,2025-02-10 15:32:00,Display Ads,Winter Sale,0,1
10781,2025-02-11 19:41:00,Direct Traffic,-,0,2
10843,2025-02-11 05:15:00,Email,Winter Sale,1,1
10843,2025-02-11 09:02:00,Referral,Brand Awareness,0,2
10919,2025-02-10 00:51:00,Direct Traffic,-,0,1
10919,2025-02-10 14:14:00,Referral,Brand Awareness,0,2
10925,2025-02-10 03:51:00,Email,Brand Awareness,1,1
10925,2025-02-10 08:24:00,Search Ads,Discount Offer,0,2
10925,2025-02-11 10:45:00,Display Ads,Retargeting,0,3
10925,2025-02-11 15:42:00,Referral,Winter Sale,0,4
10925,2025-02-11 17:18:00,Referral,-,1,5
10925,2025-02-11 17:49:00,Search Ads,-,1,6
11007,2025-02-11 22:53:00,Referral,Retargeting,0,1
11058,2025-02-11 12:21:00,Search Ads,Brand Awareness,0,1
11058,2025-02-11 16:27:00,Email,Winter Sale,0,2
11058,2025-02-11 22:50:00,Referral,Brand Awareness,1,3
11107,2025-02-10 17:44:00,Referral,-,0,1
11107,2025-02-10 23:07:00,Social Media,Brand Awareness,1,2
11177,2025-02-10 00:03:00,Display Ads,New Product Launch,0,1
11177,2025-02-10 10:57:00,Search Ads,-,1,2
11177,2025-02-11 13:25:00,Search Ads,New Product Launch,0,3
11186,2025-02-10 02:52:00,Social Media,Winter Sale,1,1
11186,2025-02-11 15:47:00,Social Media,Discount Offer,1,2
11209,2025-02-10 22:14:00,Email,Winter Sale,0,1
11209,2025-02-10 22:18:00,Direct Traffic,-,0,2
11209,2025-02-10 23:08:00,Direct Traffic,-,0,3
11233,2025-02-10 07:59:00,Email,Discount Offer,1,1
11233,2025-02-11 08:04:00,Referral,Brand Awareness,0,2
11233,2025-02-11 10:16:00,Referral,New Product Launch,0,3
11233,2025-02-11 11:11:00,Email,Winter Sale,1,4
11257,2025-02-10 13:08:00,Email,Brand Awareness,0,1
11257,2025-02-10 20:20:00,Display Ads,Retargeting,1,2
11257,2025-02-10 20:24:00,Social Media,Brand Awareness,1,3
11257,2025-02-10 22:01:00,Email,-,1,4
11284,2025-02-10 01:04:00,Display Ads,Retargeting,0,1
11284,2025-02-10 04:46:00,Social Media,New Product Launch,0,2
11284,2025-02-10 22:04:00,Email,Discount Offer,0,3
11284,2025-02-11 08:40:00,Social Media,-,0,4
11295,2025-02-10 05:48:00,Social Media,Brand Awareness,1,1
11295,2025-02-10 05:52:00,Social Media,Discount Offer,1,2
11295,2025-02-10 16:46:00,Social Media,Discount Offer,0,3
11295,2025-02-10 23:25:00,Referral,Brand Awareness,1,4
11295,2025-02-11 15:05:00,Referral,-,1,5
11365,2025-02-10 11:21:00,Referral,Winter Sale,0,1
11365,2025-02-11 06:36:00,Display Ads,Retargeting,1,2
11396,2025-02-11 13:32:00,Social Media,Brand Awareness,1,1
11416,2025-02-10 07:28:00,Referral,Discount Offer,0,1
11416,2025-02-10 13:02:00,Social Media,Brand Awareness,0,2
11416,2025-02-10 19:35:00,Direct Traffic,-,0,3
11416,2025-02-10 22:26:00,Direct Traffic,-,1,4
11416,2025-02-11 01:40:00,Display Ads,Discount Offer,1,5
11416,2025-02-11 08:33:00,Referral,Brand Awareness,1,6
11416,2025-02-11 14:49:00,Email,Winter Sale,1,7
11453,2025-02-10 13:36:00,Referral,Winter Sale,0,1
11453,2025-02-11 03:48:00,Display Ads,New Product Launch,0,2
11453,2025-02-11 10:59:00,Email,New Product Launch,0,3
11453,2025-02-11 14:54:00,Referral,Winter Sale,0,4
11453,2025-02-11 23:35:00,Search Ads,Winter Sale,1,5
11503,2025-02-10 01:13:00,Email,New Product Launch,1,1
11503,2025-02-10 14:32:00,Search Ads,Winter Sale,0,2
11503,2025-02-11 06:05:00,Direct Traffic,-,0,3
11503,2025-02-11 23:23:00,Social Media,Winter Sale,0,4
11511,2025-02-10 11:16:00,Referral,-,1,1
11511,2025-02-10 14:46:00,Display Ads,-,0,2
11511,2025-02-10 20:30:00,Email,Discount Offer,0,3
11511,2025-02-11 07:34:00,Referral,-,0,4
11511,2025-02-11 16:15:00,Display Ads,Retargeting,1,5
11611,2025-02-10 03:38:00,Referral,-,0,1
11611,2025-02-10 20:42:00,Direct Traffic,-,1,2
11611,2025-02-10 22:09:00,Referral,Brand Awareness,1,3
11611,2025-02-11 08:35:00,Direct Traffic,-,0,4
11661,2025-02-10 02:17:00,Search Ads,Retargeting,1,1
11661,2025-02-10 21:12:00,Display Ads,Brand Awareness,1,2
11661,2025-02-11 02:38:00,Direct Traffic,-,0,3
11661,2025-02-11 09:33:00,Search Ads,New Product Launch,0,4
11661,2025-02-11 12:43:00,Social Media,Winter Sale,0,5
11661,2025-02-11 22:42:00,Display Ads,Brand Awareness,1,6
11686,2025-02-10 02:12:00,Email,Winter Sale,0,1
11686,2025-02-10 12:59:00,Direct Traffic,-,1,2
11686,2025-02-10 14:22:00,Social Media,Winter Sale,0,3
11686,2025-02-11 02:38:00,Display Ads,Discount Offer,0,4
11686,2025-02-11 21:41:00,Search Ads,Retargeting,1,5
11686,2025-02-11 22:31:00,Referral,Brand Awareness,1,6
11741,2025-02-10 00:47:00,Referral,Brand Awareness,0,1
11741,2025-02-10 07:51:00,Display Ads,Retargeting,1,2
11741,2025-02-10 23:08:00,Display Ads,Discount Offer,1,3
11741,2025-02-11 12:51:00,Referral,Discount Offer,0,4
11780,2025-02-10 09:12:00,Email,New Product Launch,1,1
11780,2025-02-10 15:07:00,Display Ads,Brand Awareness,0,2
11780,2025-02-10 17:29:00,Referral,-,0,3
11780,2025-02-10 21:53:00,Display Ads,Winter Sale,0,4
11780,2025-02-11 13:49:00,Email,Winter Sale,1,5
11780,2025-02-11 22:22:00,Direct Traffic,-,0,6
11784,2025-02-10 20:17:00,Display Ads,New Product Launch,1,1
11784,2025-02-11 01:00:00,Search Ads,New Product Launch,0,2
11784,2025-02-11 04:30:00,Search Ads,-,0,3
11784,2025-02-11 05:52:00,Referral,-,0,4
11784,2025-02-11 18:13:00,Social Media,Winter Sale,0,5
11790,2025-02-10 03:44:00,Referral,-,1,1
11790,2025-02-10 14:29:00,Search Ads,Retargeting,0,2
11790,2025-02-10 23:43:00,Social Media,Discount Offer,1,3
11790,2025-02-11 17:00:00,Referral,Brand Awareness,0,4
11790,2025-02-11 23:32:00,Email,-,1,5
11798,2025-02-10 04:38:00,Direct Traffic,-,0,1
11798,2025-02-10 22:01:00,Search Ads,New Product Launch,1,2
11798,2025-02-11 10:28:00,Email,Retargeting,1,3
11801,2025-02-10 01:14:00,Search Ads,New Product Launch,1,1
11801,2025-02-11 07:54:00,Social Media,Winter Sale,1,2
11801,2025-02-11 13:36:00,Search Ads,Brand Awareness,1,3
11801,2025-02-11 23:54:00,Direct Traffic,-,1,4
11831,2025-02-10 12:16:00,Search Ads,Winter Sale,0,1
11831,2025-02-10 13:11:00,Social Media,Discount Offer,1,2
11831,2025-02-10 21:45:00,Social Media,New Product Launch,0,3
11831,2025-02-11 19:53:00,Email,-,1,4
11831,2025-02-11 21:55:00,Direct Traffic,-,1,5
11831,2025-02-11 23:47:00,Referral,Brand Awareness,1,6
11835,2025-02-10 00:51:00,Referral,Brand Awareness,1,1
11835,2025-02-11 23:11:00,Social Media,Discount Offer,0,2
11894,2025-02-10 00:40:00,Direct Traffic,-,0,1
11894,2025-02-10 03:13:00,Display Ads,Discount Offer,1,2
11894,2025-02-10 15:47:00,Referral,Brand Awareness,0,3
11914,2025-02-10 03:18:00,Display Ads,Brand Awareness,0,1
11914,2025-02-10 10:33:00,Search Ads,Brand Awareness,1,2
11914,2025-02-10 20:30:00,Email,Discount Offer,1,3
11914,2025-02-11 08:53:00,Email,Winter Sale,0,4
11917,2025-02-10 07:20:00,Social Media,Retargeting,1,1
11917,2025-02-10 08:04:00,Search Ads,Retargeting,1,2
11917,2025-02-10 09:03:00,Direct Traffic,-,1,3
11917,2025-02-10 11:16:00,Direct Traffic,-,1,4
11917,2025-02-10 21:15:00,Email,Winter Sale,0,5
11917,2025-02-11 06:50:00,Display Ads,New Product Launch,0,6
12077,2025-02-10 21:38:00,Email,Discount Offer,0,1
12077,2025-02-11 21:10:00,Social Media,-,0,2
12121,2025-02-10 07:13:00,Search Ads,Retargeting,1,1
12121,2025-02-10 21:05:00,Social Media,-,1,2
12121,2025-02-10 22:14:00,Search Ads,Winter Sale,1,3
12121,2025-02-11 01:41:00,Search Ads,Winter Sale,1,4
12121,2025-02-11 12:17:00,Email,Winter Sale,1,5
12217,2025-02-10 04:04:00,Email,New Product Launch,1,1
12217,2025-02-10 09:29:00,Social Media,New Product Launch,1,2
12217,2025-02-11 08:37:00,Referral,Retargeting,1,3
12217,2025-02-11 16:45:00,Display Ads,-,1,4
12225,2025-02-10 19:20:00,Email,Brand Awareness,1,1
12248,2025-02-11 09:17:00,Referral,New Product Launch,0,1
12269,2025-02-10 18:19:00,Display Ads,Discount Offer,0,1
12269,2025-02-10 22:44:00,Social Media,Discount Offer,0,2
12269,2025-02-11 21:01:00,Social Media,Winter Sale,0,3
12275,2025-02-10 01:14:00,Email,Discount Offer,1,1
12275,2025-02-10 02:33:00,Direct Traffic,-,0,2
12275,2025-02-10 04:43:00,Search Ads,Retargeting,1,3
12275,2025-02-10 08:39:00,Direct Traffic,-,0,4
12275,2025-02-10 13:27:00,Display Ads,Discount Offer,0,5
12275,2025-02-11 01:57:00,Email,Discount Offer,0,6
12275,2025-02-11 16:58:00,Search Ads,Winter Sale,0,7
12275,2025-02-11 20:26:00,Search Ads,Discount Offer,0,8
12350,2025-02-10 07:45:00,Direct Traffic,-,0,1
12350,2025-02-10 20:53:00,Direct Traffic,-,1,2
12350,2025-02-11 12:54:00,Display Ads,Brand Awareness,0,3
12397,2025-02-11 03:02:00,Display Ads,Discount Offer,0,1
12397,2025-02-11 19:59:00,Direct Traffic,-,0,2
12410,2025-02-10 19:11:00,Social Media,Retargeting,0,1
12410,2025-02-11 09:49:00,Direct Traffic,-,0,2
12432,2025-02-10 03:49:00,Search Ads,Discount Offer,0,1
12432,2025-02-10 15:54:00,Direct Traffic,-,0,2
12459,2025-02-10 02:12:00,Referral,New Product Launch,0,1
12459,2025-02-10 05:20:00,Social Media,New Product Launch,1,2
12459,2025-02-10 22:45:00,Social Media,-,1,3
12459,2025-02-11 00:20:00,Social Media,Brand Awareness,1,4
12459,2025-02-11 15:32:00,Direct Traffic,-,1,5
12459,2025-02-11 21:08:00,Referral,Brand Awareness,1,6
12509,2025-02-10 14:03:00,Display Ads,Retargeting,1,1
12509,2025-02-11 16:37:00,Referral,Winter Sale,0,2
12509,2025-02-11 19:05:00,Social Media,Discount Offer,1,3
12509,2025-02-11 19:28:00,Email,Discount Offer,1,4
12641,2025-02-10 02:26:00,Display Ads,Winter Sale,1,1
12641,2025-02-10 14:05:00,Social Media,Retargeting,1,2
12641,2025-02-11 14:33:00,Direct Traffic,-,0,3
12641,2025-02-11 22:29:00,Referral,Brand Awareness,0,4
12663,2025-02-10 07:28:00,Search Ads,Winter Sale,1,1
12663,2025-02-10 19:40:00,Display Ads,New Product Launch,0,2
12663,2025-02-11 08:38:00,Referral,Discount Offer,1,3
12663,2025-02-11 17:36:00,Direct Traffic,-,1,4
12712,2025-02-11 03:01:00,Referral,Winter Sale,1,1
12712,2025-02-11 05:29:00,Direct Traffic,-,0,2
12731,2025-02-10 03:28:00,Search Ads,Winter Sale,1,1
12731,2025-02-10 05:03:00,Search Ads,Winter Sale,0,2
12731,2025-02-11 12:42:00,Search Ads,Brand Awareness,1,3
12755,2025-02-10 20:51:00,Referral,Brand Awareness,0,1
12755,2025-02-11 16:54:00,Email,Discount Offer,0,2
12756,2025-02-10 11:08:00,Email,Discount Offer,0,1
12756,2025-02-11 00:20:00,Referral,New Product Launch,0,2
12756,2025-02-11 06:28:00,Direct Traffic,-,0,3
12797,2025-02-10 00:04:00,Search Ads,Brand Awareness,1,1
12797,2025-02-11 00:32:00,Social Media,-,0,2
12806,2025-02-11 04:26:00,Search Ads,New Product Launch,1,1
12806,2025-02-11 09:38:00,Social Media,New Product Launch,0,2
12855,2025-02-10 04:55:00,Search Ads,-,1,1
12855,2025-02-11 03:32:00,Social Media,-,0,2
12855,2025-02-11 06:24:00,Referral,Winter Sale,1,3
12863,2025-02-10 07:30:00,Email,Winter Sale,1,1
12863,2025-02-11 03:03:00,Search Ads,New Product Launch,0,2
12863,2025-02-11 16:17:00,Email,Winter Sale,1,3
12877,2025-02-10 02:08:00,Display Ads,Winter Sale,1,1
12877,2025-02-10 11:57:00,Direct Traffic,-,1,2
12877,2025-02-10 12:59:00,Email,Brand Awareness,0,3
12877,2025-02-11 08:45:00,Email,Retargeting,0,4
12877,2025-02-11 14:01:00,Search Ads,Brand Awareness,1,5
13004,2025-02-10 03:26:00,Referral,New Product Launch,1,1
13004,2025-02-10 23:25:00,Social Media,New Product Launch,1,2
13004,2025-02-11 05:31:00,Email,Retargeting,1,3
13004,2025-02-11 05:50:00,Referral,Winter Sale,1,4
13004,2025-02-11 10:41:00,Social Media,New Product Launch,1,5
13004,2025-02-11 13:20:00,Email,-,1,6
13035,2025-02-10 01:42:00,Social Media,Winter Sale,0,1
13035,2025-02-10 10:34:00,Email,Winter Sale,1,2
13035,2025-02-11 01:23:00,Search Ads,Retargeting,1,3
13035,2025-02-11 03:58:00,Referral,Winter Sale,0,4
13035,2025-02-11 05:31:00,Search Ads,Brand Awareness,1,5
13035,2025-02-11 16:06:00,Direct Traffic,-,1,6
13090,2025-02-10 01:43:00,Email,New Product Launch,1,1
13090,2025-02-10 02:07:00,Social Media,Brand Awareness,1,2
13090,2025-02-10 20:45:00,Social Media,Retargeting,0,3
13090,2025-02-11 22:47:00,Referral,Discount Offer,1,4
13102,2025-02-10 12:29:00,Referral,Winter Sale,1,1
13102,2025-02-11 01:19:00,Search Ads,New Product Launch,1,2
13116,2025-02-10 01:45:00,Direct Traffic,-,1,1
13116,2025-02-11 09:05:00,Display Ads,Discount Offer,0,2
13116,2025-02-11 16:44:00,Referral,Winter Sale,0,3
13125,2025-02-10 04:33:00,Social Media,-,1,1
13125,2025-02-10 05:19:00,Direct Traffic,-,1,2
13125,2025-02-11 15:14:00,Search Ads,Retargeting,1,3
13139,2025-02-11 06:43:00,Social Media,Discount Offer,0,1
13139,2025-02-11 22:47:00,Referral,Brand Awareness,0,2
13184,2025-02-10 15:08:00,Display Ads,Winter Sale,0,1
13184,2025-02-10 17:53:00,Search Ads,Brand Awareness,1,2
13184,2025-02-11 10:03:00,Search Ads,-,1,3
13184,2025-02-11 11:04:00,Email,-,0,4
13186,2025-02-10 00:43:00,Email,Discount Offer,0,1
13186,2025-02-10 03:37:00,Direct Traffic,-,0,2
13186,2025-02-10 07:39:00,Social Media,New Product Launch,0,3
13186,2025-02-10 12:53:00,Display Ads,Winter Sale,0,4
13186,2025-02-10 19:18:00,Email,New Product Launch,0,5
13186,2025-02-11 00:33:00,Referral,New Product Launch,0,6
13186,2025-02-11 02:16:00,Display Ads,Discount Offer,0,7
13186,2025-02-11 02:18:00,Display Ads,Brand Awareness,1,8
13186,2025-02-11 06:08:00,Display Ads,New Product Launch,0,9
13186,2025-02-11 06:20:00,Direct Traffic,-,0,10
13186,2025-02-11 09:28:00,Email,Brand Awareness,0,11
13186,2025-02-11 15:55:00,Referral,Retargeting,0,12
13191,2025-02-10 08:11:00,Display Ads,Winter Sale,1,1
13191,2025-02-10 14:36:00,Referral,-,1,2
13191,2025-02-10 17:46:00,Direct Traffic,-,0,3
13191,2025-02-11 01:53:00,Social Media,Winter Sale,0,4
13191,2025-02-11 02:31:00,Referral,-,0,5
13230,2025-02-10 03:15:00,Display Ads,Retargeting,1,1
13230,2025-02-10 13:55:00,Email,Winter Sale,1,2
13230,2025-02-11 14:44:00,Social Media,-,1,3
13230,2025-02-11 19:49:00,Display Ads,Retargeting,0,4
13230,2025-02-11 23:24:00,Referral,Discount Offer,1,5
13364,2025-02-10 01:28:00,Display Ads,Brand Awareness,0,1
13364,2025-02-11 16:34:00,Referral,Winter Sale,1,2
13399,2025-02-10 22:30:00,Display Ads,-,0,1
13399,2025-02-11 17:45:00,Referral,-,1,2
13403,2025-02-11 18:16:00,Search Ads,Winter Sale,0,1
13403,2025-02-11 22:20:00,Display Ads,Brand Awareness,1,2
13426,2025-02-10 17:04:00,Referral,New Product Launch,0,1
13426,2025-02-10 22:59:00,Direct Traffic,-,1,2
13426,2025-02-11 00:10:00,Email,New Product Launch,0,3
13426,2025-02-11 14:24:00,Social Media,Winter Sale,1,4
13426,2025-02-11 18:21:00,Direct Traffic,-,0,5
13428,2025-02-10 10:40:00,Referral,New Product Launch,0,1
13428,2025-02-10 23:22:00,Display Ads,Retargeting,1,2
13428,2025-02-11 05:31:00,Social Media,Discount Offer,0,3
13428,2025-02-11 12:56:00,Social Media,Discount Offer,1,4
13428,2025-02-11 13:47:00,Search Ads,-,0,5
13428,2025-02-11 21:28:00,Search Ads,New Product Launch,0,6
13438,2025-02-10 20:37:00,Email,Retargeting,1,1
13438,2025-02-11 14:17:00,Search Ads,Brand Awareness,1,2
13438,2025-02-11 16:06:00,Referral,Winter Sale,1,3
13444,2025-02-10 22:47:00,Referral,Discount Offer,1,1
13444,2025-02-11 19:47:00,Social Media,Retargeting,0,2
13444,2025-02-11 20:49:00,Direct Traffic,-,1,3
13460,2025-02-11 18:10:00,Search Ads,Winter Sale,1,1
13465,2025-02-10 20:21:00,Display Ads,New Product Launch,1,1
13471,2025-02-10 00:26:00,Display Ads,Retargeting,0,1
13471,2025-02-10 14:18:00,Search Ads,Winter Sale,1,2
13471,2025-02-10 17:05:00,Referral,Winter Sale,1,3
13471,2025-02-11 01:07:00,Social Media,Discount Offer,1,4
13471,2025-02-11 13:16:00,Referral,Retargeting,1,5
13471,2025-02-11 19:26:00,Search Ads,Retargeting,1,6
13480,2025-02-10 03:32:00,Search Ads,Discount Offer,0,1
13480,2025-02-10 04:32:00,Display Ads,Winter Sale,0,2
13480,2025-02-10 21:16:00,Social Media,New Product Launch,1,3
13528,2025-02-10 07:10:00,Direct Traffic,-,0,1
13528,2025-02-10 17:01:00,Social Media,Discount Offer,0,2
13528,2025-02-10 19:26:00,Social Media,Discount Offer,1,3
13528,2025-02-11 03:27:00,Email,Discount Offer,0,4
13534,2025-02-10 21:33:00,Email,-,1,1
13534,2025-02-11 13:22:00,Search Ads,New Product Launch,0,2
13558,2025-02-10 17:58:00,Direct Traffic,-,0,1
13558,2025-02-11 21:59:00,Social Media,Discount Offer,0,2
13584,2025-02-10 19:55:00,Email,Brand Awareness,1,1
13584,2025-02-11 03:12:00,Display Ads,Retargeting,0,2
13584,2025-02-11 05:18:00,Email,Retargeting,1,3
13687,2025-02-10 01:34:00,Social Media,-,0,1
13687,2025-02-10 06:25:00,Social Media,New Product Launch,1,2
13687,2025-02-10 21:12:00,Direct Traffic,-,0,3
13737,2025-02-11 00:26:00,Direct Traffic,-,1,1
13737,2025-02-11 16:21:00,Search Ads,-,1,2
13737,2025-02-11 18:40:00,Display Ads,Winter Sale,0,3
13771,2025-02-10 03:20:00,Display Ads,Discount Offer,0,1
13771,2025-02-10 16:13:00,Social Media,Brand Awareness,1,2
13771,2025-02-11 12:42:00,Direct Traffic,-,0,3
13771,2025-02-11 19:41:00,Email,Retargeting,0,4
13771,2025-02-11 21:24:00,Direct Traffic,-,1,5
13775,2025-02-10 08:58:00,Search Ads,Retargeting,1,1
13775,2025-02-10 11:41:00,Direct Traffic,-,1,2
13775,2025-02-10 23:29:00,Search Ads,Brand Awareness,0,3
13775,2025-02-11 21:48:00,Direct Traffic,-,1,4
13806,2025-02-10 00:05:00,Search Ads,-,0,1
13806,2025-02-10 11:58:00,Referral,Discount Offer,1,2
13806,2025-02-10 17:05:00,Search Ads,New Product Launch,1,3
13864,2025-02-11 04:25:00,Direct Traffic,-,0,1
13872,2025-02-10 00:11:00,Search Ads,-,0,1
13872,2025-02-10 04:16:00,Referral,Discount Offer,0,2
13872,2025-02-10 06:34:00,Search Ads,Brand Awareness,0,3
13872,2025-02-10 11:32:00,Direct Traffic,-,0,4
13967,2025-02-10 01:35:00,Social Media,Winter Sale,0,1
13967,2025-02-10 09:42:00,Social Media,Winter Sale,0,2
13967,2025-02-11 00:09:00,Display Ads,Discount Offer,1,3
13967,2025-02-11 03:51:00,Email,Winter Sale,1,4
13967,2025-02-11 18:43:00,Social Media,Brand Awareness,1,5
13967,2025-02-11 22:55:00,Social Media,-,1,6
13980,2025-02-11 20:39:00,Search Ads,-,1,1
14036,2025-02-10 04:20:00,Direct Traffic,-,1,1
14036,2025-02-10 14:03:00,Referral,-,1,2
14049,2025-02-10 13:39:00,Search Ads,Brand Awareness,0,1
14049,2025-02-10 21:34:00,Display Ads,-,0,2
14049,2025-02-10 21:54:00,Social Media,New Product Launch,1,3
14049,2025-02-11 12:57:00,Search Ads,New Product Launch,1,4
14080,2025-02-10 01:35:00,Direct Traffic,-,1,1
14080,2025-02-10 02:04:00,Direct Traffic,-,0,2
14080,2025-02-10 06:10:00,Search Ads,-,1,3
14080,2025-02-10 10:55:00,Direct Traffic,-,1,4
14080,2025-02-11 11:10:00,Search Ads,Winter Sale,0,5
14172,2025-02-10 12:36:00,Email,Winter Sale,0,1
14212,2025-02-10 07:43:00,Direct Traffic,-,0,1
14212,2025-02-10 14:51:00,Direct Traffic,-,0,2
14212,2025-02-10 23:00:00,Referral,Discount Offer,0,3
14212,2025-02-11 17:11:00,Direct Traffic,-,1,4
14377,2025-02-10 04:20:00,Search Ads,Discount Offer,1,1
14377,2025-02-11 14:21:00,Email,Retargeting,0,2
14386,2025-02-10 00:48:00,Referral,Discount Offer,1,1
14386,2025-02-10 11:10:00,Direct Traffic,-,0,2
14386,2025-02-11 03:48:00,Social Media,-,1,3
14386,2025-02-11 07:30:00,Direct Traffic,-,1,4
14396,2025-02-10 00:29:00,Social Media,Discount Offer,1,1
14396,2025-02-10 01:03:00,Social Media,Brand Awareness,1,2
14396,2025-02-10 08:57:00,Display Ads,Retargeting,1,3
14398,2025-02-10 04:31:00,Direct Traffic,-,0,1
14398,2025-02-10 04:58:00,Direct Traffic,-,1,2
14398,2025-02-10 09:15:00,Email,Discount Offer,0,3
14398,2025-02-10 12:08:00,Direct Traffic,-,0,4
14398,2025-02-11 08:21:00,Direct Traffic,-,1,5
14398,2025-02-11 14:02:00,Referral,New Product Launch,1,6
14398,2025-02-11 14:15:00,Social Media,Discount Offer,1,7
14398,2025-02-11 15:36:00,Referral,Discount Offer,1,8
14476,2025-02-11 00:36:00,Direct Traffic,-,0,1
14476,2025-02-11 19:41:00,Display Ads,Winter Sale,1,2
14668,2025-02-10 11:16:00,Search Ads,Discount Offer,1,1
14668,2025-02-11 08:04:00,Email,Discount Offer,1,2
14782,2025-02-10 03:30:00,Display Ads,Discount Offer,1,1
14782,2025-02-11 04:54:00,Direct Traffic,-,1,2
14782,2025-02-11 13:56:00,Social Media,Discount Offer,1,3
14798,2025-02-10 01:46:00,Display Ads,New Product Launch,1,1
14798,2025-02-10 08:48:00,Referral,Winter Sale,0,2
14798,2025-02-11 16:29:00,Direct Traffic,-,0,3
14798,2025-02-11 18:11:00,Email,-,1,4
14916,2025-02-10 23:53:00,Search Ads,New Product Launch,1,1
14916,2025-02-11 02:03:00,Direct Traffic,-,0,2
14916,2025-02-11 08:48:00,Direct Traffic,-,1,3
14916,2025-02-11 15:34:00,Search Ads,New Product Launch,1,4
14978,2025-02-10 10:20:00,Social Media,Winter Sale,1,1
14978,2025-02-10 12:26:00,Display Ads,Discount Offer,1,2
14978,2025-02-10 17:15:00,Search Ads,Winter Sale,0,3
14978,2025-02-10 22:42:00,Social Media,Brand Awareness,0,4
14978,2025-02-11 11:21:00,Search Ads,-,1,5
14987,2025-02-10 23:21:00,Display Ads,New Product Launch,1,1
15025,2025-02-10 00:51:00,Referral,Retargeting,1,1
15025,2025-02-10 04:07:00,Display Ads,Brand Awareness,0,2
15025,2025-02-11 11:17:00,Referral,Discount Offer,1,3
15052,2025-02-11 10:34:00,Direct Traffic,-,0,1
15052,2025-02-11 10:44:00,Direct Traffic,-,0,2
15052,2025-02-11 11:18:00,Email,Winter Sale,1,3
15052,2025-02-11 12:12:00,Social Media,Retargeting,1,4
15082,2025-02-10 11:06:00,Social Media,Retargeting,0,1
15082,2025-02-10 19:20:00,Display Ads,-,0,2
15082,2025-02-11 15:50:00,Referral,New Product Launch,1,3
15082,2025-02-11 21:57:00,Direct Traffic,-,0,4
15105,2025-02-10 21:35:00,Social Media,-,0,1
15105,2025-02-11 07:23:00,Referral,Retargeting,1,2
15145,2025-02-10 12:39:00,Display Ads,Brand Awareness,1,1
15145,2025-02-11 07:33:00,Referral,Discount Offer,0,2
15145,2025-02-11 16:53:00,Display Ads,-,1,3
15152,2025-02-10 05:16:00,Search Ads,Winter Sale,1,1
15152,2025-02-10 16:18:00,Display Ads,Brand Awareness,1,2
15152,2025-02-10 18:41:00,Direct Traffic,-,1,3
15152,2025-02-11 00:24:00,Referral,-,0,4
15152,2025-02-11 04:58:00,Display Ads,Winter Sale,1,5
15152,2025-02-11 19:53:00,Display Ads,New Product Launch,0,6
15176,2025-02-10 03:16:00,Direct Traffic,-,0,1
15176,2025-02-10 08:08:00,Display Ads,Discount Offer,1,2
15176,2025-02-11 06:40:00,Display Ads,Winter Sale,0,3
15176,2025-02-11 07:08:00,Referral,Brand Awareness,0,4
15176,2025-02-11 08:18:00,Referral,New Product Launch,0,5
15176,2025-02-11 09:39:00,Display Ads,Brand Awareness,1,6
15190,2025-02-10 02:48:00,Direct Traffic,-,1,1
15190,2025-02-10 16:17:00,Referral,Winter Sale,1,2
15190,2025-02-11 06:17:00,Email,Brand Awareness,1,3
15190,2025-02-11 09:43:00,Search Ads,Discount Offer,1,4
15208,2025-02-10 14:42:00,Search Ads,Winter Sale,1,1
15208,2025-02-11 05:10:00,Search Ads,Brand Awareness,1,2
15208,2025-02-11 10:22:00,Search Ads,New Product Launch,1,3
15233,2025-02-10 11:19:00,Search Ads,-,1,1
15233,2025-02-10 14:10:00,Display Ads,New Product Launch,1,2
15233,2025-02-10 14:21:00,Direct Traffic,-,0,3
15233,2025-02-11 18:35:00,Display Ads,New Product Launch,0,4
15239,2025-02-10 18:45:00,Search Ads,Discount Offer,1,1
15239,2025-02-10 21:06:00,Email,Discount Offer,1,2
15239,2025-02-11 01:20:00,Social Media,Winter Sale,0,3
15241,2025-02-11 10:21:00,Display Ads,-,0,1
15241,2025-02-11 11:35:00,Direct Traffic,-,0,2
15241,2025-02-11 19:56:00,Social Media,Retargeting,0,3
15259,2025-02-10 03:28:00,Referral,-,1,1
15259,2025-02-10 16:01:00,Direct Traffic,-,0,2
15259,2025-02-11 18:04:00,Search Ads,New Product Launch,0,3
15277,2025-02-10 03:27:00,Search Ads,Retargeting,0,1
15277,2025-02-11 16:45:00,Email,New Product Launch,0,2
15277,2025-02-11 23:52:00,Social Media,Winter Sale,1,3
15351,2025-02-10 11:06:00,Display Ads,Winter Sale,1,1
15351,2025-02-10 13:28:00,Referral,-,1,2
15351,2025-02-10 20:45:00,Email,Brand Awareness,0,3
15351,2025-02-11 01:35:00,Social Media,Discount Offer,0,4
15351,2025-02-11 16:52:00,Search Ads,Retargeting,0,5
15351,2025-02-11 19:12:00,Referral,Winter Sale,0,6
15390,2025-02-10 15:26:00,Direct Traffic,-,0,1
15390,2025-02-10 22:50:00,Direct Traffic,-,0,2
15390,2025-02-11 03:13:00,Search Ads,Winter Sale,0,3
15390,2025-02-11 23:17:00,Referral,Retargeting,0,4
15395,2025-02-10 10:03:00,Direct Traffic,-,1,1
15395,2025-02-10 22:22:00,Social Media,Retargeting,1,2
15395,2025-02-11 07:00:00,Referral,Brand Awareness,1,3
15418,2025-02-10 17:16:00,Direct Traffic,-,0,1
15418,2025-02-11 02:57:00,Email,New Product Launch,0,2
15418,2025-02-11 13:25:00,Direct Traffic,-,0,3
15418,2025-02-11 16:42:00,Direct Traffic,-,1,4
15491,2025-02-10 16:33:00,Social Media,Retargeting,0,1
15491,2025-02-10 22:36:00,Referral,Brand Awareness,1,2
15535,2025-02-10 14:35:00,Social Media,Retargeting,1,1
15535,2025-02-10 22:24:00,Referral,Retargeting,1,2
15535,2025-02-11 12:05:00,Display Ads,New Product Launch,0,3
15535,2025-02-11 21:26:00,Email,Discount Offer,1,4
15555,2025-02-10 20:03:00,Display Ads,New Product Launch,0,1
15555,2025-02-11 05:39:00,Social Media,New Product Launch,1,2
15578,2025-02-11 01:08:00,Search Ads,Brand Awareness,0,1
15578,2025-02-11 08:49:00,Search Ads,New Product Launch,0,2
15578,2025-02-11 19:58:00,Direct Traffic,-,0,3
15582,2025-02-10 01:00:00,Email,New Product Launch,1,1
15582,2025-02-10 01:35:00,Email,Winter Sale,1,2
15582,2025-02-11 14:06:00,Search Ads,Brand Awareness,0,3
15582,2025-02-11 19:57:00,Referral,Discount Offer,0,4
15582,2025-02-11 22:55:00,Direct Traffic,-,0,5
15596,2025-02-10 13:11:00,Email,-,1,1
15596,2025-02-10 14:17:00,Social Media,Discount Offer,0,2
15596,2025-02-11 01:47:00,Display Ads,Brand Awareness,1,3
15596,2025-02-11 17:47:00,Email,Brand Awareness,1,4
15596,2025-02-11 22:29:00,Direct Traffic,-,0,5
15596,2025-02-11 22:38:00,Social Media,Winter Sale,0,6
15632,2025-02-11 17:46:00,Email,New Product Launch,0,1
15640,2025-02-10 14:20:00,Display Ads,Brand Awareness,0,1
15640,2025-02-11 02:22:00,Referral,Winter Sale,1,2
15640,2025-02-11 15:05:00,Email,Winter Sale,1,3
15891,2025-02-10 06:52:00,Referral,-,1,1
15891,2025-02-11 07:33:00,Search Ads,Winter Sale,0,2
15891,2025-02-11 23:45:00,Direct Traffic,-,0,3
15921,2025-02-10 03:47:00,Social Media,Retargeting,0,1
15921,2025-02-10 05:11:00,Search Ads,Winter Sale,0,2
15921,2025-02-11 23:39:00,Display Ads,-,1,3
15921,2025-02-11 23:45:00,Search Ads,New Product Launch,1,4
15924,2025-02-10 01:04:00,Search Ads,Winter Sale,1,1
15924,2025-02-11 00:30:00,Social Media,-,1,2
15924,2025-02-11 00:57:00,Social Media,Winter Sale,1,3
15924,2025-02-11 02:31:00,Referral,New Product Launch,0,4
15924,2025-02-11 13:55:00,Search Ads,Brand Awareness,0,5
15924,2025-02-11 20:32:00,Social Media,Discount Offer,0,6
15937,2025-02-11 23:50:00,Display Ads,Winter Sale,1,1
15978,2025-02-10 01:45:00,Referral,Brand Awareness,0,1
15978,2025-02-10 12:56:00,Search Ads,New Product Launch,0,2
15978,2025-02-11 00:05:00,Email,Winter Sale,1,3
15978,2025-02-11 12:25:00,Social Media,Brand Awareness,1,4
15978,2025-02-11 21:35:00,Display Ads,Brand Awareness,0,5
16004,2025-02-10 08:09:00,Display Ads,New Product Launch,0,1
16004,2025-02-10 21:44:00,Social Media,New Product Launch,0,2
16004,2025-02-11 03:20:00,Display Ads,Brand Awareness,1,3
16004,2025-02-11 09:17:00,Email,Discount Offer,1,4
16008,2025-02-10 12:35:00,Display Ads,Retargeting,0,1
16008,2025-02-11 08:34:00,Referral,-,1,2
16008,2025-02-11 12:02:00,Display Ads,Retargeting,0,3
16008,2025-02-11 14:00:00,Email,-,0,4
16062,2025-02-10 13:28:00,Email,Retargeting,0,1
16062,2025-02-11 01:59:00,Email,Brand Awareness,0,2
16062,2025-02-11 11:06:00,Search Ads,New Product Launch,0,3
16075,2025-02-10 13:13:00,Social Media,New Product Launch,1,1
16075,2025-02-11 01:17:00,Direct Traffic,-,0,2
16075,2025-02-11 02:07:00,Search Ads,-,0,3
16083,2025-02-10 06:36:00,Email,-,1,1
16083,2025-02-10 10:06:00,Display Ads,-,0,2
16083,2025-02-10 14:50:00,Email,Discount Offer,0,3
16083,2025-02-11 16:32:00,Email,Brand Awareness,1,4
16248,2025-02-10 16:30:00,Direct Traffic,-,1,1
16248,2025-02-11 11:07:00,Direct Traffic,-,1,2
16255,2025-02-10 20:18:00,Direct Traffic,-,1,1
16255,2025-02-10 23:02:00,Social Media,Retargeting,0,2
16255,2025-02-11 19:53:00,Email,-,0,3
16270,2025-02-11 08:47:00,Search Ads,Retargeting,1,1
16270,2025-02-11 18:59:00,Email,Brand Awareness,0,2
16302,2025-02-10 11:30:00,Search Ads,-,0,1
16302,2025-02-11 15:26:00,Search Ads,Discount Offer,1,2
16304,2025-02-11 04:13:00,Display Ads,Discount Offer,0,1
16304,2025-02-11 15:53:00,Referral,Discount Offer,1,2
16311,2025-02-10 06:22:00,Email,Winter Sale,0,1
16311,2025-02-11 22:17:00,Social Media,-,1,2
16337,2025-02-10 15:32:00,Referral,New Product Launch,0,1
16337,2025-02-10 17:31:00,Direct Traffic,-,1,2
16337,2025-02-11 02:47:00,Display Ads,New Product Launch,0,3
16348,2025-02-10 01:27:00,Referral,Retargeting,1,1
16348,2025-02-10 03:29:00,Direct Traffic,-,1,2
16348,2025-02-11 09:01:00,Email,Retargeting,0,3
16348,2025-02-11 17:43:00,Direct Traffic,-,1,4
16386,2025-02-11 09:21:00,Display Ads,Retargeting,1,1
16416,2025-02-11 19:24:00,Search Ads,Discount Offer,0,1
16536,2025-02-10 07:19:00,Search Ads,-,1,1
16536,2025-02-10 18:31:00,Display Ads,Discount Offer,0,2
16536,2025-02-10 22:54:00,Social Media,Retargeting,1,3
16536,2025-02-11 02:56:00,Search Ads,New Product Launch,0,4
16561,2025-02-10 04:29:00,Social Media,Discount Offer,0,1
16561,2025-02-10 06:16:00,Search Ads,New Product Launch,0,2
16561,2025-02-11 04:55:00,Email,Brand Awareness,0,3
16566,2025-02-11 21:16:00,Direct Traffic,-,1,1
16621,2025-02-10 19:04:00,Display Ads,Retargeting,0,1
16621,2025-02-11 19:38:00,Search Ads,-,1,2
16659,2025-02-11 17:18:00,Social Media,-,0,1
16713,2025-02-10 02:46:00,Email,New Product Launch,1,1
16713,2025-02-10 06:38:00,Social Media,Discount Offer,0,2
16713,2025-02-11 18:48:00,Direct Traffic,-,1,3
16713,2025-02-11 23:16:00,Email,New Product Launch,0,4
16756,2025-02-10 11:48:00,Display Ads,Retargeting,1,1
16756,2025-02-10 23:55:00,Direct Traffic,-,0,2
16756,2025-02-11 01:31:00,Direct Traffic,-,1,3
16756,2025-02-11 16:13:00,Search Ads,Brand Awareness,1,4
16758,2025-02-10 01:13:00,Display Ads,New Product Launch,0,1
16758,2025-02-10 07:41:00,Display Ads,Discount Offer,0,2
16758,2025-02-10 21:01:00,Direct Traffic,-,0,3
16785,2025-02-11 03:19:00,Direct Traffic,-,1,1
16785,2025-02-11 05:51:00,Display Ads,-,0,2
16785,2025-02-11 07:19:00,Email,Winter Sale,0,3
16814,2025-02-10 03:37:00,Email,Winter Sale,1,1
16814,2025-02-10 11:09:00,Social Media,-,1,2
16814,2025-02-10 19:15:00,Display Ads,Brand Awareness,0,3
16834,2025-02-10 16:43:00,Referral,Retargeting,0,1
16834,2025-02-11 23:53:00,Referral,Winter Sale,1,2
16863,2025-02-10 09:38:00,Search Ads,Retargeting,0,1
16893,2025-02-10 16:14:00,Direct Traffic,-,1,1
16893,2025-02-10 18:57:00,Referral,Discount Offer,1,2
16893,2025-02-10 23:03:00,Search Ads,Retargeting,0,3
16893,2025-02-11 10:14:00,Referral,Brand Awareness,1,4
16893,2025-02-11 22:33:00,Social Media,Discount Offer,1,5
16916,2025-02-10 07:18:00,Social Media,Retargeting,1,1
16916,2025-02-10 11:55:00,Social Media,Brand Awareness,0,2
16916,2025-02-10 23:33:00,Social Media,-,1,3
16916,2025-02-11 06:31:00,Direct Traffic,-,0,4
16916,2025-02-11 22:02:00,Direct Traffic,-,0,5
16955,2025-02-11 13:50:00,Referral,Brand Awareness,1,1
16979,2025-02-10 22:09:00,Email,Brand Awareness,0,1
16979,2025-02-11 09:24:00,Social Media,Retargeting,0,2
16979,2025-02-11 23:14:00,Direct Traffic,-,0,3
17012,2025-02-10 01:53:00,Direct Traffic,-,1,1
17012,2025-02-10 07:02:00,Social Media,Discount Offer,0,2
17012,2025-02-11 00:02:00,Display Ads,New Product Launch,1,3
17012,2025-02-11 13:34:00,Referral,New Product Launch,1,4
17012,2025-02-11 23:25:00,Search Ads,Winter Sale,0,5
17074,2025-02-10 05:48:00,Display Ads,Retargeting,0,1
17074,2025-02-11 08:55:00,Referral,Winter Sale,1,2
17074,2025-02-11 17:15:00,Display Ads,Winter Sale,0,3
17074,2025-02-11 20:29:00,Search Ads,New Product Launch,1,4
17126,2025-02-10 15:09:00,Display Ads,New Product Launch,1,1
17126,2025-02-11 13:17:00,Display Ads,Discount Offer,0,2
17133,2025-02-10 04:48:00,Social Media,Retargeting,0,1
17133,2025-02-10 05:46:00,Display Ads,Winter Sale,0,2
17133,2025-02-10 11:47:00,Display Ads,-,0,3
17133,2025-02-10 12:20:00,Social Media,Winter Sale,0,4
17133,2025-02-10 21:14:00,Email,Winter Sale,1,5
17133,2025-02-11 03:13:00,Referral,Discount Offer,1,6
17168,2025-02-10 06:51:00,Display Ads,Brand Awareness,0,1
17168,2025-02-11 00:46:00,Display Ads,Discount Offer,1,2
17168,2025-02-11 01:00:00,Email,Retargeting,1,3
17168,2025-02-11 08:25:00,Display Ads,Retargeting,0,4
17168,2025-02-11 13:43:00,Social Media,Winter Sale,1,5
17272,2025-02-10 20:34:00,Direct Traffic,-,1,1
17272,2025-02-11 10:05:00,Email,Retargeting,1,2
17272,2025-02-11 19:12:00,Search Ads,Winter Sale,0,3
17278,2025-02-10 22:05:00,Referral,-,1,1
17278,2025-02-11 10:39:00,Direct Traffic,-,1,2
17287,2025-02-10 00:00:00,Display Ads,Brand Awareness,0,1
17287,2025-02-10 03:26:00,Social Media,Retargeting,1,2
17287,2025-02-11 01:22:00,Display Ads,New Product Launch,0,3
17287,2025-02-11 10:45:00,Referral,Retargeting,0,4
17287,2025-02-11 11:36:00,Social Media,Winter Sale,0,5
17287,2025-02-11 17:50:00,Referral,-,0,6
17302,2025-02-11 23:04:00,Search Ads,Brand Awareness,1,1
17329,2025-02-10 23:06:00,Direct Traffic,-,0,1
17329,2025-02-11 00:36:00,Referral,Winter Sale,1,2
17329,2025-02-11 16:42:00,Display Ads,Discount Offer,1,3
17329,2025-02-11 20:56:00,Social Media,Brand Awareness,1,4
17396,2025-02-10 14:35:00,Search Ads,Brand Awareness,0,1
17396,2025-02-11 05:25:00,Referral,Brand Awareness,0,2
17396,2025-02-11 09:46:00,Direct Traffic,-,1,3
17415,2025-02-11 10:18:00,Referral,Retargeting,1,1
17478,2025-02-10 01:55:00,Referral,-,1,1
17478,2025-02-10 03:31:00,Referral,Retargeting,1,2
17478,2025-02-10 11:34:00,Email,Winter Sale,1,3
17478,2025-02-10 11:58:00,Referral,Brand Awareness,0,4
17478,2025-02-10 20:35:00,Search Ads,Retargeting,1,5
17478,2025-02-11 02:44:00,Display Ads,-,1,6
17478,2025-02-11 13:20:00,Display Ads,-,1,7
17497,2025-02-10 06:13:00,Display Ads,Retargeting,1,1
17497,2025-02-10 19:34:00,Social Media,Winter Sale,0,2
17566,2025-02-10 07:41:00,Social Media,-,1,1
17566,2025-02-10 14:25:00,Referral,Brand Awareness,1,2
17566,2025-02-10 14:33:00,Search Ads,Brand Awareness,0,3
17566,2025-02-10 17:09:00,Email,Retargeting,0,4
17566,2025-02-11 15:41:00,Email,-,1,5
17598,2025-02-10 07:12:00,Search Ads,Brand Awareness,0,1
17598,2025-02-10 10:00:00,Search Ads,Winter Sale,0,2
17598,2025-02-10 19:41:00,Email,Winter Sale,1,3
17598,2025-02-10 20:45:00,Display Ads,-,0,4
17598,2025-02-11 04:49:00,Display Ads,New Product Launch,0,5
17611,2025-02-10 01:38:00,Referral,Brand Awareness,0,1
17611,2025-02-10 02:57:00,Email,Retargeting,1,2
17611,2025-02-10 15:01:00,Social Media,New Product Launch,1,3
17611,2025-02-10 20:13:00,Email,Retargeting,0,4
17611,2025-02-10 21:45:00,Direct Traffic,-,1,5
17611,2025-02-11 10:26:00,Email,-,0,6
17611,2025-02-11 16:08:00,Social Media,New Product Launch,0,7
17611,2025-02-11 19:52:00,Search Ads,Brand Awareness,1,8
17611,2025-02-11 21:18:00,Direct Traffic,-,0,9
17614,2025-02-10 02:31:00,Direct Traffic,-,1,1
17614,2025-02-10 19:07:00,Search Ads,Retargeting,0,2
17614,2025-02-10 23:42:00,Search Ads,Brand Awareness,1,3
17614,2025-02-11 00:09:00,Direct Traffic,-,1,4
17614,2025-02-11 17:32:00,Social Media,Retargeting,0,5
17614,2025-02-11 23:22:00,Direct Traffic,-,0,6
17619,2025-02-10 05:12:00,Search Ads,New Product Launch,0,1
17619,2025-02-10 20:48:00,Direct Traffic,-,1,2
17619,2025-02-11 19:06:00,Search Ads,New Product Launch,0,3
17634,2025-02-10 08:50:00,Display Ads,Discount Offer,0,1
17634,2025-02-10 10:39:00,Referral,Retargeting,0,2
17634,2025-02-10 15:39:00,Direct Traffic,-,0,3
17634,2025-02-11 04:58:00,Direct Traffic,-,0,4
17634,2025-02-11 13:37:00,Social Media,New Product Launch,1,5
17634,2025-02-11 17:45:00,Direct Traffic,-,0,6
17647,2025-02-11 12:41:00,Email,Brand Awareness,0,1
17656,2025-02-10 00:41:00,Social Media,-,0,1
17656,2025-02-10 17:35:00,Referral,Discount Offer,0,2
17656,2025-02-10 20:21:00,Social Media,Retargeting,1,3
17656,2025-02-11 12:54:00,Social Media,-,0,4
17702,2025-02-10 06:28:00,Direct Traffic,-,0,1
17702,2025-02-10 07:48:00,Display Ads,Discount Offer,1,2
17702,2025-02-10 14:18:00,Display Ads,Winter Sale,0,3
17702,2025-02-10 14:58:00,Email,Discount Offer,0,4
17702,2025-02-11 03:10:00,Email,New Product Launch,1,5
17702,2025-02-11 04:49:00,Referral,Retargeting,0,6
17702,2025-02-11 09:15:00,Social Media,New Product Launch,0,7
17702,2025-02-11 13:50:00,Social Media,Retargeting,1,8
17702,2025-02-11 17:10:00,Email,Discount Offer,1,9
17708,2025-02-10 14:13:00,Direct Traffic,-,0,1
17714,2025-02-10 19:42:00,Display Ads,-,1,1
17714,2025-02-11 05:04:00,Social Media,New Product Launch,1,2
17714,2025-02-11 08:55:00,Email,New Product Launch,1,3
17714,2025-02-11 22:07:00,Social Media,-,0,4
17715,2025-02-10 18:10:00,Search Ads,Winter Sale,1,1
17715,2025-02-11 02:58:00,Social Media,Winter Sale,1,2
17715,2025-02-11 16:16:00,Email,-,0,3
17715,2025-02-11 20:03:00,Referral,-,1,4
17726,2025-02-10 04:50:00,Direct Traffic,-,1,1
17726,2025-02-10 15:46:00,Social Media,Retargeting,1,2
17726,2025-02-11 00:42:00,Email,Winter Sale,0,3
17726,2025-02-11 16:58:00,Search Ads,Winter Sale,0,4
17727,2025-02-10 00:45:00,Display Ads,Retargeting,0,1
17727,2025-02-10 12:32:00,Display Ads,Winter Sale,0,2
17727,2025-02-11 08:48:00,Direct Traffic,-,1,3
17727,2025-02-11 18:47:00,Social Media,-,1,4
17737,2025-02-10 01:44:00,Display Ads,Retargeting,1,1
17756,2025-02-10 21:35:00,Email,Brand Awareness,0,1
17761,2025-02-10 00:06:00,Direct Traffic,-,1,1
17761,2025-02-10 11:58:00,Referral,-,0,2
17761,2025-02-10 20:09:00,Referral,Retargeting,1,3
17761,2025-02-10 22:34:00,Referral,New Product Launch,0,4
17761,2025-02-11 00:03:00,Referral,-,1,5
17761,2025-02-11 02:47:00,Social Media,Brand Awareness,1,6
17761,2025-02-11 16:47:00,Referral,-,1,7
17769,2025-02-11 15:09:00,Social Media,Discount Offer,1,1
17784,2025-02-10 09:53:00,Email,Discount Offer,1,1
17784,2025-02-10 11:45:00,Search Ads,Retargeting,1,2
17784,2025-02-11 22:31:00,Email,Retargeting,0,3
17863,2025-02-10 08:21:00,Direct Traffic,-,0,1
17863,2025-02-11 03:28:00,Direct Traffic,-,0,2
17863,2025-02-11 10:49:00,Email,Winter Sale,1,3
17863,2025-02-11 22:29:00,Direct Traffic,-,0,4
17879,2025-02-10 13:10:00,Email,-,0,1
17879,2025-02-11 02:26:00,Email,Discount Offer,1,2
17879,2025-02-11 18:29:00,Search Ads,Retargeting,0,3
17879,2025-02-11 23:08:00,Referral,Retargeting,0,4
17981,2025-02-10 19:07:00,Search Ads,Brand Awareness,1,1
18152,2025-02-10 08:20:00,Search Ads,Discount Offer,1,1
18152,2025-02-11 15:52:00,Email,Brand Awareness,1,2
18280,2025-02-11 01:48:00,Display Ads,New Product Launch,1,1
18280,2025-02-11 18:37:00,Referral,Winter Sale,1,2
18298,2025-02-10 10:08:00,Email,-,0,1
18298,2025-02-10 23:36:00,Search Ads,Brand Awareness,1,2
18298,2025-02-11 01:56:00,Social Media,Discount Offer,1,3
18298,2025-02-11 07:14:00,Search Ads,Retargeting,1,4
18298,2025-02-11 14:07:00,Display Ads,-,1,5
18298,2025-02-11 20:24:00,Email,-,0,6
18301,2025-02-10 10:25:00,Search Ads,Brand Awareness,0,1
18301,2025-02-10 11:04:00,Display Ads,Discount Offer,0,2
18301,2025-02-10 14:51:00,Display Ads,Discount Offer,1,3
18301,2025-02-10 16:11:00,Search Ads,Discount Offer,1,4
18301,2025-02-11 14:22:00,Referral,Discount Offer,0,5
18348,2025-02-10 09:50:00,Display Ads,Winter Sale,1,1
18383,2025-02-10 08:53:00,Display Ads,Brand Awareness,1,1
18383,2025-02-11 10:44:00,Email,Brand Awareness,0,2
18383,2025-02-11 18:20:00,Referral,Brand Awareness,0,3
18383,2025-02-11 18:41:00,Search Ads,Brand Awareness,0,4
18441,2025-02-10 00:02:00,Display Ads,Brand Awareness,0,1
18441,2025-02-11 01:32:00,Referral,Winter Sale,0,2
18441,2025-02-11 02:13:00,Direct Traffic,-,0,3
18441,2025-02-11 22:25:00,Social Media,Retargeting,1,4
18443,2025-02-11 07:48:00,Search Ads,Winter Sale,0,1
18444,2025-02-11 13:01:00,Email,Discount Offer,1,1
18448,2025-02-10 06:03:00,Social Media,Winter Sale,0,1
18448,2025-02-11 19:07:00,Referral,New Product Launch,1,2
18490,2025-02-10 00:05:00,Search Ads,Retargeting,0,1
18492,2025-02-10 06:24:00,Social Media,New Product Launch,1,1
18492,2025-02-11 06:05:00,Referral,New Product Launch,0,2
18492,2025-02-11 16:30:00,Display Ads,Brand Awareness,0,3
18492,2025-02-11 22:06:00,Direct Traffic,-,1,4
18503,2025-02-10 14:30:00,Referral,Brand Awareness,1,1
18503,2025-02-10 16:33:00,Email,Brand Awareness,0,2
18503,2025-02-11 09:25:00,Direct Traffic,-,1,3
18565,2025-02-10 01:27:00,Direct Traffic,-,1,1
18565,2025-02-11 03:33:00,Referral,Retargeting,1,2
18572,2025-02-10 00:27:00,Email,Retargeting,1,1
18572,2025-02-10 17:15:00,Referral,Brand Awareness,0,2
18572,2025-02-11 12:59:00,Direct Traffic,-,0,3
18582,2025-02-10 09:05:00,Direct Traffic,-,0,1
18582,2025-02-11 00:27:00,Display Ads,Winter Sale,1,2
18582,2025-02-11 07:34:00,Direct Traffic,-,0,3
18582,2025-02-11 21:50:00,Referral,-,0,4
18587,2025-02-10 00:44:00,Social Media,-,0,1
18587,2025-02-10 12:43:00,Referral,-,0,2
18587,2025-02-11 07:41:00,Referral,New Product Launch,1,3
18587,2025-02-11 18:14:00,Display Ads,Brand Awareness,0,4
18589,2025-02-11 00:49:00,Referral,Retargeting,0,1
18589,2025-02-11 16:55:00,Social Media,-,1,2
18618,2025-02-10 10:30:00,Display Ads,Brand Awareness,1,1
18618,2025-02-11 14:19:00,Direct Traffic,-,0,2
18622,2025-02-10 05:26:00,Email,Winter Sale,0,1
18622,2025-02-11 07:56:00,Direct Traffic,-,0,2
18622,2025-02-11 20:21:00,Email,-,0,3
18699,2025-02-10 20:16:00,Direct Traffic,-,1,1
18699,2025-02-10 22:08:00,Email,-,1,2
18845,2025-02-11 21:29:00,Display Ads,New Product Launch,0,1
18845,2025-02-11 22:19:00,Social Media,-,1,2
18871,2025-02-10 20:46:00,Social Media,New Product Launch,1,1
18955,2025-02-10 18:26:00,Email,Discount Offer,1,1
18955,2025-02-11 15:56:00,Referral,Brand Awareness,0,2
18955,2025-02-11 16:27:00,Referral,Retargeting,0,3
18955,2025-02-11 21:07:00,Search Ads,Discount Offer,1,4
18955,2025-02-11 22:38:00,Email,-,0,5
18981,2025-02-11 04:06:00,Referral,Brand Awareness,0,1
18981,2025-02-11 14:30:00,Social Media,Brand Awareness,1,2
18995,2025-02-10 14:34:00,Direct Traffic,-,0,1
18995,2025-02-11 05:30:00,Search Ads,Discount Offer,0,2
19049,2025-02-10 08:46:00,Search Ads,Winter Sale,0,1
19049,2025-02-10 13:49:00,Search Ads,Winter Sale,0,2
19097,2025-02-10 09:51:00,Search Ads,Brand Awareness,1,1
19097,2025-02-10 10:03:00,Display Ads,Brand Awareness,0,2
19097,2025-02-11 02:50:00,Direct Traffic,-,1,3
19097,2025-02-11 03:26:00,Social Media,Discount Offer,1,4
19097,2025-02-11 11:08:00,Email,-,0,5
19180,2025-02-10 14:31:00,Referral,-,1,1
19180,2025-02-10 14:50:00,Social Media,Discount Offer,0,2
19180,2025-02-11 16:16:00,Email,Brand Awareness,1,3
19180,2025-02-11 21:45:00,Email,-,0,4
19180,2025-02-11 21:59:00,Search Ads,Winter Sale,0,5
19184,2025-02-10 00:36:00,Display Ads,New Product Launch,1,1
19184,2025-02-10 19:51:00,Direct Traffic,-,0,2
19184,2025-02-11 05:53:00,Social Media,Discount Offer,1,3
19184,2025-02-11 09:32:00,Display Ads,Retargeting,0,4
19184,2025-02-11 16:04:00,Direct Traffic,-,0,5
19262,2025-02-10 04:16:00,Social Media,Discount Offer,1,1
19262,2025-02-10 10:44:00,Referral,-,0,2
19262,2025-02-10 19:45:00,Display Ads,Brand Awareness,0,3
19328,2025-02-10 04:35:00,Direct Traffic,-,1,1
19328,2025-02-11 20:50:00,Search Ads,New Product Launch,1,2
19350,2025-02-10 09:39:00,Social Media,-,1,1
19350,2025-02-10 16:08:00,Display Ads,Brand Awareness,0,2
19350,2025-02-11 03:31:00,Email,Winter Sale,1,3
19364,2025-02-10 20:11:00,Display Ads,New Product Launch,1,1
19364,2025-02-11 06:31:00,Direct Traffic,-,0,2
19364,2025-02-11 06:52:00,Referral,Brand Awareness,1,3
19364,2025-02-11 13:14:00,Referral,Discount Offer,0,4
19372,2025-02-10 05:20:00,Email,New Product Launch,1,1
19372,2025-02-10 10:20:00,Social Media,Retargeting,0,2
19385,2025-02-10 09:34:00,Referral,New Product Launch,1,1
19385,2025-02-10 16:25:00,Social Media,Winter Sale,1,2
19385,2025-02-10 19:57:00,Direct Traffic,-,0,3
19385,2025-02-10 20:43:00,Direct Traffic,-,1,4
19385,2025-02-11 17:14:00,Display Ads,Retargeting,1,5
19388,2025-02-10 15:55:00,Search Ads,Brand Awareness,1,1
19388,2025-02-11 00:56:00,Referral,New Product Launch,1,2
19388,2025-02-11 09:20:00,Referral,New Product Launch,1,3
19388,2025-02-11 11:53:00,Social Media,New Product Launch,1,4
19400,2025-02-10 06:44:00,Email,Brand Awareness,1,1
19400,2025-02-10 17:32:00,Direct Traffic,-,1,2
19400,2025-02-10 19:08:00,Referral,Retargeting,1,3
19400,2025-02-10 19:59:00,Direct Traffic,-,1,4
19400,2025-02-11 12:27:00,Direct Traffic,-,0,5
19442,2025-02-11 03:28:00,Referral,Retargeting,0,1
19442,2025-02-11 21:48:00,Display Ads,Retargeting,0,2
19444,2025-02-10 00:00:00,Direct Traffic,-,0,1
19444,2025-02-10 16:54:00,Social Media,Discount Offer,1,2
19444,2025-02-11 02:20:00,Display Ads,Brand Awareness,0,3
19444,2025-02-11 12:04:00,Display Ads,Winter Sale,1,4
19454,2025-02-10 23:38:00,Social Media,Brand Awareness,0,1
19454,2025-02-11 01:44:00,Search Ads,Winter Sale,1,2
19454,2025-02-11 01:57:00,Direct Traffic,-,0,3
19454,2025-02-11 09:50:00,Social Media,Winter Sale,1,4
19454,2025-02-11 18:31:00,Social Media,Discount Offer,1,5
19507,2025-02-10 02:39:00,Search Ads,Winter Sale,1,1
19507,2025-02-10 10:35:00,Email,Winter Sale,1,2
19507,2025-02-10 18:58:00,Referral,New Product Launch,1,3
19507,2025-02-11 09:45:00,Referral,-,1,4
19517,2025-02-10 15:44:00,Search Ads,Winter Sale,0,1
19517,2025-02-10 21:19:00,Direct Traffic,-,0,2
19517,2025-02-11 01:16:00,Social Media,-,1,3
19644,2025-02-10 19:51:00,Referral,Retargeting,0,1
19644,2025-02-11 00:04:00,Social Media,New Product Launch,0,2
19644,2025-02-11 03:12:00,Search Ads,Brand Awareness,1,3
19644,2025-02-11 10:13:00,Email,Brand Awareness,1,4
19644,2025-02-11 12:11:00,Display Ads,New Product Launch,0,5
19651,2025-02-10 14:00:00,Direct Traffic,-,1,1
19651,2025-02-10 20:01:00,Display Ads,Discount Offer,1,2
19679,2025-02-10 03:55:00,Referral,-,1,1
19679,2025-02-10 13:44:00,Social Media,Winter Sale,1,2
19754,2025-02-10 01:49:00,Direct Traffic,-,0,1
19754,2025-02-10 03:42:00,Display Ads,New Product Launch,0,2
19754,2025-02-11 16:26:00,Email,Retargeting,0,3
19754,2025-02-11 23:27:00,Email,Retargeting,1,4
19759,2025-02-10 02:32:00,Direct Traffic,-,1,1
19759,2025-02-10 11:55:00,Email,Brand Awareness,1,2
19759,2025-02-10 21:50:00,Email,Brand Awareness,0,3
19759,2025-02-11 20:27:00,Display Ads,Brand Awareness,1,4
19792,2025-02-11 14:23:00,Direct Traffic,-,1,1
19792,2025-02-11 21:34:00,Display Ads,Retargeting,0,2
19792,2025-02-11 23:22:00,Referral,Brand Awareness,0,3
19800,2025-02-10 20:49:00,Social Media,Brand Awareness,0,1
19800,2025-02-11 09:46:00,Search Ads,-,1,2
19816,2025-02-10 14:46:00,Social Media,Winter Sale,0,1
19816,2025-02-11 02:23:00,Email,Brand Awareness,0,2
19816,2025-02-11 11:48:00,Referral,Winter Sale,0,3
19816,2025-02-11 13:49:00,Social Media,Winter Sale,0,4
19816,2025-02-11 23:51:00,Display Ads,Brand Awareness,0,5
19967,2025-02-10 01:28:00,Direct Traffic,-,0,1
19967,2025-02-10 03:19:00,Search Ads,Retargeting,1,2
19967,2025-02-11 05:49:00,Referral,New Product Launch,1,3
19967,2025-02-11 10:28:00,Search Ads,Brand Awareness,0,4
19967,2025-02-11 23:55:00,Direct Traffic,-,0,5
19971,2025-02-10 00:42:00,Referral,New Product Launch,1,1
19971,2025-02-10 19:37:00,Email,Brand Awareness,1,2
19971,2025-02-11 05:30:00,Direct Traffic,-,0,3
20021,2025-02-10 00:43:00,Display Ads,Discount Offer,0,1
20021,2025-02-11 12:21:00,Display Ads,Brand Awareness,0,2
20098,2025-02-11 08:44:00,Search Ads,Retargeting,0,1
20098,2025-02-11 16:35:00,Search Ads,Winter Sale,0,2
20111,2025-02-10 10:21:00,Referral,Winter Sale,0,1
20111,2025-02-10 11:55:00,Email,Discount Offer,0,2
20111,2025-02-10 15:35:00,Search Ads,Winter Sale,0,3
20111,2025-02-10 16:46:00,Direct Traffic,-,0,4
20111,2025-02-10 19:22:00,Direct Traffic,-,0,5
20111,2025-02-11 19:21:00,Display Ads,Discount Offer,1,6
20124,2025-02-10 08:37:00,Direct Traffic,-,0,1
20124,2025-02-10 13:47:00,Display Ads,-,0,2
20124,2025-02-11 03:51:00,Referral,New Product Launch,0,3
20300,2025-02-10 14:21:00,Referral,New Product Launch,0,1
20300,2025-02-10 23:30:00,Referral,Brand Awareness,1,2
20300,2025-02-11 06:02:00,Social Media,Retargeting,1,3
20300,2025-02-11 07:03:00,Direct Traffic,-,1,4
20306,2025-02-10 04:48:00,Direct Traffic,-,1,1
20306,2025-02-11 06:28:00,Social Media,New Product Launch,1,2
20306,2025-02-11 07:47:00,Social Media,Retargeting,0,3
20384,2025-02-10 21:20:00,Display Ads,Discount Offer,0,1
20400,2025-02-10 16:09:00,Search Ads,-,0,1
20400,2025-02-11 08:02:00,Display Ads,New Product Launch,1,2
20400,2025-02-11 21:10:00,Email,Discount Offer,0,3
20460,2025-02-11 11:30:00,Email,Winter Sale,0,1
20507,2025-02-10 10:12:00,Search Ads,Discount Offer,1,1
20507,2025-02-10 21:01:00,Social Media,Retargeting,1,2
20507,2025-02-11 12:49:00,Email,Discount Offer,1,3
20510,2025-02-10 02:23:00,Social Media,Retargeting,0,1
20510,2025-02-10 14:44:00,Display Ads,Winter Sale,0,2
20510,2025-02-11 03:15:00,Display Ads,Retargeting,1,3
20513,2025-02-10 02:39:00,Search Ads,-,0,1
20513,2025-02-10 05:37:00,Referral,Discount Offer,0,2
20513,2025-02-10 07:26:00,Display Ads,New Product Launch,0,3
20513,2025-02-11 07:12:00,Search Ads,-,1,4
20513,2025-02-11 23:14:00,Search Ads,Brand Awareness,1,5
20524,2025-02-10 02:14:00,Direct Traffic,-,0,1
20524,2025-02-10 07:29:00,Referral,Discount Offer,1,2
20524,2025-02-10 17:09:00,Referral,Brand Awareness,0,3
20524,2025-02-10 20:07:00,Display Ads,Winter Sale,1,4
20524,2025-02-10 20:51:00,Email,Brand Awareness,1,5
20524,2025-02-10 23:06:00,Direct Traffic,-,0,6
20524,2025-02-11 12:47:00,Display Ads,-,1,7
20594,2025-02-10 07:43:00,Direct Traffic,-,0,1
20594,2025-02-11 20:56:00,Social Media,-,1,2
20632,2025-02-11 02:40:00,Social Media,Brand Awareness,1,1
20632,2025-02-11 02:46:00,Direct Traffic,-,1,2
20685,2025-02-10 00:45:00,Direct Traffic,-,1,1
20685,2025-02-11 04:16:00,Display Ads,Brand Awareness,0,2
20743,2025-02-10 12:33:00,Referral,Brand Awareness,0,1
20743,2025-02-10 21:56:00,Direct Traffic,-,0,2
20743,2025-02-11 06:07:00,Direct Traffic,-,1,3
20743,2025-02-11 06:08:00,Search Ads,-,0,4
20743,2025-02-11 15:37:00,Display Ads,Winter Sale,1,5
20826,2025-02-11 10:22:00,Search Ads,Brand Awareness,1,1
20826,2025-02-11 15:26:00,Social Media,Brand Awareness,0,2
20853,2025-02-10 00:37:00,Search Ads,Discount Offer,1,1
20853,2025-02-10 02:55:00,Display Ads,Brand Awareness,0,2
20853,2025-02-10 05:50:00,Direct Traffic,-,0,3
20853,2025-02-10 12:25:00,Email,-,1,4
20853,2025-02-11 15:56:00,Referral,Winter Sale,1,5
20853,2025-02-11 20:32:00,Referral,New Product Launch,0,6
20853,2025-02-11 21:03:00,Search Ads,Brand Awareness,0,7
20895,2025-02-10 10:42:00,Email,Winter Sale,0,1
20895,2025-02-10 12:49:00,Email,Brand Awareness,1,2
20895,2025-02-10 16:48:00,Social Media,Brand Awareness,0,3
20895,2025-02-11 02:10:00,Display Ads,New Product Launch,1,4
20895,2025-02-11 12:09:00,Search Ads,Brand Awareness,0,5
20895,2025-02-11 16:57:00,Email,Winter Sale,1,6
20916,2025-02-10 12:22:00,Referral,Discount Offer,1,1
20916,2025-02-10 16:22:00,Social Media,Discount Offer,0,2
20916,2025-02-11 05:29:00,Direct Traffic,-,1,3
20916,2025-02-11 15:13:00,Referral,Winter Sale,1,4
20916,2025-02-11 18:26:00,Referral,Discount Offer,1,5
20916,2025-02-11 22:31:00,Direct Traffic,-,0,6
20985,2025-02-11 12:45:00,Direct Traffic,-,0,1
20985,2025-02-11 18:15:00,Display Ads,Discount Offer,1,2
20990,2025-02-10 04:24:00,Social Media,Retargeting,1,1
20990,2025-02-10 04:38:00,Referral,New Product Launch,0,2
20999,2025-02-10 23:32:00,Direct Traffic,-,1,1
20999,2025-02-11 04:20:00,Email,Brand Awareness,1,2
21001,2025-02-11 06:09:00,Display Ads,Winter Sale,0,1
21001,2025-02-11 16:07:00,Direct Traffic,-,0,2
21017,2025-02-10 10:19:00,Search Ads,Brand Awareness,1,1
21038,2025-02-10 03:41:00,Social Media,Retargeting,0,1
21038,2025-02-11 04:50:00,Display Ads,Brand Awareness,1,2
21038,2025-02-11 08:22:00,Referral,Discount Offer,0,3
21038,2025-02-11 21:40:00,Direct Traffic,-,1,4
21116,2025-02-10 01:22:00,Search Ads,Retargeting,0,1
21116,2025-02-11 06:40:00,Social Media,-,0,2
21177,2025-02-10 16:41:00,Direct Traffic,-,0,1
21177,2025-02-11 17:22:00,Email,New Product Launch,0,2
21177,2025-02-11 17:35:00,Email,Brand Awareness,0,3
21212,2025-02-10 06:07:00,Display Ads,-,0,1
21212,2025-02-10 19:53:00,Social Media,New Product Launch,0,2
21212,2025-02-11 20:14:00,Display Ads,Discount Offer,1,3
21255,2025-02-10 13:54:00,Social Media,New Product Launch,0,1
21255,2025-02-11 04:44:00,Search Ads,-,1,2
21255,2025-02-11 09:57:00,Email,New Product Launch,1,3
21255,2025-02-11 10:40:00,Direct Traffic,-,1,4
21255,2025-02-11 17:09:00,Display Ads,Discount Offer,1,5
21255,2025-02-11 17:29:00,Direct Traffic,-,1,6
21314,2025-02-10 23:04:00,Display Ads,Brand Awareness,1,1
21343,2025-02-10 03:16:00,Social Media,Brand Awareness,1,1
21343,2025-02-10 05:34:00,Search Ads,Retargeting,0,2
21343,2025-02-10 10:03:00,Email,-,0,3
21343,2025-02-10 13:55:00,Search Ads,Brand Awareness,0,4
21401,2025-02-11 12:10:00,Social Media,New Product Launch,0,1
21401,2025-02-11 21:18:00,Direct Traffic,-,0,2
21401,2025-02-11 23:19:00,Email,Winter Sale,0,3
21445,2025-02-10 07:58:00,Direct Traffic,-,1,1
21445,2025-02-11 03:30:00,Social Media,Retargeting,1,2
21445,2025-02-11 09:49:00,Social Media,-,1,3
21484,2025-02-10 01:55:00,Email,Discount Offer,0,1
21484,2025-02-10 16:40:00,Display Ads,Brand Awareness,0,2
21484,2025-02-10 20:57:00,Email,New Product Launch,0,3
21484,2025-02-11 12:37:00,Social Media,Winter Sale,0,4
21504,2025-02-10 08:11:00,Social Media,New Product Launch,1,1
21504,2025-02-10 09:13:00,Social Media,Discount Offer,1,2
21504,2025-02-10 13:05:00,Search Ads,Brand Awareness,1,3
21504,2025-02-11 08:49:00,Referral,Brand Awareness,0,4
21504,2025-02-11 22:51:00,Display Ads,Discount Offer,0,5
21504,2025-02-11 23:07:00,Social Media,New Product Launch,1,6
21531,2025-02-11 07:29:00,Social Media,Brand Awareness,0,1
21537,2025-02-10 18:17:00,Display Ads,Discount Offer,1,1
21537,2025-02-11 05:36:00,Direct Traffic,-,0,2
21537,2025-02-11 06:36:00,Direct Traffic,-,0,3
21537,2025-02-11 17:46:00,Social Media,Retargeting,0,4
21550,2025-02-10 17:05:00,Referral,-,1,1
21550,2025-02-11 15:07:00,Social Media,Discount Offer,0,2
21567,2025-02-10 00:53:00,Search Ads,Winter Sale,1,1
21584,2025-02-10 00:43:00,Direct Traffic,-,0,1
21584,2025-02-11 04:12:00,Direct Traffic,-,0,2
21595,2025-02-10 03:50:00,Referral,Retargeting,0,1
21595,2025-02-10 12:37:00,Display Ads,-,1,2
21595,2025-02-11 02:18:00,Social Media,New Product Launch,0,3
21595,2025-02-11 22:02:00,Email,Brand Awareness,1,4
21596,2025-02-10 20:50:00,Display Ads,Winter Sale,1,1
21596,2025-02-11 12:03:00,Email,-,1,2
21596,2025-02-11 18:04:00,Referral,New Product Launch,1,3
21628,2025-02-10 03:05:00,Search Ads,Discount Offer,0,1
21628,2025-02-10 20:22:00,Direct Traffic,-,0,2
21628,2025-02-11 02:31:00,Email,-,0,3
21628,2025-02-11 11:23:00,Referral,Winter Sale,0,4
21628,2025-02-11 23:57:00,Referral,Retargeting,0,5
21644,2025-02-11 02:31:00,Referral,New Product Launch,1,1
21644,2025-02-11 14:00:00,Display Ads,Brand Awareness,1,2
21667,2025-02-10 07:21:00,Search Ads,Brand Awareness,0,1
21667,2025-02-11 13:24:00,Referral,Retargeting,1,2
21667,2025-02-11 13:55:00,Email,Winter Sale,0,3
21668,2025-02-10 03:13:00,Display Ads,Brand Awareness,1,1
21668,2025-02-10 11:51:00,Social Media,Brand Awareness,1,2
21668,2025-02-10 18:39:00,Search Ads,-,0,3
21668,2025-02-11 15:54:00,Display Ads,-,1,4
21690,2025-02-10 06:01:00,Search Ads,Discount Offer,1,1
21690,2025-02-10 14:08:00,Display Ads,Discount Offer,1,2
21690,2025-02-10 20:25:00,Email,Brand Awareness,0,3
21690,2025-02-10 21:28:00,Referral,Discount Offer,0,4
21690,2025-02-11 03:07:00,Display Ads,Discount Offer,0,5
21690,2025-02-11 03:49:00,Display Ads,Discount Offer,0,6
21704,2025-02-11 05:15:00,Email,Discount Offer,1,1
21704,2025-02-11 05:15:00,Search Ads,Winter Sale,1,2
21704,2025-02-11 19:34:00,Social Media,Discount Offer,0,3
21712,2025-02-11 00:38:00,Search Ads,-,0,1
21712,2025-02-11 03:25:00,Search Ads,Retargeting,0,2
21712,2025-02-11 03:42:00,Direct Traffic,-,1,3
21712,2025-02-11 05:36:00,Social Media,New Product Launch,1,4
21712,2025-02-11 21:31:00,Social Media,-,1,5
21713,2025-02-11 22:02:00,Direct Traffic,-,0,1
21755,2025-02-11 02:13:00,Direct Traffic,-,0,1
21755,2025-02-11 10:18:00,Direct Traffic,-,0,2
21757,2025-02-10 15:31:00,Search Ads,New Product Launch,1,1
21757,2025-02-11 14:11:00,Search Ads,Retargeting,1,2
21757,2025-02-11 15:08:00,Display Ads,New Product Launch,1,3
21787,2025-02-10 08:40:00,Direct Traffic,-,1,1
21787,2025-02-10 17:43:00,Social Media,Winter Sale,1,2
21787,2025-02-11 01:23:00,Search Ads,-,0,3
21788,2025-02-10 06:02:00,Referral,Brand Awareness,0,1
21788,2025-02-10 11:06:00,Social Media,-,1,2
21788,2025-02-11 13:04:00,Email,Brand Awareness,1,3
21815,2025-02-10 13:55:00,Search Ads,Retargeting,1,1
21824,2025-02-10 04:46:00,Direct Traffic,-,0,1
21824,2025-02-10 16:35:00,Direct Traffic,-,1,2
21824,2025-02-11 00:21:00,Search Ads,Retargeting,0,3
21824,2025-02-11 01:37:00,Display Ads,Brand Awareness,1,4
21910,2025-02-10 00:21:00,Social Media,Retargeting,0,1
21910,2025-02-10 02:46:00,Social Media,Discount Offer,1,2
21910,2025-02-10 07:59:00,Social Media,Retargeting,0,3
21910,2025-02-11 00:07:00,Email,Discount Offer,1,4
21910,2025-02-11 17:02:00,Search Ads,Brand Awareness,1,5
21910,2025-02-11 21:08:00,Referral,-,1,6
21910,2025-02-11 22:14:00,Display Ads,-,1,7
21944,2025-02-10 10:32:00,Display Ads,Discount Offer,1,1
21995,2025-02-10 14:22:00,Email,Winter Sale,1,1
21995,2025-02-11 05:24:00,Direct Traffic,-,0,2
22011,2025-02-11 06:23:00,Direct Traffic,-,1,1
22011,2025-02-11 18:13:00,Display Ads,Discount Offer,0,2
22118,2025-02-10 01:09:00,Referral,Winter Sale,0,1
22118,2025-02-11 20:40:00,Search Ads,Retargeting,0,2
22127,2025-02-10 19:55:00,Direct Traffic,-,0,1
22192,2025-02-10 05:43:00,Social Media,New Product Launch,0,1
22192,2025-02-10 10:18:00,Display Ads,Retargeting,1,2
22270,2025-02-10 09:25:00,Search Ads,New Product Launch,0,1
22270,2025-02-10 12:45:00,Email,-,1,2
22270,2025-02-11 00:32:00,Direct Traffic,-,0,3
22270,2025-02-11 05:58:00,Display Ads,Retargeting,1,4
22270,2025-02-11 07:42:00,Email,Retargeting,0,5
22270,2025-02-11 23:16:00,Direct Traffic,-,1,6
22280,2025-02-11 13:07:00,Email,New Product Launch,1,1
22280,2025-02-11 13:50:00,Search Ads,Discount Offer,1,2
22343,2025-02-10 03:55:00,Search Ads,Brand Awareness,0,1
22343,2025-02-10 11:20:00,Social Media,New Product Launch,0,2
22343,2025-02-11 14:25:00,Social Media,Discount Offer,0,3
22358,2025-02-10 00:28:00,Referral,Winter Sale,0,1
22358,2025-02-10 01:55:00,Referral,-,0,2
22358,2025-02-10 02:24:00,Social Media,Brand Awareness,1,3
22358,2025-02-11 10:08:00,Display Ads,Brand Awareness,1,4
22358,2025-02-11 14:03:00,Email,-,1,5
22358,2025-02-11 19:59:00,Display Ads,New Product Launch,0,6
22385,2025-02-10 06:24:00,Email,Retargeting,1,1
22385,2025-02-10 09:26:00,Search Ads,Discount Offer,0,2
22385,2025-02-11 19:13:00,Referral,Discount Offer,0,3
22385,2025-02-11 21:20:00,Social Media,New Product Launch,0,4
22387,2025-02-10 17:51:00,Referral,New Product Launch,1,1
22387,2025-02-11 22:37:00,Email,Brand Awareness,0,2
22407,2025-02-10 12:09:00,Direct Traffic,-,0,1
22407,2025-02-10 15:12:00,Direct Traffic,-,0,2
22407,2025-02-10 16:19:00,Referral,-,1,3
22407,2025-02-11 13:20:00,Direct Traffic,-,0,4
22407,2025-02-11 21:01:00,Email,Retargeting,1,5
22475,2025-02-11 04:26:00,Email,-,0,1
22475,2025-02-11 20:10:00,Referral,Winter Sale,0,2
22516,2025-02-10 04:14:00,Search Ads,Brand Awareness,0,1
22516,2025-02-11 11:57:00,Social Media,Discount Offer,0,2
22516,2025-02-11 12:41:00,Direct Traffic,-,0,3
22553,2025-02-10 04:26:00,Email,Retargeting,0,1
22669,2025-02-10 23:22:00,Search Ads,Winter Sale,0,1
22669,2025-02-11 13:32:00,Search Ads,-,0,2
22673,2025-02-10 18:33:00,Email,-,1,1
22673,2025-02-11 20:41:00,Email,New Product Launch,1,2
22684,2025-02-10 03:02:00,Direct Traffic,-,1,1
22684,2025-02-10 16:21:00,Email,-,1,2
22684,2025-02-11 17:40:00,Direct Traffic,-,0,3
22723,2025-02-10 04:45:00,Direct Traffic,-,1,1
22723,2025-02-11 04:03:00,Display Ads,New Product Launch,1,2
22725,2025-02-10 03:50:00,Email,Discount Offer,0,1
22725,2025-02-11 09:06:00,Display Ads,Discount Offer,1,2
22725,2025-02-11 14:47:00,Search Ads,Retargeting,0,3
22741,2025-02-10 09:24:00,Email,-,0,1
22741,2025-02-10 13:15:00,Email,Discount Offer,0,2
22741,2025-02-11 01:14:00,Social Media,Winter Sale,0,3
22741,2025-02-11 06:30:00,Search Ads,Winter Sale,0,4
22741,2025-02-11 13:38:00,Direct Traffic,-,0,5
22743,2025-02-10 09:33:00,Search Ads,-,0,1
22743,2025-02-10 13:29:00,Email,Retargeting,1,2
22743,2025-02-10 14:06:00,Search Ads,Brand Awareness,0,3
22743,2025-02-11 08:09:00,Direct Traffic,-,0,4
22755,2025-02-10 09:50:00,Social Media,-,0,1
22755,2025-02-10 21:30:00,Display Ads,Discount Offer,1,2
22755,2025-02-11 09:27:00,Display Ads,-,0,3
22773,2025-02-10 10:23:00,Search Ads,Discount Offer,0,1
22773,2025-02-10 13:43:00,Social Media,Discount Offer,1,2
22773,2025-02-10 21:40:00,Email,Discount Offer,1,3
22773,2025-02-11 14:56:00,Email,Winter Sale,1,4
22773,2025-02-11 18:18:00,Email,Brand Awareness,0,5
22811,2025-02-10 11:01:00,Search Ads,Winter Sale,1,1
22811,2025-02-11 00:36:00,Referral,Discount Offer,1,2
22811,2025-02-11 21:21:00,Direct Traffic,-,1,3
22861,2025-02-10 12:58:00,Display Ads,New Product Launch,1,1
22861,2025-02-10 14:28:00,Email,Discount Offer,0,2
22861,2025-02-11 04:40:00,Display Ads,Discount Offer,1,3
22861,2025-02-11 05:35:00,Referral,Retargeting,1,4
22861,2025-02-11 08:24:00,Display Ads,Brand Awareness,1,5
22861,2025-02-11 10:28:00,Search Ads,Winter Sale,1,6
22863,2025-02-10 13:34:00,Search Ads,New Product Launch,1,1
22863,2025-02-11 00:23:00,Social Media,Brand Awareness,1,2
22863,2025-02-11 06:15:00,Social Media,-,1,3
22863,2025-02-11 19:43:00,Direct Traffic,-,1,4
22863,2025-02-11 19:51:00,Email,Brand Awareness,0,5
22917,2025-02-10 01:40:00,Social Media,Discount Offer,0,1
22917,2025-02-10 07:27:00,Email,Brand Awareness,0,2
22917,2025-02-10 12:07:00,Display Ads,Discount Offer,0,3
22917,2025-02-10 17:10:00,Social Media,-,1,4
22917,2025-02-11 09:23:00,Search Ads,Brand Awareness,1,5
22917,2025-02-11 14:00:00,Direct Traffic,-,1,6
22921,2025-02-10 04:31:00,Search Ads,-,1,1
22921,2025-02-10 12:45:00,Display Ads,Discount Offer,1,2
22921,2025-02-10 16:02:00,Email,-,1,3
22921,2025-02-11 00:48:00,Email,Retargeting,0,4
22923,2025-02-10 01:27:00,Search Ads,-,1,1
22923,2025-02-10 15:10:00,Email,Winter Sale,1,2
22923,2025-02-11 14:47:00,Email,Winter Sale,0,3
22923,2025-02-11 19:39:00,Social Media,Retargeting,1,4
22923,2025-02-11 23:02:00,Search Ads,Winter Sale,1,5
22931,2025-02-10 03:13:00,Direct Traffic,-,1,1
22931,2025-02-10 11:26:00,Display Ads,Winter Sale,0,2
22931,2025-02-11 00:39:00,Email,Winter Sale,0,3
22931,2025-02-11 13:47:00,Email,-,1,4
22943,2025-02-10 04:22:00,Search Ads,Retargeting,1,1
22943,2025-02-10 20:48:00,Referral,Winter Sale,0,2
22943,2025-02-11 02:48:00,Email,New Product Launch,1,3
22943,2025-02-11 06:35:00,Display Ads,New Product Launch,0,4
22943,2025-02-11 07:59:00,Search Ads,New Product Launch,1,5
22943,2025-02-11 10:22:00,Referral,Retargeting,0,6
22992,2025-02-10 15:04:00,Social Media,Retargeting,1,1
22992,2025-02-11 02:03:00,Social Media,-,1,2
23018,2025-02-10 20:30:00,Email,-,0,1
23018,2025-02-11 21:28:00,Direct Traffic,-,0,2
23018,2025-02-11 23:03:00,Search Ads,New Product Launch,1,3
23018,2025-02-11 23:41:00,Display Ads,Winter Sale,1,4
23031,2025-02-11 16:54:00,Display Ads,Discount Offer,1,1
23202,2025-02-10 04:40:00,Direct Traffic,-,0,1
23202,2025-02-10 23:38:00,Display Ads,-,0,2
23202,2025-02-11 02:21:00,Direct Traffic,-,1,3
23202,2025-02-11 09:14:00,Email,Retargeting,1,4
23202,2025-02-11 20:00:00,Direct Traffic,-,0,5
23206,2025-02-10 21:28:00,Search Ads,Brand Awareness,0,1
23206,2025-02-11 03:30:00,Referral,Retargeting,1,2
23206,2025-02-11 07:13:00,Email,-,0,3
23209,2025-02-10 03:53:00,Referral,Discount Offer,1,1
23209,2025-02-10 16:02:00,Social Media,-,1,2
23209,2025-02-10 20:26:00,Email,Winter Sale,1,3
23209,2025-02-11 00:10:00,Direct Traffic,-,0,4
23209,2025-02-11 07:03:00,Search Ads,Discount Offer,1,5
23216,2025-02-11 01:17:00,Direct Traffic,-,1,1
23216,2025-02-11 03:14:00,Referral,Retargeting,1,2
23216,2025-02-11 07:39:00,Display Ads,Discount Offer,0,3
23216,2025-02-11 23:28:00,Direct Traffic,-,0,4
23233,2025-02-10 08:37:00,Search Ads,Retargeting,0,1
23233,2025-02-10 12:05:00,Email,Discount Offer,1,2
23233,2025-02-10 13:48:00,Direct Traffic,-,1,3
23233,2025-02-10 18:50:00,Email,New Product Launch,0,4
23279,2025-02-10 10:01:00,Email,Winter Sale,0,1
23279,2025-02-10 19:23:00,Search Ads,Discount Offer,0,2
23279,2025-02-11 20:11:00,Email,Retargeting,1,3
23331,2025-02-10 04:45:00,Search Ads,Brand Awareness,0,1
23331,2025-02-10 23:37:00,Social Media,Winter Sale,1,2
23331,2025-02-11 11:40:00,Direct Traffic,-,1,3
23331,2025-02-11 16:18:00,Direct Traffic,-,0,4
23332,2025-02-10 04:03:00,Direct Traffic,-,0,1
23332,2025-02-10 10:30:00,Direct Traffic,-,0,2
23332,2025-02-11 03:00:00,Search Ads,Retargeting,0,3
23362,2025-02-10 05:59:00,Search Ads,-,0,1
23362,2025-02-10 22:40:00,Email,New Product Launch,0,2
23415,2025-02-10 02:47:00,Email,-,0,1
23415,2025-02-10 14:49:00,Referral,Winter Sale,1,2
23449,2025-02-10 13:52:00,Referral,-,0,1
23449,2025-02-11 02:21:00,Referral,Winter Sale,0,2
23449,2025-02-11 06:24:00,Display Ads,-,1,3
23449,2025-02-11 11:16:00,Search Ads,Brand Awareness,0,4
23449,2025-02-11 17:55:00,Display Ads,Winter Sale,0,5
23463,2025-02-10 02:38:00,Direct Traffic,-,1,1
23463,2025-02-10 05:43:00,Search Ads,Discount Offer,0,2
23463,2025-02-10 09:04:00,Referral,Brand Awareness,1,3
23463,2025-02-11 12:12:00,Referral,Retargeting,1,4
23482,2025-02-10 21:23:00,Email,Winter Sale,0,1
23482,2025-02-11 00:27:00,Referral,Retargeting,1,2
23482,2025-02-11 14:59:00,Direct Traffic,-,1,3
23486,2025-02-10 18:27:00,Search Ads,Brand Awareness,1,1
23486,2025-02-11 09:14:00,Search Ads,-,1,2
23486,2025-02-11 11:27:00,Social Media,-,1,3
23486,2025-02-11 17:05:00,Display Ads,Retargeting,1,4
23497,2025-02-10 10:54:00,Referral,Winter Sale,0,1
23497,2025-02-11 09:21:00,Direct Traffic,-,0,2
23497,2025-02-11 17:26:00,Direct Traffic,-,0,3
23567,2025-02-11 20:04:00,Direct Traffic,-,1,1
23567,2025-02-11 23:25:00,Display Ads,New Product Launch,0,2
23589,2025-02-11 06:20:00,Referral,Winter Sale,0,1
23589,2025-02-11 13:49:00,Search Ads,New Product Launch,1,2
23599,2025-02-11 05:59:00,Direct Traffic,-,0,1
23599,2025-02-11 15:55:00,Referral,Winter Sale,1,2
23621,2025-02-10 00:41:00,Referral,Winter Sale,1,1
23621,2025-02-10 01:24:00,Referral,-,0,2
23621,2025-02-10 01:58:00,Direct Traffic,-,1,3
23621,2025-02-11 17:08:00,Display Ads,Winter Sale,1,4
23621,2025-02-11 22:48:00,Display Ads,Brand Awareness,1,5
23671,2025-02-10 12:43:00,Referral,Discount Offer,0,1
23671,2025-02-10 17:19:00,Display Ads,Retargeting,0,2
23671,2025-02-11 02:55:00,Direct Traffic,-,1,3
23671,2025-02-11 22:23:00,Referral,Discount Offer,0,4
23733,2025-02-10 10:56:00,Search Ads,-,0,1
23733,2025-02-10 13:26:00,Email,-,0,2
23733,2025-02-11 07:41:00,Display Ads,-,0,3
23733,2025-02-11 20:36:00,Referral,Discount Offer,1,4
23747,2025-02-10 00:52:00,Social Media,Brand Awareness,1,1
23747,2025-02-11 00:24:00,Social Media,Discount Offer,1,2
23781,2025-02-10 07:44:00,Social Media,-,1,1
23781,2025-02-10 23:34:00,Social Media,Winter Sale,1,2
23781,2025-02-11 21:44:00,Referral,Retargeting,1,3
23799,2025-02-10 07:38:00,Referral,Winter Sale,0,1
23799,2025-02-10 15:37:00,Referral,New Product Launch,1,2
23799,2025-02-11 03:32:00,Direct Traffic,-,1,3
23799,2025-02-11 19:35:00,Referral,Brand Awareness,0,4
23839,2025-02-10 13:13:00,Social Media,Retargeting,0,1
23839,2025-02-11 18:06:00,Search Ads,Winter Sale,0,2
23863,2025-02-10 08:34:00,Email,Retargeting,0,1
23863,2025-02-10 19:10:00,Search Ads,Brand Awareness,1,2
23863,2025-02-11 06:47:00,Social Media,Retargeting,0,3
23927,2025-02-10 05:21:00,Referral,New Product Launch,1,1
23927,2025-02-10 15:40:00,Social Media,Retargeting,0,2
23927,2025-02-10 21:07:00,Direct Traffic,-,1,3
23927,2025-02-11 11:16:00,Direct Traffic,-,0,4
23927,2025-02-11 22:34:00,Display Ads,New Product Launch,0,5
23958,2025-02-10 02:36:00,Direct Traffic,-,0,1
23958,2025-02-10 07:46:00,Referral,Discount Offer,0,2
23958,2025-02-11 01:36:00,Direct Traffic,-,0,3
23958,2025-02-11 14:57:00,Referral,-,1,4
23958,2025-02-11 20:59:00,Direct Traffic,-,1,5
23968,2025-02-10 05:31:00,Display Ads,New Product Launch,1,1
23968,2025-02-11 04:09:00,Display Ads,Discount Offer,0,2
23968,2025-02-11 06:32:00,Search Ads,Discount Offer,0,3
24012,2025-02-10 23:13:00,Referral,Discount Offer,0,1
24012,2025-02-11 08:05:00,Referral,-,1,2
24012,2025-02-11 18:16:00,Search Ads,Retargeting,1,3
24014,2025-02-10 03:10:00,Search Ads,-,0,1
24014,2025-02-10 14:56:00,Direct Traffic,-,0,2
24014,2025-02-11 23:46:00,Email,Retargeting,1,3
24025,2025-02-10 07:32:00,Search Ads,Retargeting,1,1
24025,2025-02-10 21:49:00,Referral,Brand Awareness,1,2
24025,2025-02-11 07:05:00,Email,Discount Offer,0,3
24025,2025-02-11 07:52:00,Search Ads,Retargeting,1,4
24025,2025-02-11 23:36:00,Display Ads,Discount Offer,1,5
24114,2025-02-10 07:52:00,Social Media,Winter Sale,1,1
24114,2025-02-10 17:02:00,Email,Brand Awareness,1,2
24114,2025-02-10 20:55:00,Direct Traffic,-,0,3
24161,2025-02-10 00:25:00,Search Ads,Winter Sale,0,1
24161,2025-02-10 08:05:00,Direct Traffic,-,0,2
24161,2025-02-10 16:13:00,Email,Discount Offer,1,3
24161,2025-02-10 19:39:00,Referral,Discount Offer,0,4
24161,2025-02-11 10:13:00,Display Ads,New Product Launch,0,5
24212,2025-02-10 03:23:00,Display Ads,-,0,1
24212,2025-02-10 06:24:00,Social Media,-,1,2
24212,2025-02-10 09:43:00,Referral,Retargeting,1,3
24212,2025-02-11 08:58:00,Social Media,Winter Sale,0,4
24212,2025-02-11 19:16:00,Referral,-,1,5
24215,2025-02-10 04:40:00,Referral,Retargeting,0,1
24215,2025-02-10 20:31:00,Display Ads,-,1,2
24215,2025-02-10 20:56:00,Social Media,Discount Offer,1,3
24215,2025-02-11 21:01:00,Display Ads,-,0,4
24215,2025-02-11 22:05:00,Search Ads,Brand Awareness,0,5
24221,2025-02-10 13:07:00,Email,Discount Offer,0,1
24221,2025-02-10 18:23:00,Social Media,Winter Sale,1,2
24221,2025-02-11 12:22:00,Search Ads,Retargeting,0,3
24221,2025-02-11 19:52:00,Email,Winter Sale,1,4
24239,2025-02-11 19:44:00,Search Ads,Winter Sale,0,1
24251,2025-02-10 07:25:00,Display Ads,Brand Awareness,0,1
24251,2025-02-10 11:56:00,Referral,-,0,2
24251,2025-02-10 21:02:00,Direct Traffic,-,0,3
24251,2025-02-11 15:52:00,Email,New Product Launch,0,4
24251,2025-02-11 17:38:00,Direct Traffic,-,0,5
24251,2025-02-11 18:43:00,Referral,Retargeting,1,6
24256,2025-02-10 03:19:00,Social Media,Discount Offer,0,1
24256,2025-02-10 18:00:00,Search Ads,Winter Sale,0,2
24256,2025-02-10 20:35:00,Display Ads,Winter Sale,1,3
24256,2025-02-10 20:46:00,Social Media,Brand Awareness,0,4
24256,2025-02-11 04:35:00,Search Ads,Discount Offer,0,5
24256,2025-02-11 17:10:00,Referral,-,1,6
24256,2025-02-11 19:46:00,Email,Brand Awareness,1,7
24369,2025-02-11 16:44:00,Search Ads,Discount Offer,0,1
24413,2025-02-10 04:36:00,Display Ads,Brand Awareness,1,1
24413,2025-02-11 00:19:00,Search Ads,-,1,2
24433,2025-02-10 09:14:00,Display Ads,Winter Sale,0,1
24433,2025-02-11 12:45:00,Display Ads,New Product Launch,1,2
24452,2025-02-11 01:38:00,Referral,Winter Sale,0,1
24452,2025-02-11 02:33:00,Social Media,Winter Sale,0,2
24452,2025-02-11 08:38:00,Referral,New Product Launch,1,3
24508,2025-02-11 05:11:00,Referral,Brand Awareness,1,1
24508,2025-02-11 06:03:00,Email,-,0,2
24526,2025-02-10 01:13:00,Display Ads,Discount Offer,0,1
24526,2025-02-10 15:44:00,Social Media,Brand Awareness,1,2
24568,2025-02-10 18:00:00,Email,Retargeting,1,1
24568,2025-02-10 18:24:00,Social Media,Winter Sale,0,2
24568,2025-02-11 05:13:00,Display Ads,-,0,3
24576,2025-02-10 06:45:00,Direct Traffic,-,1,1
24576,2025-02-10 10:59:00,Social Media,Brand Awareness,0,2
24576,2025-02-11 20:50:00,Search Ads,Winter Sale,0,3
24581,2025-02-10 19:57:00,Display Ads,New Product Launch,1,1
24581,2025-02-11 08:02:00,Social Media,Brand Awareness,0,2
24594,2025-02-10 06:44:00,Email,Retargeting,0,1
24594,2025-02-10 12:23:00,Direct Traffic,-,0,2
24594,2025-02-10 13:32:00,Direct Traffic,-,1,3
24594,2025-02-10 22:15:00,Display Ads,Retargeting,0,4
24620,2025-02-10 13:08:00,Search Ads,Winter Sale,1,1
24620,2025-02-10 16:52:00,Direct Traffic,-,1,2
24634,2025-02-10 13:14:00,Display Ads,-,1,1
24634,2025-02-10 19:11:00,Referral,New Product Launch,0,2
24634,2025-02-11 10:13:00,Referral,New Product Launch,0,3
24734,2025-02-10 02:07:00,Display Ads,New Product Launch,1,1
24734,2025-02-11 11:49:00,Search Ads,Retargeting,0,2
24734,2025-02-11 14:09:00,Direct Traffic,-,1,3
24741,2025-02-10 03:48:00,Search Ads,New Product Launch,1,1
24741,2025-02-10 04:24:00,Social Media,Discount Offer,1,2
24741,2025-02-10 15:29:00,Referral,Winter Sale,1,3
24741,2025-02-11 09:46:00,Referral,Winter Sale,1,4
24761,2025-02-10 20:59:00,Referral,New Product Launch,1,1
24761,2025-02-11 00:17:00,Search Ads,Retargeting,1,2
24765,2025-02-10 18:12:00,Direct Traffic,-,0,1
24765,2025-02-10 23:17:00,Display Ads,New Product Launch,1,2
24765,2025-02-11 01:14:00,Search Ads,New Product Launch,0,3
24771,2025-02-10 17:12:00,Display Ads,New Product Launch,1,1
24771,2025-02-10 18:56:00,Email,Discount Offer,1,2
24771,2025-02-11 09:42:00,Search Ads,New Product Launch,1,3
24771,2025-02-11 10:16:00,Search Ads,New Product Launch,0,4
24771,2025-02-11 17:29:00,Social Media,Discount Offer,1,5
24810,2025-02-10 07:27:00,Display Ads,New Product Launch,1,1
24810,2025-02-10 09:58:00,Social Media,Winter Sale,1,2
24810,2025-02-10 12:24:00,Referral,-,0,3
24810,2025-02-10 22:36:00,Social Media,New Product Launch,0,4
24810,2025-02-11 10:31:00,Direct Traffic,-,1,5
24833,2025-02-11 02:47:00,Referral,Discount Offer,1,1
24845,2025-02-10 00:04:00,Search Ads,Retargeting,0,1
24845,2025-02-10 13:18:00,Display Ads,Brand Awareness,1,2
24845,2025-02-11 00:19:00,Direct Traffic,-,0,3
24876,2025-02-10 04:29:00,Search Ads,Winter Sale,1,1
24876,2025-02-10 13:27:00,Display Ads,-,0,2
24876,2025-02-10 14:39:00,Search Ads,Brand Awareness,1,3
24876,2025-02-10 16:23:00,Search Ads,-,0,4
24876,2025-02-11 06:46:00,Direct Traffic,-,1,5
24876,2025-02-11 16:16:00,Display Ads,Brand Awareness,0,6
24876,2025-02-11 18:51:00,Social Media,Retargeting,1,7
24914,2025-02-10 11:07:00,Social Media,-,1,1
24914,2025-02-10 16:01:00,Referral,Retargeting,0,2
24914,2025-02-11 23:01:00,Social Media,Discount Offer,1,3
24956,2025-02-10 03:40:00,Social Media,-,1,1
24956,2025-02-10 09:23:00,Search Ads,Retargeting,1,2
24956,2025-02-10 13:33:00,Direct Traffic,-,1,3
24956,2025-02-11 00:00:00,Social Media,Retargeting,0,4
24956,2025-02-11 05:24:00,Direct Traffic,-,0,5
24956,2025-02-11 11:13:00,Display Ads,Discount Offer,1,6
24956,2025-02-11 13:02:00,Referral,Retargeting,0,7
25019,2025-02-11 02:41:00,Direct Traffic,-,0,1
25019,2025-02-11 14:11:00,Search Ads,Discount Offer,0,2
25019,2025-02-11 14:51:00,Referral,-,1,3
25085,2025-02-11 01:10:00,Referral,Retargeting,0,1
25085,2025-02-11 09:42:00,Email,Discount Offer,1,2
25085,2025-02-11 17:52:00,Social Media,Retargeting,1,3
25085,2025-02-11 21:17:00,Email,Retargeting,0,4
25104,2025-02-10 18:08:00,Email,Discount Offer,1,1
25104,2025-02-10 23:49:00,Display Ads,Brand Awareness,0,2
25104,2025-02-11 17:02:00,Direct Traffic,-,1,3
25104,2025-02-11 23:57:00,Direct Traffic,-,0,4
25105,2025-02-10 03:29:00,Social Media,New Product Launch,1,1
25105,2025-02-10 03:56:00,Search Ads,Winter Sale,1,2
25105,2025-02-11 02:44:00,Email,New Product Launch,0,3
25124,2025-02-10 13:01:00,Display Ads,Retargeting,0,1
25124,2025-02-10 17:54:00,Direct Traffic,-,0,2
25134,2025-02-10 15:21:00,Display Ads,Retargeting,1,1
25134,2025-02-11 00:41:00,Display Ads,Discount Offer,1,2
25134,2025-02-11 06:25:00,Referral,Winter Sale,0,3
25134,2025-02-11 07:11:00,Search Ads,Retargeting,0,4
25134,2025-02-11 17:48:00,Social Media,Brand Awareness,0,5
25147,2025-02-10 16:11:00,Referral,Winter Sale,1,1
25147,2025-02-10 18:57:00,Display Ads,New Product Launch,0,2
25147,2025-02-11 01:39:00,Direct Traffic,-,1,3
25147,2025-02-11 01:52:00,Referral,Winter Sale,0,4
25147,2025-02-11 02:58:00,Referral,New Product Launch,1,5
25147,2025-02-11 17:45:00,Display Ads,Retargeting,0,6
25147,2025-02-11 18:27:00,Display Ads,-,0,7
25150,2025-02-11 20:21:00,Direct Traffic,-,0,1
25170,2025-02-10 07:55:00,Social Media,Winter Sale,1,1
25170,2025-02-10 19:25:00,Referral,Winter Sale,0,2
25170,2025-02-10 20:27:00,Referral,Winter Sale,0,3
25170,2025-02-11 14:03:00,Search Ads,New Product Launch,1,4
25170,2025-02-11 21:01:00,Social Media,Brand Awareness,0,5
25172,2025-02-10 13:52:00,Direct Traffic,-,0,1
25172,2025-02-11 08:13:00,Referral,Brand Awareness,0,2
25172,2025-02-11 08:52:00,Email,New Product Launch,1,3
25172,2025-02-11 16:38:00,Display Ads,Discount Offer,1,4
25172,2025-02-11 20:35:00,Display Ads,-,0,5
25195,2025-02-10 05:19:00,Display Ads,Winter Sale,0,1
25195,2025-02-10 17:54:00,Social Media,Discount Offer,1,2
25195,2025-02-10 20:30:00,Display Ads,-,0,3
25195,2025-02-11 20:32:00,Direct Traffic,-,0,4
25195,2025-02-11 20:55:00,Search Ads,-,0,5
25229,2025-02-10 06:39:00,Search Ads,-,0,1
25229,2025-02-11 03:32:00,Social Media,New Product Launch,1,2
25229,2025-02-11 05:52:00,Referral,Winter Sale,0,3
25229,2025-02-11 18:42:00,Direct Traffic,-,0,4
25246,2025-02-10 13:47:00,Social Media,Winter Sale,1,1
25246,2025-02-11 13:24:00,Referral,-,0,2
25254,2025-02-10 00:56:00,Referral,Brand Awareness,1,1
25254,2025-02-11 06:45:00,Referral,Retargeting,1,2
25254,2025-02-11 08:45:00,Social Media,Brand Awareness,1,3
25254,2025-02-11 17:01:00,Email,-,0,4
25284,2025-02-10 16:41:00,Referral,-,1,1
25284,2025-02-11 11:21:00,Search Ads,-,0,2
25284,2025-02-11 23:23:00,Display Ads,New Product Launch,0,3
25290,2025-02-11 00:54:00,Referral,Discount Offer,1,1
25294,2025-02-10 11:43:00,Social Media,Brand Awareness,1,1
25294,2025-02-10 20:11:00,Display Ads,Winter Sale,0,2
25294,2025-02-10 22:35:00,Display Ads,Winter Sale,0,3
25294,2025-02-11 05:28:00,Display Ads,Discount Offer,1,4
25303,2025-02-10 12:38:00,Referral,Brand Awareness,0,1
25303,2025-02-10 14:47:00,Email,Winter Sale,0,2
25362,2025-02-10 19:51:00,Referral,Retargeting,1,1
25362,2025-02-11 07:49:00,Search Ads,-,0,2
25362,2025-02-11 17:14:00,Direct Traffic,-,1,3
25369,2025-02-11 09:22:00,Email,Brand Awareness,0,1
25369,2025-02-11 22:59:00,Social Media,New Product Launch,0,2
25369,2025-02-11 23:58:00,Social Media,-,1,3
25377,2025-02-10 01:10:00,Social Media,Retargeting,0,1
25377,2025-02-10 16:26:00,Search Ads,-,0,2
25377,2025-02-10 16:56:00,Direct Traffic,-,1,3
25377,2025-02-11 14:11:00,Display Ads,Retargeting,1,4
25377,2025-02-11 19:45:00,Search Ads,Winter Sale,0,5
25403,2025-02-10 09:14:00,Referral,Retargeting,0,1
25403,2025-02-11 00:32:00,Direct Traffic,-,1,2
25441,2025-02-10 09:32:00,Display Ads,-,0,1
25441,2025-02-10 23:20:00,Display Ads,Discount Offer,0,2
25441,2025-02-11 09:44:00,Referral,-,0,3
25441,2025-02-11 11:30:00,Direct Traffic,-,1,4
25441,2025-02-11 14:06:00,Email,Brand Awareness,1,5
25441,2025-02-11 15:06:00,Display Ads,New Product Launch,1,6
25468,2025-02-10 10:47:00,Email,Winter Sale,0,1
25468,2025-02-11 07:01:00,Referral,New Product Launch,0,2
25524,2025-02-10 06:04:00,Social Media,Discount Offer,1,1
25524,2025-02-10 12:24:00,Search Ads,-,0,2
25524,2025-02-10 17:30:00,Email,Brand Awareness,0,3
25524,2025-02-11 22:35:00,Display Ads,New Product Launch,1,4
25539,2025-02-10 01:02:00,Social Media,Winter Sale,0,1
25539,2025-02-11 22:30:00,Search Ads,Retargeting,0,2
25544,2025-02-10 01:26:00,Direct Traffic,-,1,1
25544,2025-02-10 13:37:00,Email,-,0,2
25544,2025-02-10 16:27:00,Direct Traffic,-,1,3
25544,2025-02-10 19:53:00,Social Media,Brand Awareness,0,4
25544,2025-02-10 21:26:00,Referral,-,1,5
25547,2025-02-11 05:28:00,Direct Traffic,-,0,1
25547,2025-02-11 09:15:00,Referral,New Product Launch,0,2
25547,2025-02-11 11:41:00,Email,-,0,3
25547,2025-02-11 14:40:00,Referral,-,0,4
25547,2025-02-11 18:24:00,Email,Winter Sale,1,5
25547,2025-02-11 22:42:00,Display Ads,Retargeting,1,6
25615,2025-02-10 00:16:00,Email,Discount Offer,1,1
25615,2025-02-10 06:40:00,Direct Traffic,-,0,2
25615,2025-02-10 17:12:00,Social Media,Retargeting,0,3
25615,2025-02-10 18:14:00,Social Media,Discount Offer,0,4
25615,2025-02-11 09:08:00,Email,New Product Launch,1,5
25617,2025-02-10 02:32:00,Display Ads,New Product Launch,1,1
25628,2025-02-11 00:08:00,Referral,New Product Launch,1,1
25633,2025-02-10 12:06:00,Direct Traffic,-,0,1
25633,2025-02-10 22:00:00,Social Media,Winter Sale,1,2
25633,2025-02-11 21:21:00,Referral,New Product Launch,0,3
25644,2025-02-10 05:43:00,Display Ads,-,1,1
25687,2025-02-10 05:52:00,Referral,Brand Awareness,1,1
25725,2025-02-10 10:11:00,Search Ads,Retargeting,1,1
25725,2025-02-10 16:56:00,Search Ads,-,1,2
25725,2025-02-10 21:13:00,Referral,-,0,3
25725,2025-02-11 06:54:00,Social Media,Brand Awareness,1,4
25765,2025-02-10 07:37:00,Social Media,Retargeting,1,1
25765,2025-02-10 22:12:00,Social Media,Discount Offer,1,2
25765,2025-02-11 23:58:00,Search Ads,-,0,3
25787,2025-02-11 07:32:00,Social Media,Winter Sale,1,1
25787,2025-02-11 18:21:00,Email,Winter Sale,0,2
25787,2025-02-11 20:21:00,Direct Traffic,-,0,3
25790,2025-02-10 07:55:00,Email,Retargeting,1,1
25790,2025-02-10 13:46:00,Display Ads,Discount Offer,1,2
25790,2025-02-11 03:33:00,Direct Traffic,-,0,3
25790,2025-02-11 15:03:00,Social Media,New Product Launch,0,4
25790,2025-02-11 21:46:00,Referral,Winter Sale,1,5
25810,2025-02-10 05:50:00,Direct Traffic,-,1,1
25845,2025-02-10 00:34:00,Referral,Retargeting,1,1
25845,2025-02-10 06:01:00,Email,New Product Launch,1,2
25845,2025-02-11 02:58:00,Email,-,1,3
25845,2025-02-11 12:46:00,Referral,Retargeting,0,4
25874,2025-02-11 06:11:00,Referral,-,1,1
25874,2025-02-11 08:06:00,Display Ads,-,1,2
25874,2025-02-11 09:15:00,Display Ads,Winter Sale,0,3
25874,2025-02-11 16:02:00,Search Ads,New Product Launch,1,4
25901,2025-02-11 11:09:00,Display Ads,-,0,1
25901,2025-02-11 11:55:00,Social Media,Retargeting,0,2
25901,2025-02-11 16:44:00,Display Ads,Retargeting,1,3
25915,2025-02-10 07:23:00,Display Ads,Retargeting,0,1
25915,2025-02-11 12:38:00,Display Ads,Winter Sale,1,2
25915,2025-02-11 19:04:00,Direct Traffic,-,1,3
25915,2025-02-11 23:40:00,Social Media,-,0,4
25952,2025-02-10 00:02:00,Display Ads,Discount Offer,0,1
25952,2025-02-10 07:33:00,Social Media,Winter Sale,0,2
25952,2025-02-11 04:59:00,Display Ads,Winter Sale,1,3
25952,2025-02-11 21:29:00,Display Ads,New Product Launch,1,4
25959,2025-02-10 10:04:00,Display Ads,Discount Offer,1,1
25959,2025-02-10 23:32:00,Social Media,-,0,2
25959,2025-02-11 03:29:00,Search Ads,Retargeting,1,3
25959,2025-02-11 09:50:00,Social Media,Brand Awareness,0,4
25978,2025-02-10 05:49:00,Search Ads,Discount Offer,1,1
25978,2025-02-10 17:42:00,Social Media,Brand Awareness,1,2
25978,2025-02-11 02:36:00,Social Media,-,0,3
26021,2025-02-10 01:56:00,Direct Traffic,-,0,1
26021,2025-02-10 07:56:00,Search Ads,Winter Sale,0,2
26021,2025-02-10 11:23:00,Direct Traffic,-,0,3
26085,2025-02-10 04:50:00,Email,Retargeting,0,1
26085,2025-02-10 10:18:00,Referral,Retargeting,1,2
26097,2025-02-10 00:39:00,Display Ads,Brand Awareness,1,1
26097,2025-02-10 07:04:00,Search Ads,-,1,2
26097,2025-02-10 12:19:00,Social Media,Discount Offer,1,3
26097,2025-02-10 12:31:00,Search Ads,-,1,4
26109,2025-02-10 00:19:00,Display Ads,-,0,1
26109,2025-02-10 08:28:00,Display Ads,Retargeting,0,2
26109,2025-02-10 15:16:00,Social Media,Winter Sale,1,3
26109,2025-02-10 16:57:00,Direct Traffic,-,0,4
26109,2025-02-10 22:08:00,Email,New Product Launch,1,5
26109,2025-02-11 16:33:00,Social Media,Winter Sale,1,6
26185,2025-02-10 13:32:00,Email,-,1,1
26185,2025-02-10 22:55:00,Search Ads,-,1,2
26185,2025-02-11 14:53:00,Email,Brand Awareness,1,3
26185,2025-02-11 16:40:00,Social Media,Winter Sale,0,4
26189,2025-02-10 01:14:00,Search Ads,Discount Offer,0,1
26189,2025-02-10 06:52:00,Direct Traffic,-,1,2
26189,2025-02-10 06:58:00,Email,Brand Awareness,1,3
26189,2025-02-11 15:48:00,Display Ads,Winter Sale,1,4
26189,2025-02-11 17:51:00,Search Ads,Retargeting,0,5
26253,2025-02-10 02:06:00,Referral,Brand Awareness,1,1
26253,2025-02-10 07:32:00,Direct Traffic,-,1,2
26253,2025-02-10 21:36:00,Display Ads,Winter Sale,1,3
26291,2025-02-10 14:24:00,Email,Discount Offer,0,1
26291,2025-02-10 20:44:00,Social Media,Winter Sale,1,2
26291,2025-02-11 14:48:00,Direct Traffic,-,0,3
26328,2025-02-10 07:39:00,Direct Traffic,-,0,1
26328,2025-02-10 09:18:00,Search Ads,Discount Offer,1,2
26328,2025-02-11 12:35:00,Direct Traffic,-,0,3
26328,2025-02-11 19:54:00,Social Media,Discount Offer,1,4
26384,2025-02-11 01:59:00,Direct Traffic,-,0,1
26384,2025-02-11 08:34:00,Email,New Product Launch,0,2
26401,2025-02-10 02:04:00,Referral,New Product Launch,0,1
26401,2025-02-10 04:40:00,Direct Traffic,-,1,2
26401,2025-02-11 19:24:00,Search Ads,Brand Awareness,1,3
26430,2025-02-10 17:38:00,Display Ads,Brand Awareness,0,1
26430,2025-02-10 17:40:00,Email,Retargeting,0,2
26430,2025-02-10 19:56:00,Email,Brand Awareness,0,3
26430,2025-02-11 02:13:00,Social Media,Winter Sale,1,4
26430,2025-02-11 09:43:00,Referral,-,1,5
26430,2025-02-11 16:12:00,Search Ads,Winter Sale,1,6
26437,2025-02-10 14:19:00,Search Ads,Retargeting,0,1
26437,2025-02-11 02:52:00,Referral,New Product Launch,1,2
26437,2025-02-11 10:23:00,Display Ads,Retargeting,0,3
26511,2025-02-10 00:51:00,Email,Retargeting,1,1
26511,2025-02-10 13:40:00,Email,Brand Awareness,1,2
26511,2025-02-10 14:17:00,Display Ads,Brand Awareness,0,3
26511,2025-02-10 20:05:00,Direct Traffic,-,1,4
26511,2025-02-10 22:47:00,Referral,-,0,5
26511,2025-02-11 01:35:00,Search Ads,Brand Awareness,1,6
26511,2025-02-11 04:28:00,Direct Traffic,-,0,7
26511,2025-02-11 10:18:00,Display Ads,-,1,8
26511,2025-02-11 14:07:00,Referral,Discount Offer,1,9
26521,2025-02-11 16:10:00,Direct Traffic,-,1,1
26537,2025-02-10 00:11:00,Social Media,New Product Launch,0,1
26537,2025-02-10 06:12:00,Social Media,New Product Launch,1,2
26541,2025-02-11 02:40:00,Search Ads,-,1,1
26541,2025-02-11 10:57:00,Email,New Product Launch,0,2
26541,2025-02-11 15:53:00,Email,Discount Offer,1,3
26582,2025-02-10 02:05:00,Social Media,Brand Awareness,0,1
26582,2025-02-10 20:15:00,Display Ads,Winter Sale,0,2
26582,2025-02-11 03:19:00,Display Ads,Brand Awareness,1,3
26582,2025-02-11 04:53:00,Display Ads,Retargeting,1,4
26601,2025-02-10 09:05:00,Social Media,Brand Awareness,0,1
26601,2025-02-11 04:16:00,Referral,-,0,2
26601,2025-02-11 20:25:00,Referral,Brand Awareness,1,3
26622,2025-02-10 04:29:00,Social Media,Brand Awareness,0,1
26622,2025-02-10 17:11:00,Email,-,1,2
26622,2025-02-11 00:56:00,Social Media,New Product Launch,0,3
26622,2025-02-11 03:18:00,Search Ads,Brand Awareness,1,4
26622,2025-02-11 06:25:00,Display Ads,Discount Offer,0,5
26622,2025-02-11 10:43:00,Search Ads,Retargeting,1,6
26644,2025-02-10 17:07:00,Direct Traffic,-,0,1
26644,2025-02-11 13:04:00,Direct Traffic,-,0,2
26644,2025-02-11 13:57:00,Social Media,Brand Awareness,1,3
26644,2025-02-11 23:41:00,Display Ads,Retargeting,1,4
26648,2025-02-11 01:31:00,Email,Retargeting,0,1
26648,2025-02-11 04:25:00,Display Ads,Brand Awareness,1,2
26648,2025-02-11 11:42:00,Email,Winter Sale,1,3
26648,2025-02-11 16:10:00,Direct Traffic,-,1,4
26664,2025-02-10 22:15:00,Direct Traffic,-,0,1
26664,2025-02-11 22:40:00,Referral,Brand Awareness,1,2
26664,2025-02-11 23:36:00,Social Media,New Product Launch,1,3
26670,2025-02-11 07:13:00,Social Media,Discount Offer,1,1
26670,2025-02-11 09:15:00,Referral,Retargeting,1,2
26693,2025-02-10 13:14:00,Social Media,Discount Offer,0,1
26693,2025-02-10 15:40:00,Display Ads,Retargeting,0,2
26693,2025-02-10 16:10:00,Direct Traffic,-,1,3
26693,2025-02-10 18:50:00,Social Media,New Product Launch,1,4
26693,2025-02-10 23:39:00,Social Media,Brand Awareness,1,5
26693,2025-02-11 00:00:00,Display Ads,-,1,6
26727,2025-02-10 01:59:00,Direct Traffic,-,0,1
26727,2025-02-10 08:46:00,Email,Winter Sale,1,2
26727,2025-02-10 09:55:00,Referral,Brand Awareness,0,3
26727,2025-02-10 16:47:00,Search Ads,Discount Offer,0,4
26727,2025-02-11 19:51:00,Social Media,New Product Launch,0,5
26754,2025-02-10 06:06:00,Display Ads,New Product Launch,1,1
26754,2025-02-10 07:48:00,Social Media,Retargeting,1,2
26754,2025-02-10 19:50:00,Display Ads,Winter Sale,1,3
26754,2025-02-11 02:15:00,Email,-,1,4
26754,2025-02-11 11:01:00,Display Ads,-,0,5
26754,2025-02-11 16:23:00,Email,Winter Sale,1,6
26763,2025-02-10 19:00:00,Display Ads,Winter Sale,1,1
26763,2025-02-11 00:18:00,Social Media,Retargeting,0,2
26763,2025-02-11 02:33:00,Referral,New Product Launch,0,3
26763,2025-02-11 19:36:00,Referral,Brand Awareness,1,4
26770,2025-02-11 22:16:00,Social Media,New Product Launch,0,1
26783,2025-02-10 08:23:00,Email,Retargeting,0,1
26783,2025-02-10 10:50:00,Direct Traffic,-,1,2
26783,2025-02-10 14:44:00,Search Ads,Brand Awareness,0,3
26783,2025-02-10 22:26:00,Search Ads,New Product Launch,0,4
26783,2025-02-11 07:27:00,Social Media,New Product Launch,0,5
26824,2025-02-11 07:32:00,Email,Discount Offer,0,1
26827,2025-02-10 07:31:00,Social Media,-,0,1
26827,2025-02-10 16:14:00,Email,New Product Launch,0,2
26827,2025-02-11 10:47:00,Display Ads,New Product Launch,0,3
26918,2025-02-10 18:30:00,Referral,Winter Sale,0,1
26918,2025-02-10 19:04:00,Direct Traffic,-,1,2
26918,2025-02-10 22:39:00,Direct Traffic,-,1,3
26918,2025-02-11 09:57:00,Email,-,0,4
26927,2025-02-10 06:42:00,Email,Brand Awareness,1,1
26927,2025-02-11 01:48:00,Display Ads,Retargeting,1,2
26927,2025-02-11 17:25:00,Referral,Winter Sale,1,3
27023,2025-02-10 11:38:00,Social Media,Brand Awareness,1,1
27023,2025-02-10 15:04:00,Email,Retargeting,0,2
27023,2025-02-10 16:09:00,Search Ads,-,1,3
27023,2025-02-10 16:27:00,Display Ads,-,0,4
27023,2025-02-11 12:30:00,Email,New Product Launch,0,5
27048,2025-02-10 12:37:00,Search Ads,New Product Launch,1,1
27048,2025-02-10 17:15:00,Social Media,-,0,2
27048,2025-02-10 21:42:00,Direct Traffic,-,1,3
27048,2025-02-11 17:23:00,Email,Retargeting,1,4
27048,2025-02-11 23:35:00,Direct Traffic,-,0,5
27079,2025-02-10 10:37:00,Direct Traffic,-,1,1
27079,2025-02-10 10:57:00,Direct Traffic,-,1,2
27079,2025-02-10 15:37:00,Direct Traffic,-,0,3
27106,2025-02-10 08:10:00,Display Ads,Retargeting,1,1
27106,2025-02-11 06:26:00,Direct Traffic,-,0,2
27166,2025-02-10 20:06:00,Email,New Product Launch,0,1
27167,2025-02-10 09:40:00,Search Ads,Retargeting,0,1
27167,2025-02-11 12:15:00,Social Media,Discount Offer,1,2
27167,2025-02-11 13:26:00,Direct Traffic,-,1,3
27167,2025-02-11 19:45:00,Referral,Winter Sale,1,4
27306,2025-02-11 04:29:00,Social Media,-,1,1
27306,2025-02-11 20:51:00,Social Media,Retargeting,0,2
27344,2025-02-10 17:05:00,Display Ads,Retargeting,0,1
27344,2025-02-11 02:13:00,Display Ads,Retargeting,0,2
27347,2025-02-10 19:26:00,Social Media,Winter Sale,1,1
27347,2025-02-11 01:47:00,Display Ads,Brand Awareness,0,2
27347,2025-02-11 19:51:00,Search Ads,-,1,3
27371,2025-02-10 15:45:00,Email,Retargeting,1,1
27371,2025-02-11 01:51:00,Social Media,New Product Launch,0,2
27371,2025-02-11 03:49:00,Direct Traffic,-,0,3
27371,2025-02-11 06:11:00,Referral,Brand Awareness,1,4
27371,2025-02-11 09:25:00,Search Ads,New Product Launch,1,5
27371,2025-02-11 14:08:00,Direct Traffic,-,0,6
27437,2025-02-10 16:06:00,Referral,New Product Launch,0,1
27437,2025-02-10 19:40:00,Search Ads,Discount Offer,0,2
27437,2025-02-11 09:23:00,Referral,Discount Offer,1,3
27437,2025-02-11 10:47:00,Direct Traffic,-,0,4
27437,2025-02-11 21:58:00,Display Ads,New Product Launch,0,5
27438,2025-02-11 11:17:00,Referral,-,1,1
27438,2025-02-11 16:50:00,Search Ads,Discount Offer,1,2
27438,2025-02-11 20:57:00,Social Media,-,1,3
27452,2025-02-10 22:19:00,Email,Brand Awareness,1,1
27452,2025-02-11 06:23:00,Search Ads,Winter Sale,1,2
27463,2025-02-10 15:15:00,Display Ads,Retargeting,0,1
27463,2025-02-10 20:53:00,Social Media,Retargeting,0,2
27463,2025-02-11 05:22:00,Referral,Discount Offer,1,3
27470,2025-02-10 03:00:00,Referral,Brand Awareness,1,1
27470,2025-02-10 06:58:00,Direct Traffic,-,0,2
27470,2025-02-10 08:41:00,Display Ads,Discount Offer,1,3
27470,2025-02-10 23:45:00,Display Ads,Brand Awareness,1,4
27470,2025-02-11 08:13:00,Direct Traffic,-,1,5
27470,2025-02-11 17:53:00,Search Ads,New Product Launch,1,6
27470,2025-02-11 23:46:00,Referral,-,1,7
27480,2025-02-10 06:51:00,Referral,Brand Awareness,1,1
27480,2025-02-10 11:49:00,Direct Traffic,-,0,2
27505,2025-02-11 00:31:00,Direct Traffic,-,1,1
27505,2025-02-11 12:19:00,Direct Traffic,-,0,2
27506,2025-02-10 19:21:00,Email,Retargeting,0,1
27506,2025-02-11 09:58:00,Direct Traffic,-,1,2
27506,2025-02-11 23:25:00,Display Ads,Retargeting,0,3
27513,2025-02-10 02:52:00,Direct Traffic,-,1,1
27513,2025-02-10 12:01:00,Search Ads,Winter Sale,0,2
27513,2025-02-11 05:15:00,Referral,Discount Offer,0,3
27513,2025-02-11 07:48:00,Display Ads,-,0,4
27513,2025-02-11 09:22:00,Display Ads,Retargeting,0,5
27541,2025-02-10 03:59:00,Email,-,1,1
27541,2025-02-10 17:57:00,Direct Traffic,-,0,2
27548,2025-02-10 11:35:00,Direct Traffic,-,0,1
27548,2025-02-10 13:51:00,Display Ads,Discount Offer,0,2
27548,2025-02-10 16:06:00,Direct Traffic,-,0,3
27548,2025-02-11 12:03:00,Email,-,1,4
27556,2025-02-10 16:37:00,Email,Discount Offer,1,1
27556,2025-02-10 20:39:00,Referral,-,0,2
27556,2025-02-11 06:17:00,Social Media,-,1,3
27556,2025-02-11 14:57:00,Search Ads,New Product Launch,1,4
27556,2025-02-11 21:27:00,Display Ads,-,1,5
27571,2025-02-10 05:23:00,Referral,Discount Offer,1,1
27571,2025-02-11 02:32:00,Referral,Winter Sale,0,2
27571,2025-02-11 08:52:00,Search Ads,Discount Offer,0,3
27571,2025-02-11 14:47:00,Direct Traffic,-,1,4
27571,2025-02-11 16:03:00,Search Ads,Retargeting,1,5
27589,2025-02-10 01:02:00,Email,Retargeting,1,1
27589,2025-02-10 06:21:00,Display Ads,Winter Sale,0,2
27589,2025-02-10 12:54:00,Social Media,Brand Awareness,1,3
27589,2025-02-11 04:16:00,Display Ads,Retargeting,1,4
27589,2025-02-11 22:26:00,Direct Traffic,-,0,5
27666,2025-02-10 13:54:00,Search Ads,New Product Launch,0,1
27666,2025-02-10 20:09:00,Display Ads,Winter Sale,1,2
27666,2025-02-11 02:32:00,Search Ads,-,0,3
27700,2025-02-10 01:42:00,Direct Traffic,-,0,1
27700,2025-02-11 08:01:00,Search Ads,-,0,2
27726,2025-02-11 05:09:00,Referral,New Product Launch,0,1
27726,2025-02-11 20:22:00,Direct Traffic,-,0,2
27730,2025-02-10 05:22:00,Email,Discount Offer,0,1
27735,2025-02-11 01:49:00,Direct Traffic,-,1,1
27767,2025-02-11 01:02:00,Social Media,New Product Launch,1,1
27767,2025-02-11 18:08:00,Social Media,Brand Awareness,0,2
27767,2025-02-11 19:58:00,Referral,Brand Awareness,1,3
27774,2025-02-10 09:57:00,Direct Traffic,-,0,1
27774,2025-02-10 20:30:00,Referral,Retargeting,1,2
27774,2025-02-11 14:04:00,Search Ads,Winter Sale,1,3
27778,2025-02-10 01:05:00,Direct Traffic,-,1,1
27778,2025-02-10 01:45:00,Referral,-,1,2
27778,2025-02-10 11:52:00,Direct Traffic,-,0,3
27778,2025-02-11 18:48:00,Direct Traffic,-,1,4
27778,2025-02-11 22:40:00,Social Media,Retargeting,0,5
27778,2025-02-11 23:53:00,Display Ads,Brand Awareness,0,6
27814,2025-02-10 01:45:00,Display Ads,Brand Awareness,0,1
27814,2025-02-11 10:18:00,Email,Winter Sale,0,2
27814,2025-02-11 15:20:00,Social Media,-,1,3
27814,2025-02-11 19:32:00,Referral,Winter Sale,0,4
27925,2025-02-10 01:27:00,Social Media,-,0,1
27925,2025-02-10 12:24:00,Referral,New Product Launch,1,2
27925,2025-02-10 19:02:00,Display Ads,Winter Sale,0,3
27925,2025-02-10 19:34:00,Direct Traffic,-,1,4
27942,2025-02-10 00:43:00,Referral,Winter Sale,0,1
27942,2025-02-10 22:45:00,Search Ads,Brand Awareness,0,2
27942,2025-02-11 10:07:00,Search Ads,Winter Sale,1,3
27942,2025-02-11 10:30:00,Referral,-,1,4
27942,2025-02-11 11:06:00,Social Media,Winter Sale,1,5
27944,2025-02-10 14:09:00,Display Ads,-,1,1
27944,2025-02-10 15:21:00,Search Ads,Brand Awareness,0,2
27944,2025-02-11 01:28:00,Social Media,Discount Offer,0,3
27971,2025-02-11 11:11:00,Display Ads,Retargeting,1,1
28047,2025-02-11 07:21:00,Email,Discount Offer,0,1
28047,2025-02-11 21:09:00,Social Media,Winter Sale,1,2
28134,2025-02-10 19:06:00,Social Media,Winter Sale,0,1
28134,2025-02-10 23:42:00,Social Media,Brand Awareness,1,2
28134,2025-02-11 04:56:00,Referral,-,1,3
28144,2025-02-10 00:50:00,Referral,Winter Sale,0,1
28144,2025-02-10 09:30:00,Social Media,New Product Launch,0,2
28144,2025-02-10 17:52:00,Display Ads,Retargeting,0,3
28144,2025-02-11 02:59:00,Direct Traffic,-,1,4
28144,2025-02-11 14:02:00,Social Media,-,0,5
28171,2025-02-10 08:00:00,Direct Traffic,-,0,1
28171,2025-02-11 10:26:00,Email,-,1,2
28171,2025-02-11 19:17:00,Direct Traffic,-,0,3
28194,2025-02-10 11:40:00,Social Media,Brand Awareness,1,1
28194,2025-02-10 13:54:00,Referral,Winter Sale,0,2
28194,2025-02-10 16:20:00,Social Media,Winter Sale,0,3
28246,2025-02-10 16:46:00,Direct Traffic,-,1,1
28246,2025-02-10 18:23:00,Search Ads,Winter Sale,0,2
28265,2025-02-10 06:40:00,Display Ads,Brand Awareness,0,1
28265,2025-02-10 08:34:00,Social Media,Brand Awareness,1,2
28265,2025-02-10 11:50:00,Email,Winter Sale,1,3
28265,2025-02-10 13:06:00,Social Media,Brand Awareness,1,4
28265,2025-02-10 17:12:00,Email,Retargeting,0,5
28265,2025-02-10 17:14:00,Search Ads,Retargeting,1,6
28265,2025-02-10 23:34:00,Direct Traffic,-,1,7
28265,2025-02-11 08:03:00,Search Ads,Winter Sale,1,8
28265,2025-02-11 19:52:00,Referral,-,1,9
28268,2025-02-10 02:26:00,Email,New Product Launch,1,1
28268,2025-02-11 03:39:00,Search Ads,New Product Launch,1,2
28268,2025-02-11 04:32:00,Email,Retargeting,1,3
28268,2025-02-11 14:09:00,Referral,Discount Offer,1,4
28289,2025-02-10 22:34:00,Search Ads,New Product Launch,1,1
28289,2025-02-11 07:32:00,Email,-,0,2
28289,2025-02-11 10:16:00,Email,Discount Offer,1,3
28295,2025-02-10 22:38:00,Referral,Discount Offer,0,1
28295,2025-02-11 14:52:00,Social Media,New Product Launch,0,2
28295,2025-02-11 16:50:00,Direct Traffic,-,0,3
28297,2025-02-10 07:49:00,Display Ads,Discount Offer,0,1
28297,2025-02-10 08:17:00,Referral,Brand Awareness,0,2
28297,2025-02-10 13:18:00,Display Ads,Brand Awareness,0,3
28297,2025-02-10 21:43:00,Email,Winter Sale,0,4
28385,2025-02-10 01:41:00,Referral,Winter Sale,1,1
28385,2025-02-10 05:42:00,Referral,Brand Awareness,0,2
28385,2025-02-10 21:54:00,Referral,Winter Sale,1,3
28385,2025-02-11 08:46:00,Display Ads,Discount Offer,0,4
28385,2025-02-11 12:24:00,Social Media,Retargeting,1,5
28385,2025-02-11 13:26:00,Display Ads,Retargeting,1,6
28385,2025-02-11 14:06:00,Email,Winter Sale,1,7
28385,2025-02-11 21:36:00,Social Media,-,0,8
28387,2025-02-11 03:45:00,Search Ads,Discount Offer,1,1
28387,2025-02-11 08:48:00,Display Ads,Winter Sale,0,2
28387,2025-02-11 23:13:00,Display Ads,Brand Awareness,1,3
28400,2025-02-10 10:41:00,Direct Traffic,-,1,1
28400,2025-02-10 18:06:00,Direct Traffic,-,1,2
28413,2025-02-11 09:45:00,Referral,-,0,1
28459,2025-02-10 08:13:00,Email,Winter Sale,0,1
28459,2025-02-10 16:00:00,Display Ads,Winter Sale,1,2
28459,2025-02-10 18:25:00,Social Media,Discount Offer,0,3
28459,2025-02-11 10:30:00,Search Ads,New Product Launch,1,4
28481,2025-02-10 19:33:00,Email,Winter Sale,1,1
28481,2025-02-10 23:53:00,Social Media,Discount Offer,1,2
28481,2025-02-11 18:20:00,Social Media,Retargeting,1,3
28481,2025-02-11 23:07:00,Email,New Product Launch,1,4
28505,2025-02-10 09:16:00,Email,-,1,1
28511,2025-02-10 02:36:00,Display Ads,Brand Awareness,0,1
28511,2025-02-10 03:44:00,Email,Retargeting,0,2
28511,2025-02-10 04:40:00,Display Ads,Discount Offer,0,3
28511,2025-02-10 20:49:00,Social Media,Retargeting,1,4
28511,2025-02-11 10:53:00,Email,New Product Launch,1,5
28524,2025-02-10 18:25:00,Social Media,Retargeting,0,1
28524,2025-02-11 07:17:00,Search Ads,-,1,2
28556,2025-02-10 13:50:00,Direct Traffic,-,0,1
28556,2025-02-10 18:06:00,Referral,Discount Offer,0,2
28567,2025-02-10 04:27:00,Email,Winter Sale,1,1
28567,2025-02-10 21:01:00,Email,-,0,2
28567,2025-02-11 06:02:00,Search Ads,New Product Launch,0,3
28567,2025-02-11 11:19:00,Search Ads,Brand Awareness,0,4
28587,2025-02-10 04:48:00,Display Ads,Brand Awareness,1,1
28587,2025-02-10 22:07:00,Referral,Discount Offer,0,2
28587,2025-02-11 20:16:00,Referral,Winter Sale,1,3
28589,2025-02-10 10:25:00,Search Ads,Retargeting,0,1
28589,2025-02-10 13:46:00,Search Ads,New Product Launch,1,2
28589,2025-02-11 00:21:00,Referral,Discount Offer,1,3
28589,2025-02-11 01:19:00,Search Ads,Winter Sale,1,4
28589,2025-02-11 14:22:00,Search Ads,-,1,5
28594,2025-02-10 09:26:00,Search Ads,-,1,1
28623,2025-02-10 13:58:00,Direct Traffic,-,1,1
28623,2025-02-10 17:13:00,Display Ads,Discount Offer,0,2
28623,2025-02-11 04:55:00,Search Ads,Discount Offer,1,3
28623,2025-02-11 12:15:00,Direct Traffic,-,1,4
28623,2025-02-11 17:56:00,Referral,Discount Offer,1,5
28721,2025-02-10 23:42:00,Search Ads,Winter Sale,0,1
28721,2025-02-11 12:18:00,Social Media,Winter Sale,0,2
28721,2025-02-11 15:45:00,Search Ads,New Product Launch,0,3
28729,2025-02-10 01:51:00,Email,-,0,1
28729,2025-02-11 02:31:00,Direct Traffic,-,1,2
28729,2025-02-11 19:54:00,Search Ads,Discount Offer,1,3
28751,2025-02-10 01:43:00,Social Media,Retargeting,0,1
28751,2025-02-10 09:31:00,Email,New Product Launch,0,2
28848,2025-02-10 13:49:00,Referral,New Product Launch,0,1
28848,2025-02-11 11:46:00,Direct Traffic,-,0,2
28870,2025-02-10 06:20:00,Display Ads,New Product Launch,0,1
28870,2025-02-11 10:11:00,Email,-,1,2
28870,2025-02-11 13:58:00,Email,Brand Awareness,1,3
28912,2025-02-10 11:48:00,Referral,New Product Launch,0,1
28912,2025-02-10 12:17:00,Social Media,Discount Offer,0,2
28912,2025-02-10 17:22:00,Direct Traffic,-,1,3
28912,2025-02-11 23:33:00,Social Media,Discount Offer,1,4
28918,2025-02-10 01:28:00,Direct Traffic,-,0,1
28918,2025-02-10 07:00:00,Search Ads,Retargeting,1,2
28918,2025-02-10 17:15:00,Direct Traffic,-,0,3
28918,2025-02-11 08:01:00,Display Ads,Retargeting,0,4
28919,2025-02-11 04:35:00,Email,-,0,1
28919,2025-02-11 13:53:00,Referral,-,0,2
28919,2025-02-11 18:49:00,Email,-,0,3
28919,2025-02-11 19:47:00,Referral,New Product Launch,0,4
28948,2025-02-10 20:53:00,Display Ads,-,1,1
28948,2025-02-11 03:08:00,Social Media,Discount Offer,0,2
28948,2025-02-11 21:00:00,Direct Traffic,-,0,3
28965,2025-02-10 05:43:00,Display Ads,New Product Launch,0,1
28985,2025-02-10 12:09:00,Direct Traffic,-,0,1
28985,2025-02-10 13:26:00,Display Ads,New Product Launch,1,2
28985,2025-02-10 13:40:00,Direct Traffic,-,1,3
28985,2025-02-11 06:30:00,Social Media,Brand Awareness,1,4
28985,2025-02-11 06:56:00,Email,-,1,5
28985,2025-02-11 23:22:00,Referral,Brand Awareness,1,6
28998,2025-02-10 21:52:00,Direct Traffic,-,0,1
28998,2025-02-11 11:15:00,Direct Traffic,-,1,2
28998,2025-02-11 14:31:00,Email,-,1,3
28998,2025-02-11 23:06:00,Email,Brand Awareness,0,4
29015,2025-02-10 04:57:00,Direct Traffic,-,1,1
29015,2025-02-10 14:11:00,Social Media,-,1,2
29015,2025-02-10 23:11:00,Email,Winter Sale,0,3
29015,2025-02-11 14:56:00,Referral,Retargeting,1,4
29031,2025-02-10 05:07:00,Direct Traffic,-,1,1
29031,2025-02-11 15:45:00,Social Media,Winter Sale,0,2
29031,2025-02-11 18:00:00,Search Ads,Retargeting,0,3
29031,2025-02-11 21:17:00,Email,-,0,4
29096,2025-02-11 13:41:00,Email,-,1,1
29109,2025-02-10 13:05:00,Display Ads,Brand Awareness,0,1
29109,2025-02-10 16:18:00,Social Media,Discount Offer,1,2
29109,2025-02-11 01:19:00,Direct Traffic,-,1,3
29109,2025-02-11 09:27:00,Search Ads,New Product Launch,0,4
29109,2025-02-11 22:42:00,Referral,Discount Offer,1,5
29113,2025-02-10 00:10:00,Direct Traffic,-,0,1
29113,2025-02-10 04:09:00,Direct Traffic,-,1,2
29113,2025-02-10 17:54:00,Social Media,Winter Sale,0,3
29113,2025-02-11 21:11:00,Display Ads,Retargeting,0,4
29114,2025-02-10 16:17:00,Social Media,New Product Launch,0,1
29114,2025-02-10 16:25:00,Referral,-,0,2
29149,2025-02-10 01:54:00,Social Media,New Product Launch,0,1
29149,2025-02-10 13:45:00,Direct Traffic,-,1,2
29149,2025-02-11 01:12:00,Search Ads,Discount Offer,0,3
29164,2025-02-10 17:02:00,Social Media,Winter Sale,1,1
29164,2025-02-11 14:28:00,Search Ads,-,1,2
29164,2025-02-11 14:35:00,Referral,Discount Offer,0,3
29164,2025-02-11 17:43:00,Display Ads,Discount Offer,1,4
29196,2025-02-11 01:57:00,Search Ads,New Product Launch,0,1
29196,2025-02-11 13:36:00,Email,Discount Offer,0,2
29196,2025-02-11 17:54:00,Display Ads,Retargeting,1,3
29206,2025-02-10 12:25:00,Search Ads,Discount Offer,0,1
29206,2025-02-10 23:01:00,Direct Traffic,-,1,2
29206,2025-02-10 23:22:00,Direct Traffic,-,0,3
29206,2025-02-11 02:39:00,Email,Discount Offer,0,4
29206,2025-02-11 06:15:00,Search Ads,New Product Launch,1,5
29238,2025-02-10 10:23:00,Search Ads,Winter Sale,0,1
29238,2025-02-10 21:51:00,Direct Traffic,-,1,2
29238,2025-02-10 22:58:00,Direct Traffic,-,0,3
29238,2025-02-11 01:22:00,Search Ads,-,1,4
29238,2025-02-11 14:40:00,Social Media,Winter Sale,0,5
29238,2025-02-11 15:38:00,Social Media,Discount Offer,0,6
29261,2025-02-10 16:57:00,Email,Brand Awareness,0,1
29272,2025-02-10 11:57:00,Social Media,Discount Offer,0,1
29272,2025-02-10 15:18:00,Social Media,Discount Offer,1,2
29272,2025-02-11 11:38:00,Search Ads,-,0,3
29272,2025-02-11 23:28:00,Direct Traffic,-,0,4
29328,2025-02-11 10:08:00,Direct Traffic,-,0,1
29368,2025-02-10 02:22:00,Search Ads,-,1,1
29368,2025-02-11 04:39:00,Referral,-,1,2
29368,2025-02-11 12:52:00,Search Ads,Winter Sale,1,3
29368,2025-02-11 15:15:00,Social Media,Retargeting,0,4
29395,2025-02-10 11:12:00,Direct Traffic,-,1,1
29395,2025-02-10 21:23:00,Social Media,Brand Awareness,1,2
29395,2025-02-11 21:46:00,Direct Traffic,-,1,3
29395,2025-02-11 23:50:00,Search Ads,Retargeting,0,4
29440,2025-02-10 14:08:00,Social Media,Winter Sale,1,1
29440,2025-02-11 00:38:00,Social Media,Brand Awareness,0,2
29440,2025-02-11 17:47:00,Email,Discount Offer,1,3
29440,2025-02-11 18:50:00,Search Ads,-,0,4
29440,2025-02-11 21:50:00,Direct Traffic,-,0,5
29461,2025-02-10 00:24:00,Display Ads,Winter Sale,0,1
29461,2025-02-10 00:59:00,Social Media,Winter Sale,1,2
29461,2025-02-10 01:08:00,Referral,Winter Sale,0,3
29461,2025-02-11 11:20:00,Email,Discount Offer,0,4
29461,2025-02-11 19:09:00,Referral,New Product Launch,0,5
29505,2025-02-10 16:09:00,Social Media,-,0,1
29505,2025-02-10 20:12:00,Display Ads,Winter Sale,1,2
29505,2025-02-11 17:58:00,Search Ads,Retargeting,1,3
29648,2025-02-11 11:14:00,Referral,Discount Offer,0,1
29648,2025-02-11 16:00:00,Social Media,Winter Sale,1,2
29648,2025-02-11 22:34:00,Search Ads,Discount Offer,0,3
29664,2025-02-10 15:04:00,Direct Traffic,-,0,1
29664,2025-02-10 21:07:00,Social Media,-,1,2
29679,2025-02-10 02:56:00,Direct Traffic,-,1,1
29679,2025-02-11 17:46:00,Email,New Product Launch,0,2
29709,2025-02-10 21:05:00,Social Media,New Product Launch,1,1
29709,2025-02-11 03:48:00,Search Ads,New Product Launch,1,2
29709,2025-02-11 15:21:00,Referral,Brand Awareness,1,3
29709,2025-02-11 23:44:00,Social Media,Discount Offer,0,4
29719,2025-02-10 10:03:00,Direct Traffic,-,1,1
29719,2025-02-10 15:45:00,Social Media,Brand Awareness,0,2
29719,2025-02-10 21:21:00,Email,Winter Sale,0,3
29719,2025-02-11 16:27:00,Email,-,0,4
29719,2025-02-11 23:54:00,Social Media,Discount Offer,0,5
29734,2025-02-10 11:46:00,Email,Winter Sale,0,1
29734,2025-02-10 19:25:00,Display Ads,Discount Offer,0,2
29734,2025-02-10 19:35:00,Display Ads,Retargeting,1,3
29734,2025-02-11 05:32:00,Social Media,Brand Awareness,1,4
29773,2025-02-10 11:55:00,Social Media,Brand Awareness,1,1
29773,2025-02-10 15:16:00,Social Media,Winter Sale,1,2
29773,2025-02-10 21:11:00,Search Ads,Discount Offer,0,3
29785,2025-02-10 00:55:00,Email,Brand Awareness,0,1
29785,2025-02-10 13:28:00,Display Ads,Winter Sale,1,2
29785,2025-02-10 21:37:00,Email,Retargeting,0,3
29785,2025-02-11 18:40:00,Direct Traffic,-,1,4
29800,2025-02-10 00:35:00,Display Ads,New Product Launch,0,1
29800,2025-02-11 00:58:00,Direct Traffic,-,1,2
29809,2025-02-10 03:29:00,Referral,Discount Offer,1,1
29809,2025-02-10 09:58:00,Direct Traffic,-,0,2
29809,2025-02-10 10:44:00,Direct Traffic,-,0,3
29809,2025-02-10 11:41:00,Display Ads,Brand Awareness,1,4
29809,2025-02-11 01:28:00,Search Ads,Retargeting,1,5
29809,2025-02-11 04:48:00,Direct Traffic,-,0,6
29809,2025-02-11 05:04:00,Email,Winter Sale,0,7
29809,2025-02-11 06:55:00,Search Ads,Retargeting,1,8
29809,2025-02-11 08:18:00,Display Ads,Retargeting,0,9
29809,2025-02-11 19:55:00,Referral,Brand Awareness,1,10
29834,2025-02-10 14:56:00,Social Media,Brand Awareness,1,1
29834,2025-02-11 15:46:00,Email,Winter Sale,1,2
29837,2025-02-10 15:23:00,Direct Traffic,-,0,1
29837,2025-02-10 20:18:00,Direct Traffic,-,1,2
29837,2025-02-11 06:44:00,Email,Retargeting,0,3
29837,2025-02-11 11:22:00,Email,Winter Sale,1,4
29837,2025-02-11 12:39:00,Social Media,New Product Launch,0,5
29837,2025-02-11 13:49:00,Referral,Brand Awareness,0,6
29844,2025-02-10 01:02:00,Email,Winter Sale,0,1
29844,2025-02-11 03:06:00,Email,Discount Offer,0,2
29844,2025-02-11 16:41:00,Search Ads,Retargeting,0,3
29844,2025-02-11 22:00:00,Email,Retargeting,0,4
29877,2025-02-10 03:21:00,Direct Traffic,-,0,1
29877,2025-02-10 03:22:00,Email,Discount Offer,1,2
29877,2025-02-10 12:32:00,Referral,Brand Awareness,0,3
29877,2025-02-10 13:43:00,Display Ads,-,0,4
29877,2025-02-11 05:50:00,Display Ads,Retargeting,0,5
29877,2025-02-11 12:32:00,Display Ads,New Product Launch,1,6
29877,2025-02-11 23:08:00,Email,Winter Sale,1,7
29914,2025-02-10 10:23:00,Email,Brand Awareness,0,1
29914,2025-02-10 11:46:00,Search Ads,-,0,2
29914,2025-02-10 20:25:00,Social Media,Winter Sale,1,3
29914,2025-02-11 02:00:00,Display Ads,Retargeting,1,4
29914,2025-02-11 19:42:00,Email,-,1,5
29914,2025-02-11 23:14:00,Social Media,New Product Launch,1,6
30026,2025-02-10 03:15:00,Referral,New Product Launch,1,1
30026,2025-02-11 15:48:00,Email,Retargeting,1,2
30026,2025-02-11 20:33:00,Referral,New Product Launch,0,3
30087,2025-02-10 04:49:00,Social Media,New Product Launch,0,1
30087,2025-02-10 09:20:00,Social Media,Winter Sale,0,2
30087,2025-02-10 14:00:00,Referral,New Product Launch,0,3
30087,2025-02-11 14:27:00,Email,-,0,4
30136,2025-02-10 02:05:00,Social Media,New Product Launch,0,1
30136,2025-02-10 11:51:00,Social Media,-,0,2
30136,2025-02-10 23:26:00,Search Ads,New Product Launch,0,3
30136,2025-02-11 04:23:00,Display Ads,Discount Offer,0,4
30141,2025-02-11 19:47:00,Search Ads,Retargeting,1,1
30155,2025-02-10 03:17:00,Social Media,-,0,1
30155,2025-02-10 06:59:00,Direct Traffic,-,1,2
30155,2025-02-10 21:55:00,Social Media,-,0,3
30155,2025-02-11 07:50:00,Search Ads,Brand Awareness,1,4
30155,2025-02-11 12:21:00,Search Ads,Discount Offer,1,5
30155,2025-02-11 15:43:00,Search Ads,Retargeting,1,6
30274,2025-02-11 08:34:00,Search Ads,Winter Sale,1,1
30274,2025-02-11 12:38:00,Social Media,Discount Offer,1,2
30274,2025-02-11 15:11:00,Display Ads,Brand Awareness,0,3
30274,2025-02-11 16:41:00,Direct Traffic,-,0,4
30274,2025-02-11 19:27:00,Social Media,Retargeting,1,5
30280,2025-02-10 03:30:00,Direct Traffic,-,0,1
30280,2025-02-11 13:00:00,Direct Traffic,-,1,2
30299,2025-02-10 02:47:00,Email,Discount Offer,0,1
30299,2025-02-10 12:54:00,Social Media,Discount Offer,1,2
30299,2025-02-10 16:53:00,Search Ads,Retargeting,1,3
30299,2025-02-11 04:20:00,Direct Traffic,-,0,4
30299,2025-02-11 13:59:00,Referral,-,0,5
30299,2025-02-11 14:50:00,Direct Traffic,-,0,6
30299,2025-02-11 19:01:00,Search Ads,Winter Sale,1,7
30339,2025-02-10 19:43:00,Direct Traffic,-,0,1
30339,2025-02-11 22:11:00,Display Ads,Winter Sale,0,2
30339,2025-02-11 23:37:00,Referral,Winter Sale,1,3
30380,2025-02-10 14:33:00,Email,Winter Sale,1,1
30380,2025-02-10 18:59:00,Social Media,New Product Launch,1,2
30380,2025-02-10 19:31:00,Social Media,New Product Launch,1,3
30380,2025-02-11 13:25:00,Search Ads,New Product Launch,0,4
30419,2025-02-11 14:59:00,Direct Traffic,-,0,1
30429,2025-02-10 12:16:00,Email,Winter Sale,0,1
30429,2025-02-10 21:54:00,Direct Traffic,-,1,2
30429,2025-02-11 02:34:00,Display Ads,-,0,3
30429,2025-02-11 19:50:00,Search Ads,-,0,4
30443,2025-02-11 07:29:00,Search Ads,Discount Offer,0,1
30446,2025-02-10 19:35:00,Social Media,Retargeting,1,1
30446,2025-02-11 12:00:00,Display Ads,New Product Launch,0,2
30446,2025-02-11 18:44:00,Display Ads,Brand Awareness,0,3
30447,2025-02-10 08:21:00,Social Media,Discount Offer,0,1
30447,2025-02-10 13:18:00,Display Ads,Winter Sale,0,2
30447,2025-02-10 23:34:00,Search Ads,Winter Sale,1,3
30460,2025-02-10 07:37:00,Direct Traffic,-,0,1
30460,2025-02-10 13:02:00,Social Media,-,1,2
30460,2025-02-10 19:21:00,Display Ads,Retargeting,0,3
30460,2025-02-10 19:30:00,Search Ads,-,0,4
30460,2025-02-10 20:24:00,Display Ads,Winter Sale,1,5
30460,2025-02-11 14:01:00,Display Ads,New Product Launch,1,6
30460,2025-02-11 22:16:00,Social Media,Retargeting,1,7
30468,2025-02-10 14:35:00,Social Media,-,0,1
30468,2025-02-10 19:50:00,Referral,Brand Awareness,0,2
30468,2025-02-11 07:43:00,Search Ads,Brand Awareness,0,3
30468,2025-02-11 11:02:00,Referral,Discount Offer,0,4
30468,2025-02-11 13:25:00,Search Ads,Retargeting,1,5
30521,2025-02-10 00:01:00,Display Ads,Discount Offer,1,1
30521,2025-02-10 15:43:00,Email,New Product Launch,1,2
30521,2025-02-10 19:32:00,Referral,Brand Awareness,1,3
30521,2025-02-11 12:25:00,Email,Retargeting,0,4
30544,2025-02-11 12:34:00,Referral,Discount Offer,1,1
30578,2025-02-10 00:53:00,Direct Traffic,-,1,1
30578,2025-02-10 09:48:00,Referral,Discount Offer,0,2
30578,2025-02-10 13:10:00,Search Ads,Retargeting,1,3
30578,2025-02-10 13:20:00,Search Ads,Retargeting,1,4
30578,2025-02-10 13:33:00,Search Ads,New Product Launch,1,5
30578,2025-02-10 23:50:00,Social Media,Discount Offer,1,6
30578,2025-02-11 07:07:00,Referral,Discount Offer,1,7
30578,2025-02-11 12:20:00,Referral,Discount Offer,0,8
30582,2025-02-10 00:08:00,Email,Brand Awareness,1,1
30582,2025-02-10 01:23:00,Referral,Winter Sale,1,2
30582,2025-02-10 19:46:00,Social Media,Winter Sale,0,3
30582,2025-02-11 01:41:00,Social Media,New Product Launch,0,4
30588,2025-02-10 05:36:00,Display Ads,Discount Offer,1,1
30588,2025-02-10 05:58:00,Referral,Discount Offer,1,2
30588,2025-02-10 23:29:00,Display Ads,Brand Awareness,0,3
30607,2025-02-10 10:13:00,Social Media,New Product Launch,1,1
30607,2025-02-10 16:13:00,Referral,New Product Launch,1,2
30607,2025-02-10 17:17:00,Search Ads,New Product Launch,0,3
30607,2025-02-11 00:02:00,Email,Retargeting,0,4
30628,2025-02-11 13:03:00,Social Media,Brand Awareness,1,1
30651,2025-02-10 16:51:00,Email,New Product Launch,1,1
30651,2025-02-10 18:58:00,Email,Discount Offer,0,2
30651,2025-02-11 02:28:00,Search Ads,Discount Offer,0,3
30651,2025-02-11 07:49:00,Referral,-,0,4
30664,2025-02-10 08:46:00,Referral,-,0,1
30664,2025-02-10 09:00:00,Email,Discount Offer,1,2
30664,2025-02-10 17:44:00,Social Media,-,0,3
30664,2025-02-11 10:37:00,Social Media,New Product Launch,1,4
30664,2025-02-11 22:23:00,Email,-,1,5
30675,2025-02-10 14:13:00,Direct Traffic,-,1,1
30675,2025-02-10 15:26:00,Direct Traffic,-,1,2
30675,2025-02-10 18:26:00,Display Ads,Brand Awareness,1,3
30675,2025-02-11 14:42:00,Referral,Discount Offer,1,4
30675,2025-02-11 17:23:00,Social Media,Retargeting,1,5
30675,2025-02-11 23:04:00,Email,Retargeting,1,6
30694,2025-02-10 04:47:00,Social Media,New Product Launch,0,1
30694,2025-02-10 18:27:00,Direct Traffic,-,0,2
30820,2025-02-10 15:31:00,Social Media,-,1,1
30820,2025-02-10 23:00:00,Social Media,Discount Offer,0,2
30820,2025-02-11 14:49:00,Referral,Brand Awareness,0,3
30820,2025-02-11 17:45:00,Display Ads,Discount Offer,0,4
30820,2025-02-11 21:53:00,Email,Brand Awareness,1,5
30842,2025-02-10 17:06:00,Referral,Winter Sale,1,1
30842,2025-02-10 19:00:00,Email,New Product Launch,1,2
30842,2025-02-10 20:07:00,Referral,Retargeting,1,3
30845,2025-02-10 02:23:00,Referral,Brand Awareness,0,1
30845,2025-02-10 11:06:00,Display Ads,New Product Launch,0,2
30845,2025-02-10 22:35:00,Display Ads,Brand Awareness,1,3
30845,2025-02-11 02:07:00,Referral,New Product Launch,1,4
30845,2025-02-11 15:43:00,Email,Retargeting,1,5
30888,2025-02-10 19:05:00,Direct Traffic,-,0,1
30888,2025-02-10 23:45:00,Social Media,New Product Launch,1,2
30888,2025-02-11 04:23:00,Display Ads,Discount Offer,1,3
30895,2025-02-10 21:44:00,Direct Traffic,-,0,1
30895,2025-02-10 21:52:00,Display Ads,Discount Offer,0,2
30895,2025-02-11 21:23:00,Email,New Product Launch,1,3
30910,2025-02-10 03:37:00,Referral,Discount Offer,1,1
30910,2025-02-10 14:52:00,Display Ads,Winter Sale,0,2
30910,2025-02-11 02:03:00,Referral,Discount Offer,1,3
30910,2025-02-11 18:45:00,Social Media,-,0,4
30955,2025-02-10 02:04:00,Direct Traffic,-,0,1
30955,2025-02-10 23:02:00,Social Media,Retargeting,1,2
30955,2025-02-11 00:04:00,Display Ads,Retargeting,1,3
30977,2025-02-10 10:17:00,Social Media,-,0,1
30977,2025-02-10 23:51:00,Referral,-,0,2
30977,2025-02-11 18:40:00,Search Ads,New Product Launch,1,3
30987,2025-02-10 07:24:00,Email,New Product Launch,1,1
30989,2025-02-10 02:20:00,Search Ads,New Product Launch,1,1
30989,2025-02-10 17:00:00,Email,Brand Awareness,1,2
30989,2025-02-11 05:45:00,Display Ads,Winter Sale,1,3
30989,2025-02-11 20:37:00,Display Ads,Winter Sale,0,4
31012,2025-02-10 00:11:00,Social Media,Brand Awareness,0,1
31012,2025-02-10 09:59:00,Display Ads,Retargeting,1,2
31012,2025-02-11 21:49:00,Search Ads,Discount Offer,0,3
31012,2025-02-11 22:44:00,Email,-,1,4
31021,2025-02-10 00:58:00,Social Media,Winter Sale,1,1
31021,2025-02-10 06:30:00,Display Ads,Winter Sale,1,2
31021,2025-02-10 11:58:00,Referral,Winter Sale,1,3
31021,2025-02-11 08:26:00,Social Media,New Product Launch,1,4
31021,2025-02-11 20:01:00,Direct Traffic,-,0,5
31070,2025-02-10 09:55:00,Direct Traffic,-,0,1
31070,2025-02-10 12:40:00,Email,Retargeting,1,2
31070,2025-02-11 12:18:00,Referral,New Product Launch,0,3
31070,2025-02-11 21:33:00,Social Media,-,0,4
31126,2025-02-10 17:39:00,Email,Brand Awareness,0,1
31126,2025-02-10 19:00:00,Search Ads,-,0,2
31126,2025-02-11 10:32:00,Email,Discount Offer,1,3
31126,2025-02-11 15:05:00,Search Ads,New Product Launch,1,4
31133,2025-02-10 14:02:00,Search Ads,Discount Offer,0,1
31133,2025-02-11 05:24:00,Referral,-,1,2
31133,2025-02-11 08:10:00,Display Ads,Winter Sale,1,3
31133,2025-02-11 08:44:00,Direct Traffic,-,1,4
31134,2025-02-10 02:13:00,Search Ads,Retargeting,0,1
31134,2025-02-10 04:50:00,Search Ads,Brand Awareness,0,2
31134,2025-02-10 08:19:00,Search Ads,Retargeting,0,3
31134,2025-02-10 19:22:00,Email,Retargeting,1,4
31134,2025-02-11 06:43:00,Search Ads,-,1,5
31134,2025-02-11 18:16:00,Direct Traffic,-,0,6
31158,2025-02-10 13:28:00,Referral,Brand Awareness,0,1
31185,2025-02-10 21:05:00,Social Media,-,1,1
31185,2025-02-11 01:16:00,Search Ads,Winter Sale,0,2
31185,2025-02-11 13:54:00,Display Ads,-,0,3
31190,2025-02-11 00:40:00,Referral,Discount Offer,0,1
31190,2025-02-11 16:25:00,Search Ads,New Product Launch,0,2
31200,2025-02-10 04:47:00,Referral,-,1,1
31200,2025-02-10 09:09:00,Search Ads,Discount Offer,1,2
31200,2025-02-11 03:06:00,Referral,Retargeting,1,3
31210,2025-02-10 03:22:00,Search Ads,-,0,1
31210,2025-02-10 18:38:00,Direct Traffic,-,0,2
31210,2025-02-11 10:26:00,Email,-,0,3
31213,2025-02-10 07:49:00,Display Ads,Winter Sale,1,1
31213,2025-02-11 00:42:00,Email,Winter Sale,1,2
31213,2025-02-11 01:53:00,Direct Traffic,-,1,3
31213,2025-02-11 10:40:00,Search Ads,Winter Sale,0,4
31213,2025-02-11 15:33:00,Email,New Product Launch,0,5
31213,2025-02-11 16:14:00,Search Ads,Winter Sale,1,6
31213,2025-02-11 17:58:00,Display Ads,Brand Awareness,1,7
31219,2025-02-11 14:01:00,Social Media,Winter Sale,0,1
31219,2025-02-11 21:16:00,Email,New Product Launch,1,2
31273,2025-02-10 14:37:00,Display Ads,Brand Awareness,0,1
31273,2025-02-10 21:18:00,Referral,Brand Awareness,0,2
31273,2025-02-10 22:44:00,Referral,Retargeting,1,3
31273,2025-02-10 22:46:00,Social Media,Retargeting,0,4
31273,2025-02-11 19:47:00,Search Ads,Winter Sale,1,5
31275,2025-02-10 19:05:00,Display Ads,Retargeting,1,1
31275,2025-02-11 07:41:00,Social Media,Retargeting,0,2
31278,2025-02-10 07:30:00,Social Media,Retargeting,1,1
31278,2025-02-10 14:15:00,Direct Traffic,-,1,2
31278,2025-02-10 23:00:00,Display Ads,Retargeting,1,3
31278,2025-02-11 21:42:00,Search Ads,-,0,4
31285,2025-02-11 03:55:00,Referral,Brand Awareness,1,1
31308,2025-02-10 21:42:00,Display Ads,-,0,1
31308,2025-02-10 22:32:00,Social Media,Brand Awareness,0,2
31308,2025-02-11 01:20:00,Social Media,Brand Awareness,1,3
31308,2025-02-11 17:54:00,Direct Traffic,-,0,4
31324,2025-02-10 01:00:00,Social Media,-,1,1
31324,2025-02-10 15:39:00,Direct Traffic,-,0,2
31340,2025-02-10 00:25:00,Direct Traffic,-,1,1
31340,2025-02-10 01:51:00,Direct Traffic,-,0,2
31340,2025-02-10 10:48:00,Referral,New Product Launch,0,3
31340,2025-02-10 21:45:00,Direct Traffic,-,0,4
31340,2025-02-11 05:08:00,Email,Brand Awareness,0,5
31340,2025-02-11 16:05:00,Direct Traffic,-,1,6
31439,2025-02-11 17:01:00,Social Media,Brand Awareness,0,1
31581,2025-02-10 10:38:00,Email,New Product Launch,0,1
31581,2025-02-10 15:28:00,Search Ads,Discount Offer,1,2
31581,2025-02-11 00:24:00,Search Ads,Discount Offer,0,3
31581,2025-02-11 12:41:00,Social Media,Discount Offer,0,4
31631,2025-02-11 01:17:00,Referral,New Product Launch,0,1
31643,2025-02-10 09:16:00,Referral,-,1,1
31643,2025-02-10 14:26:00,Direct Traffic,-,0,2
31643,2025-02-11 11:46:00,Direct Traffic,-,1,3
31643,2025-02-11 17:32:00,Display Ads,Retargeting,1,4
31658,2025-02-11 04:00:00,Search Ads,Brand Awareness,0,1
31679,2025-02-10 05:08:00,Email,Winter Sale,1,1
31679,2025-02-10 10:08:00,Direct Traffic,-,1,2
31679,2025-02-10 10:34:00,Direct Traffic,-,0,3
31679,2025-02-10 11:21:00,Social Media,Winter Sale,1,4
31679,2025-02-10 11:30:00,Referral,New Product Launch,0,5
31679,2025-02-11 05:15:00,Direct Traffic,-,1,6
31679,2025-02-11 07:36:00,Search Ads,Retargeting,1,7
31679,2025-02-11 16:14:00,Email,Brand Awareness,0,8
31680,2025-02-10 06:31:00,Referral,Discount Offer,0,1
31680,2025-02-11 18:05:00,Email,Winter Sale,0,2
31703,2025-02-10 02:47:00,Referral,Winter Sale,0,1
31703,2025-02-10 23:01:00,Direct Traffic,-,0,2
31703,2025-02-11 06:19:00,Email,Brand Awareness,1,3
31703,2025-02-11 17:43:00,Referral,Brand Awareness,0,4
31703,2025-02-11 22:43:00,Social Media,Retargeting,0,5
31723,2025-02-10 15:56:00,Email,Winter Sale,0,1
31723,2025-02-10 22:53:00,Social Media,Discount Offer,1,2
31723,2025-02-11 01:39:00,Email,New Product Launch,1,3
31723,2025-02-11 09:42:00,Search Ads,Brand Awareness,1,4
31723,2025-02-11 13:31:00,Search Ads,-,0,5
31723,2025-02-11 19:14:00,Referral,New Product Launch,1,6
31723,2025-02-11 21:26:00,Search Ads,Retargeting,0,7
31763,2025-02-10 05:15:00,Search Ads,-,0,1
31763,2025-02-10 08:32:00,Search Ads,New Product Launch,0,2
31763,2025-02-11 09:56:00,Social Media,-,0,3
31763,2025-02-11 12:35:00,Display Ads,-,0,4
31833,2025-02-10 01:17:00,Social Media,Brand Awareness,1,1
31833,2025-02-10 04:51:00,Search Ads,New Product Launch,1,2
31833,2025-02-11 03:09:00,Direct Traffic,-,1,3
31868,2025-02-10 00:07:00,Direct Traffic,-,0,1
31889,2025-02-10 21:15:00,Email,Winter Sale,0,1
31889,2025-02-11 11:34:00,Display Ads,-,0,2
31889,2025-02-11 18:11:00,Email,Brand Awareness,0,3
31901,2025-02-10 13:11:00,Referral,Winter Sale,0,1
31901,2025-02-10 17:21:00,Search Ads,-,0,2
31901,2025-02-11 12:42:00,Direct Traffic,-,0,3
31901,2025-02-11 23:21:00,Social Media,Retargeting,1,4
31937,2025-02-10 23:21:00,Social Media,New Product Launch,1,1
31937,2025-02-11 08:45:00,Search Ads,Winter Sale,0,2
31937,2025-02-11 21:53:00,Search Ads,Discount Offer,0,3
31937,2025-02-11 23:08:00,Referral,Brand Awareness,0,4
32052,2025-02-11 05:15:00,Social Media,Retargeting,1,1
32052,2025-02-11 17:42:00,Direct Traffic,-,1,2
32120,2025-02-10 08:39:00,Email,Brand Awareness,1,1
32120,2025-02-11 02:51:00,Email,-,0,2
32120,2025-02-11 23:02:00,Direct Traffic,-,0,3
32160,2025-02-10 06:46:00,Display Ads,Winter Sale,0,1
32160,2025-02-10 18:25:00,Email,New Product Launch,0,2
32160,2025-02-11 07:51:00,Referral,Discount Offer,0,3
32160,2025-02-11 17:05:00,Display Ads,Winter Sale,0,4
32299,2025-02-10 00:51:00,Direct Traffic,-,0,1
32299,2025-02-10 03:30:00,Display Ads,Retargeting,0,2
32299,2025-02-10 05:53:00,Referral,Brand Awareness,0,3
32299,2025-02-10 16:35:00,Referral,Retargeting,1,4
32344,2025-02-10 08:11:00,Social Media,Retargeting,1,1
32344,2025-02-10 16:09:00,Email,New Product Launch,0,2
32344,2025-02-10 19:33:00,Referral,Winter Sale,1,3
32344,2025-02-11 20:17:00,Display Ads,Winter Sale,1,4
32344,2025-02-11 22:14:00,Display Ads,Brand Awareness,0,5
32377,2025-02-10 15:05:00,Referral,Discount Offer,0,1
32391,2025-02-10 05:33:00,Referral,Retargeting,1,1
32391,2025-02-10 17:20:00,Email,Brand Awareness,0,2
32391,2025-02-10 18:15:00,Email,Winter Sale,0,3
32391,2025-02-11 11:41:00,Search Ads,-,0,4
32391,2025-02-11 21:35:00,Display Ads,New Product Launch,0,5
32402,2025-02-10 07:07:00,Direct Traffic,-,0,1
32402,2025-02-10 09:06:00,Social Media,Winter Sale,0,2
32402,2025-02-10 16:49:00,Direct Traffic,-,1,3
32402,2025-02-11 03:05:00,Email,New Product Launch,1,4
32402,2025-02-11 22:56:00,Email,Brand Awareness,0,5
32424,2025-02-10 01:27:00,Search Ads,Brand Awareness,0,1
32424,2025-02-10 05:54:00,Referral,Brand Awareness,1,2
32424,2025-02-10 18:00:00,Referral,Discount Offer,0,3
32477,2025-02-10 05:13:00,Search Ads,Winter Sale,0,1
32477,2025-02-10 09:42:00,Display Ads,-,1,2
32477,2025-02-10 19:32:00,Email,New Product Launch,0,3
32477,2025-02-11 07:02:00,Search Ads,New Product Launch,1,4
32477,2025-02-11 19:37:00,Referral,-,0,5
32477,2025-02-11 21:31:00,Display Ads,Winter Sale,0,6
32550,2025-02-10 07:15:00,Email,Brand Awareness,0,1
32550,2025-02-10 13:06:00,Display Ads,Discount Offer,1,2
32550,2025-02-11 09:46:00,Display Ads,Discount Offer,1,3
32562,2025-02-10 00:42:00,Direct Traffic,-,1,1
32562,2025-02-10 09:35:00,Email,Brand Awareness,0,2
32562,2025-02-11 09:45:00,Social Media,Winter Sale,0,3
32562,2025-02-11 16:22:00,Email,Brand Awareness,0,4
32651,2025-02-10 09:00:00,Referral,-,1,1
32651,2025-02-11 08:22:00,Direct Traffic,-,0,2
32651,2025-02-11 16:21:00,Referral,New Product Launch,1,3
32651,2025-02-11 23:30:00,Referral,Winter Sale,0,4
32663,2025-02-11 04:07:00,Email,Winter Sale,0,1
32663,2025-02-11 12:54:00,Email,Brand Awareness,0,2
32663,2025-02-11 22:33:00,Referral,Winter Sale,0,3
32685,2025-02-10 22:59:00,Referral,Winter Sale,0,1
32685,2025-02-11 13:52:00,Social Media,Brand Awareness,0,2
32692,2025-02-10 02:28:00,Social Media,Winter Sale,1,1
32692,2025-02-11 01:15:00,Search Ads,Brand Awareness,0,2
32692,2025-02-11 03:39:00,Social Media,Discount Offer,0,3
32692,2025-02-11 15:38:00,Search Ads,Discount Offer,1,4
32692,2025-02-11 19:01:00,Referral,New Product Launch,0,5
32692,2025-02-11 23:17:00,Direct Traffic,-,1,6
32709,2025-02-10 01:52:00,Referral,Winter Sale,1,1
32709,2025-02-10 02:36:00,Display Ads,Discount Offer,1,2
32709,2025-02-11 03:08:00,Display Ads,Brand Awareness,1,3
32739,2025-02-10 00:00:00,Display Ads,Retargeting,0,1
32739,2025-02-10 17:00:00,Social Media,Winter Sale,1,2
32739,2025-02-11 05:23:00,Search Ads,-,1,3
32828,2025-02-10 03:48:00,Referral,Retargeting,0,1
32828,2025-02-10 05:20:00,Display Ads,Retargeting,0,2
32828,2025-02-10 11:48:00,Referral,Discount Offer,0,3
32828,2025-02-11 12:51:00,Search Ads,-,1,4
32839,2025-02-10 08:12:00,Email,-,0,1
32839,2025-02-10 09:54:00,Direct Traffic,-,0,2
32839,2025-02-10 10:10:00,Email,Discount Offer,0,3
32839,2025-02-10 10:48:00,Direct Traffic,-,1,4
32839,2025-02-10 19:31:00,Referral,Discount Offer,0,5
32839,2025-02-10 22:27:00,Search Ads,-,0,6
32839,2025-02-11 11:16:00,Email,Winter Sale,0,7
32839,2025-02-11 18:51:00,Email,Discount Offer,1,8
32839,2025-02-11 23:07:00,Referral,Discount Offer,0,9
32877,2025-02-10 00:50:00,Display Ads,Winter Sale,0,1
32877,2025-02-10 13:52:00,Search Ads,Retargeting,0,2
32877,2025-02-11 10:21:00,Search Ads,Winter Sale,0,3
32877,2025-02-11 18:01:00,Social Media,Winter Sale,1,4
32882,2025-02-10 05:06:00,Email,New Product Launch,1,1
32882,2025-02-10 08:08:00,Referral,Discount Offer,1,2
32882,2025-02-10 10:22:00,Social Media,Winter Sale,1,3
32882,2025-02-10 12:00:00,Email,Winter Sale,0,4
32882,2025-02-10 13:34:00,Direct Traffic,-,1,5
32882,2025-02-11 06:09:00,Email,Discount Offer,0,6
32883,2025-02-10 09:02:00,Social Media,Brand Awareness,1,1
32883,2025-02-10 23:24:00,Display Ads,-,0,2
32883,2025-02-11 11:44:00,Social Media,Discount Offer,0,3
32897,2025-02-10 09:17:00,Search Ads,New Product Launch,1,1
32897,2025-02-10 16:51:00,Direct Traffic,-,1,2
32897,2025-02-10 22:03:00,Search Ads,Discount Offer,1,3
32897,2025-02-11 15:02:00,Referral,New Product Launch,1,4
32900,2025-02-10 10:47:00,Email,Retargeting,1,1
32900,2025-02-11 03:14:00,Email,Brand Awareness,0,2
32900,2025-02-11 03:45:00,Email,New Product Launch,1,3
32914,2025-02-10 06:38:00,Email,Discount Offer,1,1
32914,2025-02-10 15:47:00,Display Ads,-,0,2
32914,2025-02-11 02:38:00,Search Ads,Winter Sale,0,3
32914,2025-02-11 03:37:00,Email,Brand Awareness,0,4
32954,2025-02-10 22:43:00,Social Media,New Product Launch,0,1
32954,2025-02-11 10:15:00,Social Media,Retargeting,0,2
32954,2025-02-11 13:58:00,Email,-,0,3
33019,2025-02-10 21:31:00,Social Media,Discount Offer,0,1
33019,2025-02-11 04:54:00,Display Ads,Retargeting,1,2
33019,2025-02-11 21:30:00,Direct Traffic,-,0,3
33074,2025-02-10 18:37:00,Direct Traffic,-,0,1
33074,2025-02-11 16:09:00,Search Ads,Brand Awareness,0,2
33077,2025-02-11 00:18:00,Display Ads,Winter Sale,0,1
33077,2025-02-11 05:47:00,Display Ads,Retargeting,1,2
33077,2025-02-11 08:34:00,Direct Traffic,-,1,3
33077,2025-02-11 19:47:00,Email,Winter Sale,1,4
33106,2025-02-11 12:34:00,Email,New Product Launch,1,1
33106,2025-02-11 19:13:00,Social Media,-,1,2
33106,2025-02-11 21:04:00,Display Ads,New Product Launch,0,3
33189,2025-02-10 07:48:00,Email,New Product Launch,0,1
33189,2025-02-10 21:59:00,Referral,Discount Offer,0,2
33189,2025-02-11 13:37:00,Search Ads,Retargeting,1,3
33189,2025-02-11 21:03:00,Social Media,New Product Launch,0,4
33190,2025-02-11 18:25:00,Referral,Discount Offer,0,1
33190,2025-02-11 23:06:00,Search Ads,Winter Sale,1,2
33255,2025-02-10 18:29:00,Social Media,Brand Awareness,0,1
33255,2025-02-10 22:58:00,Email,Brand Awareness,1,2
33255,2025-02-11 01:40:00,Direct Traffic,-,1,3
33255,2025-02-11 06:15:00,Direct Traffic,-,0,4
33255,2025-02-11 08:10:00,Email,-,0,5
33255,2025-02-11 19:49:00,Search Ads,Winter Sale,0,6
33292,2025-02-10 11:12:00,Search Ads,Brand Awareness,0,1
33292,2025-02-10 13:34:00,Email,Winter Sale,0,2
33292,2025-02-10 20:47:00,Direct Traffic,-,0,3
33292,2025-02-10 21:20:00,Search Ads,Brand Awareness,1,4
33292,2025-02-11 11:50:00,Referral,Discount Offer,0,5
33336,2025-02-10 09:44:00,Display Ads,Winter Sale,1,1
33336,2025-02-11 20:23:00,Direct Traffic,-,0,2
33345,2025-02-10 18:11:00,Display Ads,Brand Awareness,1,1
33345,2025-02-10 19:31:00,Search Ads,Discount Offer,0,2
33345,2025-02-10 19:49:00,Social Media,-,0,3
33345,2025-02-11 07:54:00,Referral,Discount Offer,1,4
33345,2025-02-11 15:08:00,Social Media,Winter Sale,0,5
33367,2025-02-11 00:06:00,Display Ads,Retargeting,0,1
33367,2025-02-11 13:17:00,Email,Discount Offer,1,2
33367,2025-02-11 20:43:00,Display Ads,Brand Awareness,1,3
33377,2025-02-10 22:14:00,Search Ads,Retargeting,0,1
33377,2025-02-11 09:48:00,Display Ads,New Product Launch,0,2
33382,2025-02-10 09:40:00,Email,Brand Awareness,0,1
33382,2025-02-11 10:41:00,Display Ads,New Product Launch,0,2
33382,2025-02-11 11:05:00,Display Ads,Discount Offer,0,3
33382,2025-02-11 13:09:00,Social Media,Brand Awareness,0,4
33382,2025-02-11 19:20:00,Referral,-,0,5
33392,2025-02-10 02:41:00,Display Ads,Retargeting,1,1
33392,2025-02-10 04:20:00,Display Ads,New Product Launch,1,2
33392,2025-02-10 04:24:00,Search Ads,-,0,3
33392,2025-02-10 17:36:00,Email,Retargeting,1,4
33392,2025-02-10 23:56:00,Search Ads,New Product Launch,0,5
33400,2025-02-10 08:27:00,Email,Winter Sale,0,1
33400,2025-02-11 00:56:00,Display Ads,-,0,2
33421,2025-02-11 12:01:00,Email,Discount Offer,1,1
33421,2025-02-11 17:04:00,Social Media,Discount Offer,1,2
33497,2025-02-10 01:11:00,Direct Traffic,-,0,1
33497,2025-02-10 04:30:00,Referral,Discount Offer,1,2
33497,2025-02-10 06:27:00,Social Media,Discount Offer,0,3
33497,2025-02-11 02:31:00,Display Ads,-,1,4
33497,2025-02-11 05:06:00,Social Media,Winter Sale,0,5
33497,2025-02-11 05:52:00,Social Media,Winter Sale,0,6
33497,2025-02-11 16:31:00,Display Ads,Discount Offer,0,7
33499,2025-02-10 00:08:00,Display Ads,-,1,1
33499,2025-02-10 23:53:00,Referral,-,1,2
33499,2025-02-11 00:21:00,Email,Winter Sale,0,3
33499,2025-02-11 06:22:00,Display Ads,-,0,4
33499,2025-02-11 13:15:00,Display Ads,Discount Offer,1,5
33499,2025-02-11 13:52:00,Email,Winter Sale,1,6
33499,2025-02-11 22:55:00,Search Ads,Discount Offer,0,7
33517,2025-02-10 23:41:00,Search Ads,Brand Awareness,0,1
33537,2025-02-10 02:08:00,Direct Traffic,-,0,1
33545,2025-02-10 07:43:00,Display Ads,-,1,1
33545,2025-02-10 20:21:00,Direct Traffic,-,1,2
33578,2025-02-10 07:53:00,Display Ads,Retargeting,0,1
33578,2025-02-10 08:02:00,Email,Discount Offer,0,2
33578,2025-02-11 00:19:00,Email,Winter Sale,0,3
33578,2025-02-11 02:50:00,Referral,Retargeting,0,4
33578,2025-02-11 04:50:00,Search Ads,-,1,5
33578,2025-02-11 06:49:00,Referral,Retargeting,1,6
33593,2025-02-10 14:17:00,Email,Winter Sale,1,1
33593,2025-02-11 01:50:00,Display Ads,Brand Awareness,1,2
33601,2025-02-10 05:36:00,Direct Traffic,-,0,1
33601,2025-02-10 08:21:00,Email,-,0,2
33601,2025-02-10 08:34:00,Email,-,0,3
33601,2025-02-11 05:20:00,Email,-,0,4
33601,2025-02-11 10:40:00,Direct Traffic,-,0,5
33822,2025-02-10 04:37:00,Search Ads,Winter Sale,1,1
33822,2025-02-11 04:34:00,Social Media,-,1,2
33822,2025-02-11 14:06:00,Referral,New Product Launch,1,3
33822,2025-02-11 18:29:00,Referral,Discount Offer,0,4
33822,2025-02-11 22:30:00,Display Ads,Retargeting,0,5
33843,2025-02-10 02:26:00,Direct Traffic,-,0,1
33843,2025-02-10 10:53:00,Search Ads,-,1,2
33843,2025-02-11 04:22:00,Direct Traffic,-,1,3
33843,2025-02-11 10:08:00,Social Media,-,0,4
33843,2025-02-11 21:25:00,Referral,New Product Launch,1,5
33960,2025-02-10 00:04:00,Direct Traffic,-,1,1
33960,2025-02-10 00:19:00,Referral,New Product Launch,0,2
33960,2025-02-10 04:38:00,Display Ads,Brand Awareness,0,3
33960,2025-02-10 07:22:00,Referral,Retargeting,0,4
33960,2025-02-11 01:33:00,Direct Traffic,-,1,5
33960,2025-02-11 08:06:00,Referral,Winter Sale,0,6
33974,2025-02-11 06:09:00,Display Ads,Discount Offer,1,1
33974,2025-02-11 21:47:00,Display Ads,-,0,2
33975,2025-02-10 00:45:00,Search Ads,Winter Sale,1,1
33975,2025-02-10 02:46:00,Referral,Brand Awareness,1,2
33979,2025-02-10 07:26:00,Email,Winter Sale,0,1
33979,2025-02-10 17:17:00,Referral,Retargeting,0,2
33979,2025-02-10 21:07:00,Email,Winter Sale,1,3
33991,2025-02-10 01:11:00,Social Media,New Product Launch,1,1
33991,2025-02-10 23:45:00,Search Ads,Retargeting,1,2
33991,2025-02-11 01:57:00,Direct Traffic,-,1,3
33991,2025-02-11 03:34:00,Social Media,Winter Sale,1,4
33991,2025-02-11 07:28:00,Display Ads,New Product Launch,1,5
33999,2025-02-10 17:20:00,Direct Traffic,-,1,1
33999,2025-02-10 17:37:00,Display Ads,-,0,2
33999,2025-02-10 19:52:00,Email,Winter Sale,1,3
33999,2025-02-10 21:44:00,Social Media,New Product Launch,0,4
33999,2025-02-11 05:26:00,Referral,Winter Sale,1,5
34007,2025-02-10 19:07:00,Email,Retargeting,0,1
34007,2025-02-10 21:29:00,Display Ads,-,0,2
34007,2025-02-11 11:21:00,Social Media,-,1,3
34056,2025-02-11 21:43:00,Display Ads,Winter Sale,1,1
34073,2025-02-10 03:43:00,Email,Winter Sale,0,1
34073,2025-02-10 06:03:00,Social Media,Winter Sale,1,2
34073,2025-02-10 11:27:00,Search Ads,Discount Offer,0,3
34073,2025-02-10 16:52:00,Direct Traffic,-,0,4
34073,2025-02-10 19:43:00,Email,New Product Launch,1,5
34073,2025-02-11 06:25:00,Email,-,1,6
34073,2025-02-11 12:52:00,Display Ads,New Product Launch,0,7
34080,2025-02-11 02:39:00,Social Media,Retargeting,1,1
34080,2025-02-11 08:13:00,Search Ads,New Product Launch,1,2
34087,2025-02-10 14:48:00,Social Media,Winter Sale,1,1
34087,2025-02-10 20:29:00,Direct Traffic,-,1,2
34094,2025-02-10 19:51:00,Email,-,0,1
34094,2025-02-11 02:54:00,Email,Winter Sale,1,2
34094,2025-02-11 09:32:00,Search Ads,Retargeting,0,3
34143,2025-02-11 04:52:00,Search Ads,Winter Sale,1,1
34143,2025-02-11 07:26:00,Direct Traffic,-,1,2
34192,2025-02-10 10:34:00,Search Ads,Discount Offer,1,1
34192,2025-02-10 12:48:00,Display Ads,Winter Sale,0,2
34192,2025-02-10 16:18:00,Search Ads,Brand Awareness,1,3
34192,2025-02-10 19:23:00,Social Media,Retargeting,1,4
34218,2025-02-10 14:43:00,Display Ads,New Product Launch,0,1
34263,2025-02-10 15:59:00,Email,Discount Offer,0,1
34263,2025-02-11 06:25:00,Display Ads,Brand Awareness,0,2
34263,2025-02-11 17:03:00,Email,Retargeting,1,3
34263,2025-02-11 18:36:00,Email,Winter Sale,1,4
34300,2025-02-10 09:29:00,Email,Retargeting,1,1
34300,2025-02-10 10:40:00,Direct Traffic,-,1,2
34300,2025-02-11 07:17:00,Referral,Retargeting,1,3
34300,2025-02-11 16:48:00,Referral,Retargeting,1,4
34310,2025-02-10 07:50:00,Social Media,Winter Sale,0,1
34310,2025-02-10 19:34:00,Referral,Brand Awareness,0,2
34310,2025-02-11 08:34:00,Direct Traffic,-,1,3
34310,2025-02-11 08:55:00,Direct Traffic,-,0,4
34310,2025-02-11 15:37:00,Direct Traffic,-,1,5
34372,2025-02-10 09:40:00,Email,-,0,1
34372,2025-02-11 20:02:00,Direct Traffic,-,1,2
34372,2025-02-11 22:04:00,Social Media,Retargeting,1,3
34372,2025-02-11 23:21:00,Referral,-,0,4
34390,2025-02-10 22:06:00,Social Media,Winter Sale,0,1
34390,2025-02-11 15:39:00,Display Ads,New Product Launch,0,2
34395,2025-02-11 01:50:00,Social Media,New Product Launch,0,1
34395,2025-02-11 11:40:00,Display Ads,Winter Sale,0,2
34395,2025-02-11 15:07:00,Email,Winter Sale,0,3
34395,2025-02-11 22:03:00,Email,New Product Launch,0,4
34498,2025-02-10 00:41:00,Referral,Winter Sale,1,1
34498,2025-02-10 02:58:00,Search Ads,Retargeting,0,2
34498,2025-02-10 11:52:00,Referral,Brand Awareness,1,3
34498,2025-02-10 12:25:00,Social Media,Discount Offer,1,4
34498,2025-02-11 00:14:00,Email,Discount Offer,0,5
34498,2025-02-11 07:14:00,Direct Traffic,-,1,6
34498,2025-02-11 14:25:00,Display Ads,Discount Offer,1,7
34498,2025-02-11 18:18:00,Direct Traffic,-,0,8
34498,2025-02-11 20:12:00,Email,Brand Awareness,1,9
34551,2025-02-10 15:55:00,Referral,Discount Offer,0,1
34551,2025-02-11 03:19:00,Referral,-,1,2
34551,2025-02-11 17:00:00,Display Ads,-,0,3
34573,2025-02-10 17:46:00,Search Ads,Discount Offer,1,1
34573,2025-02-11 08:44:00,Referral,Discount Offer,1,2
34573,2025-02-11 17:07:00,Display Ads,Discount Offer,1,3
34573,2025-02-11 20:41:00,Referral,Winter Sale,0,4
34587,2025-02-10 02:14:00,Direct Traffic,-,1,1
34587,2025-02-11 04:41:00,Direct Traffic,-,1,2
34587,2025-02-11 06:09:00,Social Media,Winter Sale,0,3
34608,2025-02-10 01:04:00,Referral,-,0,1
34608,2025-02-10 02:16:00,Direct Traffic,-,1,2
34608,2025-02-10 04:09:00,Display Ads,New Product Launch,1,3
34608,2025-02-10 17:54:00,Search Ads,Winter Sale,0,4
34608,2025-02-11 01:33:00,Email,-,1,5
34608,2025-02-11 13:37:00,Display Ads,Winter Sale,1,6
34641,2025-02-11 00:32:00,Display Ads,Winter Sale,1,1
34649,2025-02-10 17:05:00,Email,Brand Awareness,1,1
34649,2025-02-11 11:19:00,Email,New Product Launch,1,2
34649,2025-02-11 13:21:00,Display Ads,Discount Offer,0,3
34649,2025-02-11 20:57:00,Display Ads,Retargeting,0,4
34653,2025-02-10 07:07:00,Search Ads,Retargeting,0,1
34653,2025-02-10 21:48:00,Direct Traffic,-,1,2
34653,2025-02-11 11:02:00,Direct Traffic,-,1,3
34672,2025-02-11 13:59:00,Referral,New Product Launch,0,1
34693,2025-02-10 12:33:00,Social Media,New Product Launch,1,1
34693,2025-02-10 17:52:00,Social Media,Retargeting,1,2
34693,2025-02-11 06:53:00,Direct Traffic,-,0,3
34708,2025-02-10 02:43:00,Display Ads,Winter Sale,1,1
34708,2025-02-10 12:39:00,Referral,Retargeting,0,2
34708,2025-02-10 21:12:00,Search Ads,Winter Sale,1,3
34708,2025-02-10 23:07:00,Display Ads,Brand Awareness,0,4
34708,2025-02-11 03:02:00,Display Ads,Retargeting,1,5
34708,2025-02-11 18:18:00,Referral,Winter Sale,0,6
34737,2025-02-11 13:30:00,Referral,Brand Awareness,0,1
34737,2025-02-11 22:32:00,Search Ads,Winter Sale,1,2
34780,2025-02-10 15:35:00,Social Media,Retargeting,0,1
34780,2025-02-10 15:57:00,Social Media,Discount Offer,0,2
34780,2025-02-10 21:03:00,Social Media,Discount Offer,0,3
34833,2025-02-10 01:57:00,Referral,New Product Launch,0,1
34833,2025-02-10 17:07:00,Referral,-,1,2
34833,2025-02-11 17:37:00,Email,Retargeting,1,3
34935,2025-02-10 10:16:00,Social Media,Retargeting,0,1
34935,2025-02-11 12:29:00,Referral,Brand Awareness,0,2
34935,2025-02-11 18:50:00,Social Media,Winter Sale,1,3
34935,2025-02-11 20:00:00,Social Media,Brand Awareness,1,4
34935,2025-02-11 22:08:00,Email,Winter Sale,0,5
34937,2025-02-11 11:22:00,Direct Traffic,-,0,1
34938,2025-02-10 02:32:00,Direct Traffic,-,1,1
34943,2025-02-11 01:40:00,Search Ads,-,0,1
34943,2025-02-11 09:45:00,Social Media,Discount Offer,1,2
34943,2025-02-11 10:17:00,Direct Traffic,-,1,3
35006,2025-02-11 10:06:00,Referral,Retargeting,1,1
35006,2025-02-11 15:51:00,Social Media,Brand Awareness,0,2
35006,2025-02-11 19:52:00,Direct Traffic,-,0,3
35107,2025-02-10 00:14:00,Search Ads,Brand Awareness,1,1
35107,2025-02-10 08:29:00,Email,New Product Launch,1,2
35129,2025-02-10 01:31:00,Direct Traffic,-,0,1
35129,2025-02-10 14:03:00,Email,Discount Offer,1,2
35129,2025-02-10 16:35:00,Social Media,Discount Offer,0,3
35199,2025-02-11 04:58:00,Referral,Winter Sale,1,1
35199,2025-02-11 18:40:00,Social Media,Retargeting,0,2
35212,2025-02-11 12:31:00,Display Ads,Retargeting,1,1
35212,2025-02-11 22:37:00,Email,-,1,2
35216,2025-02-10 04:35:00,Direct Traffic,-,1,1
35216,2025-02-10 19:16:00,Referral,-,0,2
35216,2025-02-11 07:51:00,Referral,Brand Awareness,1,3
35216,2025-02-11 18:11:00,Display Ads,Discount Offer,0,4
35227,2025-02-10 13:55:00,Social Media,New Product Launch,1,1
35227,2025-02-11 19:36:00,Referral,-,0,2
35230,2025-02-10 08:49:00,Email,Brand Awareness,0,1
35230,2025-02-10 13:18:00,Search Ads,Retargeting,0,2
35230,2025-02-11 13:39:00,Search Ads,Retargeting,0,3
35247,2025-02-10 14:23:00,Referral,Retargeting,1,1
35247,2025-02-10 17:03:00,Search Ads,Brand Awareness,0,2
35247,2025-02-11 06:57:00,Direct Traffic,-,0,3
35296,2025-02-10 03:42:00,Referral,Brand Awareness,1,1
35296,2025-02-10 19:44:00,Email,-,0,2
35296,2025-02-10 19:46:00,Email,Winter Sale,0,3
35324,2025-02-10 21:36:00,Direct Traffic,-,0,1
35324,2025-02-10 23:49:00,Referral,Brand Awareness,1,2
35324,2025-02-11 01:48:00,Display Ads,-,1,3
35324,2025-02-11 08:54:00,Social Media,Brand Awareness,1,4
35324,2025-02-11 18:34:00,Search Ads,Retargeting,0,5
35337,2025-02-10 00:02:00,Referral,-,0,1
35337,2025-02-10 15:38:00,Email,New Product Launch,1,2
35337,2025-02-10 16:30:00,Direct Traffic,-,1,3
35337,2025-02-11 09:38:00,Referral,New Product Launch,0,4
35337,2025-02-11 15:03:00,Email,Retargeting,0,5
35337,2025-02-11 23:44:00,Display Ads,Retargeting,1,6
35409,2025-02-10 08:50:00,Search Ads,New Product Launch,1,1
35409,2025-02-10 11:05:00,Referral,Retargeting,1,2
35409,2025-02-11 04:15:00,Email,Winter Sale,0,3
35409,2025-02-11 15:15:00,Direct Traffic,-,0,4
35436,2025-02-10 13:49:00,Direct Traffic,-,1,1
35436,2025-02-10 20:56:00,Social Media,Winter Sale,0,2
35436,2025-02-10 22:57:00,Referral,New Product Launch,0,3
35456,2025-02-10 05:06:00,Email,-,1,1
35456,2025-02-10 13:52:00,Social Media,-,0,2
35456,2025-02-11 21:23:00,Referral,Winter Sale,0,3
35598,2025-02-10 03:06:00,Search Ads,-,1,1
35598,2025-02-10 22:06:00,Direct Traffic,-,1,2
35598,2025-02-11 17:32:00,Display Ads,Winter Sale,1,3
35619,2025-02-11 03:33:00,Social Media,Retargeting,0,1
35619,2025-02-11 17:13:00,Social Media,Brand Awareness,0,2
35626,2025-02-10 08:18:00,Referral,New Product Launch,1,1
35661,2025-02-10 16:20:00,Direct Traffic,-,0,1
35661,2025-02-11 05:48:00,Search Ads,Discount Offer,0,2
35661,2025-02-11 06:32:00,Referral,Retargeting,0,3
35661,2025-02-11 20:07:00,Email,Discount Offer,0,4
35664,2025-02-10 00:39:00,Referral,Winter Sale,1,1
35664,2025-02-10 05:30:00,Social Media,Winter Sale,1,2
35664,2025-02-10 06:19:00,Direct Traffic,-,0,3
35664,2025-02-10 06:41:00,Direct Traffic,-,1,4
35664,2025-02-11 12:01:00,Referral,Brand Awareness,0,5
35668,2025-02-11 11:24:00,Search Ads,New Product Launch,0,1
35668,2025-02-11 23:46:00,Social Media,New Product Launch,0,2
35705,2025-02-11 00:01:00,Social Media,-,0,1
35705,2025-02-11 03:45:00,Display Ads,Discount Offer,0,2
35726,2025-02-10 00:35:00,Referral,Brand Awareness,0,1
35726,2025-02-10 05:58:00,Search Ads,New Product Launch,0,2
35726,2025-02-11 19:53:00,Referral,New Product Launch,0,3
35728,2025-02-11 18:30:00,Search Ads,Discount Offer,1,1
35756,2025-02-10 15:50:00,Search Ads,-,1,1
35756,2025-02-10 23:26:00,Display Ads,Brand Awareness,0,2
35756,2025-02-11 07:55:00,Social Media,Discount Offer,0,3
35756,2025-02-11 09:55:00,Referral,Retargeting,1,4
35756,2025-02-11 16:08:00,Display Ads,Brand Awareness,0,5
35756,2025-02-11 17:36:00,Search Ads,Brand Awareness,1,6
35789,2025-02-10 00:44:00,Display Ads,Winter Sale,0,1
35789,2025-02-10 10:44:00,Direct Traffic,-,1,2
35789,2025-02-10 12:57:00,Search Ads,Discount Offer,1,3
35789,2025-02-11 11:06:00,Display Ads,Brand Awareness,1,4
35789,2025-02-11 20:07:00,Direct Traffic,-,0,5
35824,2025-02-10 01:02:00,Search Ads,Brand Awareness,0,1
35824,2025-02-11 09:15:00,Search Ads,Discount Offer,0,2
35824,2025-02-11 11:59:00,Referral,-,0,3
35824,2025-02-11 17:43:00,Referral,Retargeting,0,4
35830,2025-02-10 14:49:00,Social Media,-,0,1
35830,2025-02-11 11:40:00,Search Ads,-,1,2
35830,2025-02-11 14:09:00,Email,Retargeting,0,3
35837,2025-02-10 07:17:00,Search Ads,-,0,1
35837,2025-02-10 16:50:00,Referral,Winter Sale,1,2
35837,2025-02-10 19:12:00,Referral,New Product Launch,0,3
35837,2025-02-11 04:46:00,Social Media,-,0,4
35837,2025-02-11 19:16:00,Referral,-,0,5
35873,2025-02-10 09:00:00,Referral,-,1,1
35873,2025-02-11 17:13:00,Direct Traffic,-,1,2
35873,2025-02-11 23:32:00,Social Media,-,0,3
35886,2025-02-11 22:34:00,Display Ads,-,0,1
35887,2025-02-10 14:37:00,Social Media,Discount Offer,1,1
35887,2025-02-10 15:59:00,Search Ads,New Product Launch,0,2
35887,2025-02-10 21:38:00,Search Ads,Retargeting,0,3
35887,2025-02-11 07:03:00,Referral,Winter Sale,1,4
35887,2025-02-11 19:13:00,Social Media,New Product Launch,0,5
35887,2025-02-11 19:29:00,Email,-,1,6
35923,2025-02-10 12:45:00,Referral,Winter Sale,0,1
35923,2025-02-11 13:41:00,Social Media,Winter Sale,1,2
35942,2025-02-10 13:28:00,Email,-,1,1
35942,2025-02-10 14:54:00,Social Media,Brand Awareness,0,2
35942,2025-02-10 18:59:00,Social Media,-,1,3
35942,2025-02-10 19:52:00,Social Media,Brand Awareness,1,4
35942,2025-02-11 00:20:00,Search Ads,Discount Offer,1,5
35942,2025-02-11 04:52:00,Social Media,Discount Offer,0,6
35942,2025-02-11 22:28:00,Direct Traffic,-,0,7
35961,2025-02-10 01:28:00,Email,New Product Launch,0,1
35961,2025-02-10 02:58:00,Direct Traffic,-,0,2
35961,2025-02-10 10:42:00,Direct Traffic,-,0,3
35961,2025-02-11 03:12:00,Search Ads,Winter Sale,1,4
35980,2025-02-10 00:47:00,Direct Traffic,-,1,1
35980,2025-02-10 11:04:00,Direct Traffic,-,1,2
35980,2025-02-10 11:13:00,Referral,Retargeting,0,3
35980,2025-02-11 18:47:00,Referral,-,1,4
36005,2025-02-10 18:49:00,Referral,Discount Offer,0,1
36005,2025-02-10 23:45:00,Social Media,New Product Launch,1,2
36044,2025-02-10 16:31:00,Direct Traffic,-,0,1
36044,2025-02-11 22:09:00,Display Ads,-,0,2
36074,2025-02-10 13:32:00,Referral,Retargeting,0,1
36097,2025-02-10 08:23:00,Email,Retargeting,1,1
36097,2025-02-10 15:43:00,Social Media,Winter Sale,1,2
36097,2025-02-10 15:49:00,Social Media,Retargeting,0,3
36097,2025-02-10 17:06:00,Social Media,Retargeting,0,4
36097,2025-02-11 00:11:00,Referral,-,0,5
36097,2025-02-11 13:14:00,Display Ads,Winter Sale,1,6
36115,2025-02-10 02:01:00,Direct Traffic,-,1,1
36115,2025-02-10 22:31:00,Search Ads,Retargeting,0,2
36115,2025-02-10 23:47:00,Referral,Retargeting,1,3
36115,2025-02-11 11:46:00,Social Media,Retargeting,0,4
36126,2025-02-10 02:15:00,Direct Traffic,-,1,1
36126,2025-02-10 22:58:00,Referral,Winter Sale,0,2
36126,2025-02-11 22:32:00,Display Ads,Retargeting,0,3
36130,2025-02-10 11:05:00,Direct Traffic,-,1,1
36130,2025-02-10 14:35:00,Search Ads,-,1,2
36135,2025-02-10 05:31:00,Referral,Brand Awareness,0,1
36135,2025-02-10 14:35:00,Referral,Retargeting,1,2
36135,2025-02-11 00:31:00,Email,New Product Launch,1,3
36135,2025-02-11 06:23:00,Display Ads,-,1,4
36135,2025-02-11 07:58:00,Referral,Brand Awareness,1,5
36135,2025-02-11 08:48:00,Display Ads,-,0,6
36135,2025-02-11 21:57:00,Referral,Winter Sale,1,7
36148,2025-02-10 03:30:00,Search Ads,-,1,1
36148,2025-02-11 04:12:00,Direct Traffic,-,1,2
36175,2025-02-10 02:19:00,Referral,New Product Launch,0,1
36175,2025-02-10 22:08:00,Email,-,0,2
36175,2025-02-11 02:21:00,Referral,Discount Offer,0,3
36175,2025-02-11 16:06:00,Referral,Retargeting,1,4
36175,2025-02-11 23:36:00,Display Ads,Winter Sale,0,5
36179,2025-02-10 14:59:00,Direct Traffic,-,1,1
36215,2025-02-10 00:02:00,Referral,Discount Offer,0,1
36215,2025-02-10 17:06:00,Email,-,0,2
36215,2025-02-11 13:10:00,Search Ads,Retargeting,1,3
36308,2025-02-11 01:40:00,Display Ads,Brand Awareness,1,1
36308,2025-02-11 11:00:00,Search Ads,New Product Launch,0,2
36311,2025-02-11 06:33:00,Display Ads,New Product Launch,0,1
36311,2025-02-11 23:31:00,Email,New Product Launch,0,2
36355,2025-02-10 00:19:00,Direct Traffic,-,1,1
36355,2025-02-11 20:32:00,Referral,Discount Offer,0,2
36375,2025-02-10 08:34:00,Search Ads,Retargeting,1,1
36375,2025-02-10 11:19:00,Search Ads,New Product Launch,1,2
36375,2025-02-11 04:04:00,Display Ads,Brand Awareness,1,3
36375,2025-02-11 13:38:00,Display Ads,Winter Sale,0,4
36375,2025-02-11 20:42:00,Email,New Product Launch,1,5
36377,2025-02-10 22:45:00,Direct Traffic,-,0,1
36377,2025-02-11 03:44:00,Display Ads,Brand Awareness,0,2
36377,2025-02-11 08:32:00,Referral,-,1,3
36377,2025-02-11 18:56:00,Direct Traffic,-,0,4
36393,2025-02-10 19:14:00,Direct Traffic,-,1,1
36393,2025-02-11 00:12:00,Direct Traffic,-,0,2
36393,2025-02-11 10:40:00,Display Ads,Discount Offer,1,3
36393,2025-02-11 17:44:00,Email,-,1,4
36393,2025-02-11 19:00:00,Search Ads,-,1,5
36427,2025-02-10 02:46:00,Social Media,-,1,1
36427,2025-02-10 03:17:00,Direct Traffic,-,1,2
36427,2025-02-10 12:53:00,Display Ads,Discount Offer,1,3
36427,2025-02-10 17:47:00,Search Ads,Winter Sale,0,4
36427,2025-02-11 15:59:00,Social Media,New Product Launch,0,5
36457,2025-02-10 01:22:00,Email,Brand Awareness,0,1
36457,2025-02-10 02:25:00,Social Media,Retargeting,0,2
36457,2025-02-10 18:22:00,Display Ads,New Product Launch,0,3
36457,2025-02-10 19:04:00,Direct Traffic,-,0,4
36457,2025-02-11 09:39:00,Social Media,Brand Awareness,1,5
36457,2025-02-11 10:32:00,Referral,Brand Awareness,1,6
36457,2025-02-11 20:41:00,Referral,Brand Awareness,1,7
36500,2025-02-11 16:35:00,Display Ads,-,1,1
36625,2025-02-10 01:42:00,Direct Traffic,-,0,1
36625,2025-02-10 06:45:00,Search Ads,-,1,2
36625,2025-02-10 16:14:00,Email,Brand Awareness,1,3
36676,2025-02-10 01:03:00,Search Ads,-,1,1
36676,2025-02-10 23:47:00,Email,-,1,2
36676,2025-02-11 03:48:00,Referral,Winter Sale,0,3
36676,2025-02-11 10:33:00,Email,Discount Offer,1,4
36676,2025-02-11 17:18:00,Social Media,Brand Awareness,1,5
36676,2025-02-11 19:10:00,Direct Traffic,-,1,6
36681,2025-02-10 03:19:00,Display Ads,Discount Offer,1,1
36681,2025-02-11 03:10:00,Display Ads,New Product Launch,0,2
36681,2025-02-11 07:45:00,Direct Traffic,-,1,3
36717,2025-02-10 04:03:00,Search Ads,Winter Sale,0,1
36717,2025-02-10 18:30:00,Search Ads,-,0,2
36731,2025-02-10 10:35:00,Email,Discount Offer,1,1
36731,2025-02-10 23:24:00,Direct Traffic,-,1,2
36731,2025-02-11 05:04:00,Search Ads,Brand Awareness,0,3
36822,2025-02-11 09:40:00,Search Ads,New Product Launch,1,1
36840,2025-02-10 02:19:00,Social Media,New Product Launch,1,1
36840,2025-02-11 11:02:00,Social Media,Brand Awareness,0,2
36858,2025-02-10 05:47:00,Social Media,Winter Sale,0,1
36858,2025-02-11 01:42:00,Search Ads,Retargeting,1,2
36918,2025-02-10 00:50:00,Referral,Retargeting,1,1
36918,2025-02-10 03:14:00,Email,-,1,2
36918,2025-02-10 21:37:00,Social Media,-,0,3
36918,2025-02-11 22:09:00,Direct Traffic,-,0,4
36947,2025-02-10 07:38:00,Social Media,New Product Launch,0,1
36947,2025-02-11 02:52:00,Email,Winter Sale,0,2
37002,2025-02-10 13:41:00,Referral,Winter Sale,0,1
37002,2025-02-10 17:33:00,Display Ads,New Product Launch,1,2
37002,2025-02-11 00:51:00,Search Ads,Discount Offer,0,3
37002,2025-02-11 12:43:00,Social Media,-,1,4
37002,2025-02-11 17:24:00,Referral,Discount Offer,1,5
37007,2025-02-10 17:32:00,Email,Winter Sale,0,1
37007,2025-02-11 17:25:00,Search Ads,New Product Launch,1,2
37051,2025-02-10 12:13:00,Referral,Retargeting,0,1
37051,2025-02-11 13:01:00,Social Media,Discount Offer,1,2
37055,2025-02-10 20:15:00,Social Media,Retargeting,1,1
37055,2025-02-10 20:52:00,Social Media,-,1,2
37055,2025-02-11 08:30:00,Social Media,Discount Offer,0,3
37055,2025-02-11 15:42:00,Search Ads,Winter Sale,0,4
37055,2025-02-11 17:35:00,Referral,Discount Offer,1,5
37078,2025-02-10 11:35:00,Display Ads,Discount Offer,0,1
37078,2025-02-10 11:37:00,Direct Traffic,-,0,2
37078,2025-02-10 13:48:00,Search Ads,Retargeting,0,3
37078,2025-02-10 16:31:00,Direct Traffic,-,1,4
37078,2025-02-11 00:34:00,Direct Traffic,-,1,5
37078,2025-02-11 04:47:00,Email,Brand Awareness,1,6
37078,2025-02-11 05:32:00,Direct Traffic,-,1,7
37121,2025-02-10 19:38:00,Email,Retargeting,1,1
37121,2025-02-10 23:04:00,Social Media,Discount Offer,0,2
37121,2025-02-11 02:59:00,Referral,Retargeting,1,3
37121,2025-02-11 04:32:00,Search Ads,Winter Sale,1,4
37122,2025-02-11 16:21:00,Social Media,Discount Offer,1,1
37162,2025-02-10 12:35:00,Direct Traffic,-,1,1
37162,2025-02-11 12:46:00,Referral,Winter Sale,1,2
37162,2025-02-11 23:24:00,Direct Traffic,-,0,3
37186,2025-02-11 03:59:00,Referral,Winter Sale,0,1
37186,2025-02-11 04:39:00,Email,Retargeting,1,2
37186,2025-02-11 12:18:00,Display Ads,Winter Sale,0,3
37270,2025-02-11 16:33:00,Email,Brand Awareness,1,1
37270,2025-02-11 17:49:00,Direct Traffic,-,1,2
37270,2025-02-11 19:28:00,Display Ads,Retargeting,1,3
37332,2025-02-10 00:54:00,Direct Traffic,-,0,1
37332,2025-02-10 04:01:00,Referral,New Product Launch,1,2
37332,2025-02-10 13:42:00,Direct Traffic,-,1,3
37332,2025-02-10 14:21:00,Search Ads,Winter Sale,0,4
37332,2025-02-10 22:06:00,Display Ads,Discount Offer,0,5
37332,2025-02-11 03:34:00,Direct Traffic,-,1,6
37332,2025-02-11 04:50:00,Referral,Winter Sale,0,7
37332,2025-02-11 04:52:00,Display Ads,-,1,8
37332,2025-02-11 05:50:00,Social Media,Retargeting,1,9
37332,2025-02-11 08:08:00,Referral,Brand Awareness,0,10
37332,2025-02-11 17:59:00,Display Ads,New Product Launch,0,11
37365,2025-02-10 02:34:00,Social Media,Retargeting,0,1
37365,2025-02-10 18:21:00,Display Ads,Winter Sale,1,2
37365,2025-02-11 00:28:00,Search Ads,Retargeting,0,3
37365,2025-02-11 07:08:00,Display Ads,-,0,4
37365,2025-02-11 09:19:00,Direct Traffic,-,1,5
37380,2025-02-10 07:38:00,Display Ads,Brand Awareness,0,1
37380,2025-02-10 15:31:00,Referral,Discount Offer,1,2
37380,2025-02-11 06:01:00,Social Media,Brand Awareness,0,3
37380,2025-02-11 08:06:00,Referral,-,1,4
37382,2025-02-10 10:14:00,Display Ads,Retargeting,1,1
37382,2025-02-10 23:44:00,Referral,New Product Launch,1,2
37382,2025-02-11 07:11:00,Email,Brand Awareness,1,3
37386,2025-02-10 02:44:00,Direct Traffic,-,1,1
37386,2025-02-10 09:06:00,Search Ads,Discount Offer,1,2
37386,2025-02-10 15:51:00,Email,New Product Launch,1,3
37386,2025-02-10 22:40:00,Direct Traffic,-,1,4
37386,2025-02-11 08:30:00,Email,Winter Sale,1,5
37386,2025-02-11 19:56:00,Direct Traffic,-,1,6
37474,2025-02-10 01:19:00,Display Ads,Brand Awareness,0,1
37474,2025-02-10 22:41:00,Direct Traffic,-,1,2
37474,2025-02-11 12:36:00,Referral,Discount Offer,1,3
37554,2025-02-10 10:03:00,Email,-,1,1
37554,2025-02-10 12:22:00,Display Ads,New Product Launch,1,2
37554,2025-02-11 06:08:00,Social Media,New Product Launch,0,3
37554,2025-02-11 06:10:00,Direct Traffic,-,1,4
37554,2025-02-11 14:17:00,Direct Traffic,-,0,5
37559,2025-02-10 01:47:00,Email,-,0,1
37559,2025-02-10 02:30:00,Direct Traffic,-,1,2
37559,2025-02-10 11:58:00,Social Media,Retargeting,1,3
37559,2025-02-11 06:34:00,Display Ads,Retargeting,0,4
37559,2025-02-11 11:28:00,Search Ads,Retargeting,0,5
37591,2025-02-10 02:09:00,Referral,Retargeting,0,1
37591,2025-02-10 11:25:00,Social Media,-,0,2
37591,2025-02-10 13:25:00,Referral,Brand Awareness,1,3
37591,2025-02-11 18:13:00,Search Ads,New Product Launch,1,4
37610,2025-02-10 06:52:00,Social Media,Brand Awareness,0,1
37621,2025-02-10 04:56:00,Social Media,Brand Awareness,0,1
37621,2025-02-11 08:21:00,Email,Retargeting,1,2
37621,2025-02-11 19:27:00,Social Media,Brand Awareness,1,3
37622,2025-02-10 12:07:00,Direct Traffic,-,0,1
37622,2025-02-10 12:51:00,Search Ads,Winter Sale,1,2
37622,2025-02-10 16:14:00,Email,Discount Offer,1,3
37622,2025-02-11 03:05:00,Email,Retargeting,1,4
37622,2025-02-11 10:37:00,Search Ads,Retargeting,0,5
37622,2025-02-11 11:40:00,Referral,New Product Launch,1,6
37648,2025-02-10 01:09:00,Search Ads,Winter Sale,0,1
37648,2025-02-10 11:17:00,Email,Brand Awareness,1,2
37648,2025-02-11 08:51:00,Search Ads,Brand Awareness,1,3
37659,2025-02-10 08:16:00,Email,Winter Sale,1,1
37659,2025-02-11 06:01:00,Referral,New Product Launch,0,2
37659,2025-02-11 15:46:00,Email,Brand Awareness,0,3
37659,2025-02-11 20:41:00,Display Ads,Discount Offer,1,4
37703,2025-02-10 02:22:00,Social Media,New Product Launch,1,1
37703,2025-02-10 06:22:00,Search Ads,Brand Awareness,1,2
37703,2025-02-11 17:28:00,Search Ads,Brand Awareness,1,3
37708,2025-02-11 04:05:00,Email,Retargeting,0,1
37708,2025-02-11 12:10:00,Referral,Winter Sale,1,2
37708,2025-02-11 14:55:00,Email,Discount Offer,1,3
37708,2025-02-11 23:41:00,Search Ads,Retargeting,1,4
37722,2025-02-10 05:58:00,Display Ads,Brand Awareness,1,1
37722,2025-02-10 22:05:00,Email,Retargeting,1,2
37722,2025-02-11 00:43:00,Direct Traffic,-,0,3
37722,2025-02-11 17:15:00,Referral,Brand Awareness,1,4
37786,2025-02-10 03:39:00,Display Ads,Retargeting,0,1
37786,2025-02-10 19:07:00,Direct Traffic,-,0,2
37786,2025-02-11 01:07:00,Referral,Brand Awareness,1,3
37786,2025-02-11 09:40:00,Display Ads,Brand Awareness,1,4
37786,2025-02-11 12:35:00,Referral,Winter Sale,0,5
37813,2025-02-11 11:58:00,Search Ads,Winter Sale,1,1
37856,2025-02-10 00:14:00,Email,Winter Sale,0,1
37856,2025-02-10 05:54:00,Email,Retargeting,1,2
37856,2025-02-11 09:58:00,Social Media,Discount Offer,0,3
37902,2025-02-10 05:17:00,Social Media,-,1,1
37902,2025-02-10 17:51:00,Referral,New Product Launch,1,2
37902,2025-02-11 05:18:00,Search Ads,Retargeting,1,3
37903,2025-02-10 02:48:00,Email,Retargeting,0,1
37903,2025-02-10 12:30:00,Email,Winter Sale,0,2
37903,2025-02-10 18:20:00,Search Ads,Retargeting,1,3
37903,2025-02-10 21:05:00,Direct Traffic,-,0,4
37903,2025-02-11 06:21:00,Search Ads,Discount Offer,0,5
37903,2025-02-11 17:27:00,Display Ads,Discount Offer,0,6
37916,2025-02-10 05:14:00,Direct Traffic,-,1,1
37916,2025-02-11 00:25:00,Display Ads,-,0,2
37916,2025-02-11 00:29:00,Search Ads,Discount Offer,1,3
38043,2025-02-10 10:50:00,Email,Winter Sale,0,1
38043,2025-02-11 00:25:00,Social Media,Brand Awareness,0,2
38046,2025-02-10 06:30:00,Search Ads,New Product Launch,0,1
38046,2025-02-10 22:48:00,Email,Discount Offer,1,2
38046,2025-02-11 01:45:00,Direct Traffic,-,0,3
38046,2025-02-11 20:16:00,Direct Traffic,-,0,4
38099,2025-02-11 00:41:00,Referral,New Product Launch,1,1
38099,2025-02-11 08:09:00,Display Ads,Retargeting,1,2
38173,2025-02-10 08:06:00,Social Media,New Product Launch,1,1
38173,2025-02-11 23:13:00,Search Ads,-,1,2
38175,2025-02-10 02:22:00,Social Media,Brand Awareness,0,1
38175,2025-02-10 17:43:00,Display Ads,Winter Sale,1,2
38175,2025-02-10 23:27:00,Direct Traffic,-,1,3
38175,2025-02-11 00:43:00,Referral,Retargeting,1,4
38175,2025-02-11 10:40:00,Social Media,Discount Offer,0,5
38175,2025-02-11 20:33:00,Email,Discount Offer,1,6
38226,2025-02-10 16:41:00,Search Ads,Brand Awareness,1,1
38226,2025-02-11 17:16:00,Social Media,Retargeting,1,2
38252,2025-02-10 00:20:00,Email,Retargeting,1,1
38252,2025-02-10 07:40:00,Email,Retargeting,0,2
38252,2025-02-10 08:37:00,Email,-,0,3
38252,2025-02-10 12:39:00,Direct Traffic,-,0,4
38252,2025-02-10 21:56:00,Search Ads,Brand Awareness,1,5
38252,2025-02-11 12:29:00,Referral,Discount Offer,0,6
38252,2025-02-11 13:11:00,Referral,Discount Offer,0,7
38286,2025-02-10 12:01:00,Direct Traffic,-,0,1
38286,2025-02-11 01:14:00,Email,Retargeting,1,2
38286,2025-02-11 11:44:00,Social Media,New Product Launch,0,3
38286,2025-02-11 16:08:00,Email,Brand Awareness,0,4
38286,2025-02-11 23:56:00,Search Ads,New Product Launch,1,5
38349,2025-02-10 12:54:00,Display Ads,-,1,1
38349,2025-02-10 23:07:00,Search Ads,Discount Offer,1,2
38349,2025-02-11 07:40:00,Direct Traffic,-,0,3
38379,2025-02-11 04:56:00,Search Ads,Brand Awareness,1,1
38392,2025-02-11 02:06:00,Search Ads,Retargeting,1,1
38392,2025-02-11 05:28:00,Direct Traffic,-,0,2
38457,2025-02-10 02:00:00,Display Ads,Brand Awareness,1,1
38457,2025-02-10 22:13:00,Social Media,New Product Launch,0,2
38457,2025-02-10 23:37:00,Search Ads,Retargeting,0,3
38457,2025-02-11 03:04:00,Referral,Brand Awareness,1,4
38468,2025-02-10 08:03:00,Direct Traffic,-,0,1
38468,2025-02-10 16:36:00,Direct Traffic,-,0,2
38468,2025-02-11 19:16:00,Direct Traffic,-,0,3
38481,2025-02-11 05:46:00,Display Ads,Brand Awareness,1,1
38483,2025-02-11 17:22:00,Referral,Retargeting,1,1
38483,2025-02-11 19:18:00,Email,-,0,2
38485,2025-02-10 00:33:00,Social Media,Retargeting,1,1
38485,2025-02-10 01:50:00,Display Ads,Brand Awareness,0,2
38485,2025-02-10 09:26:00,Search Ads,Winter Sale,1,3
38485,2025-02-10 11:04:00,Social Media,New Product Launch,1,4
38485,2025-02-11 17:18:00,Search Ads,Retargeting,1,5
38491,2025-02-10 05:13:00,Referral,New Product Launch,0,1
38491,2025-02-10 06:44:00,Display Ads,Discount Offer,1,2
38491,2025-02-10 23:20:00,Referral,Discount Offer,1,3
38491,2025-02-11 03:47:00,Direct Traffic,-,0,4
38491,2025-02-11 12:39:00,Email,New Product Launch,0,5
38491,2025-02-11 15:22:00,Email,Winter Sale,1,6
38504,2025-02-10 06:52:00,Social Media,New Product Launch,1,1
38504,2025-02-11 02:55:00,Display Ads,Discount Offer,1,2
38504,2025-02-11 14:36:00,Display Ads,-,1,3
38578,2025-02-11 06:00:00,Display Ads,Discount Offer,0,1
38578,2025-02-11 20:19:00,Search Ads,-,0,2
38677,2025-02-10 06:23:00,Search Ads,Brand Awareness,1,1
38683,2025-02-10 22:26:00,Search Ads,Brand Awareness,0,1
38683,2025-02-11 02:29:00,Direct Traffic,-,0,2
38683,2025-02-11 04:02:00,Search Ads,Brand Awareness,0,3
38683,2025-02-11 04:36:00,Direct Traffic,-,0,4
38683,2025-02-11 12:17:00,Direct Traffic,-,1,5
38683,2025-02-11 16:17:00,Search Ads,New Product Launch,1,6
38683,2025-02-11 17:46:00,Email,New Product Launch,0,7
38683,2025-02-11 23:33:00,Referral,-,0,8
38775,2025-02-10 20:25:00,Email,Winter Sale,0,1
38822,2025-02-10 07:44:00,Email,Retargeting,1,1
38822,2025-02-10 23:55:00,Display Ads,-,1,2
38822,2025-02-11 01:03:00,Display Ads,New Product Launch,0,3
38822,2025-02-11 06:12:00,Email,Discount Offer,1,4
38822,2025-02-11 13:30:00,Referral,New Product Launch,0,5
38822,2025-02-11 23:09:00,Direct Traffic,-,0,6
38857,2025-02-10 00:01:00,Search Ads,New Product Launch,1,1
38857,2025-02-10 14:58:00,Search Ads,Discount Offer,0,2
38857,2025-02-10 20:17:00,Search Ads,Retargeting,1,3
38857,2025-02-11 03:11:00,Referral,New Product Launch,1,4
38857,2025-02-11 12:16:00,Search Ads,Brand Awareness,0,5
38867,2025-02-10 08:34:00,Email,Retargeting,1,1
38867,2025-02-10 12:20:00,Referral,Brand Awareness,0,2
38867,2025-02-11 12:37:00,Referral,Brand Awareness,1,3
38973,2025-02-10 19:05:00,Search Ads,-,0,1
39004,2025-02-10 06:53:00,Email,-,1,1
39004,2025-02-10 18:29:00,Referral,Winter Sale,1,2
39004,2025-02-11 20:20:00,Referral,Brand Awareness,1,3
39049,2025-02-10 03:43:00,Search Ads,Winter Sale,0,1
39049,2025-02-10 07:01:00,Referral,Retargeting,0,2
39056,2025-02-10 05:13:00,Direct Traffic,-,1,1
39056,2025-02-10 07:17:00,Search Ads,Retargeting,0,2
39056,2025-02-10 19:38:00,Display Ads,Winter Sale,0,3
39056,2025-02-10 20:25:00,Direct Traffic,-,1,4
39056,2025-02-11 03:25:00,Search Ads,Brand Awareness,1,5
39056,2025-02-11 21:42:00,Referral,Brand Awareness,1,6
39101,2025-02-10 00:16:00,Email,Discount Offer,0,1
39101,2025-02-10 10:32:00,Social Media,-,1,2
39101,2025-02-10 11:31:00,Search Ads,Winter Sale,0,3
39101,2025-02-10 15:56:00,Email,New Product Launch,0,4
39101,2025-02-11 14:19:00,Social Media,Brand Awareness,0,5
39101,2025-02-11 21:05:00,Display Ads,Brand Awareness,1,6
39128,2025-02-11 02:04:00,Social Media,Retargeting,1,1
39128,2025-02-11 02:49:00,Direct Traffic,-,1,2
39128,2025-02-11 17:23:00,Direct Traffic,-,0,3
39128,2025-02-11 17:45:00,Referral,New Product Launch,1,4
39131,2025-02-10 02:04:00,Display Ads,Retargeting,0,1
39131,2025-02-10 18:56:00,Display Ads,-,1,2
39131,2025-02-10 21:41:00,Email,New Product Launch,0,3
39144,2025-02-10 08:27:00,Social Media,Winter Sale,0,1
39144,2025-02-11 03:42:00,Referral,New Product Launch,1,2
39144,2025-02-11 20:21:00,Display Ads,Retargeting,1,3
39158,2025-02-10 02:31:00,Social Media,Retargeting,1,1
39158,2025-02-10 16:51:00,Social Media,Retargeting,1,2
39158,2025-02-11 03:35:00,Social Media,Brand Awareness,0,3
39158,2025-02-11 23:46:00,Direct Traffic,-,0,4
39185,2025-02-10 21:55:00,Search Ads,Winter Sale,1,1
39185,2025-02-11 20:38:00,Display Ads,Discount Offer,0,2
39251,2025-02-10 07:13:00,Search Ads,Brand Awareness,0,1
39251,2025-02-10 09:28:00,Referral,Retargeting,0,2
39251,2025-02-10 16:39:00,Direct Traffic,-,1,3
39277,2025-02-10 06:04:00,Referral,Retargeting,1,1
39277,2025-02-11 08:42:00,Display Ads,Discount Offer,0,2
39287,2025-02-11 04:30:00,Referral,-,1,1
39287,2025-02-11 15:28:00,Referral,Retargeting,0,2
39321,2025-02-10 07:31:00,Direct Traffic,-,1,1
39321,2025-02-11 01:57:00,Referral,New Product Launch,0,2
39321,2025-02-11 03:26:00,Direct Traffic,-,0,3
39321,2025-02-11 10:15:00,Display Ads,Retargeting,0,4
39321,2025-02-11 14:58:00,Email,Brand Awareness,0,5
39351,2025-02-10 05:55:00,Referral,New Product Launch,1,1
39351,2025-02-11 11:22:00,Direct Traffic,-,1,2
39364,2025-02-10 06:42:00,Direct Traffic,-,1,1
39364,2025-02-10 21:01:00,Email,Discount Offer,0,2
39364,2025-02-11 04:03:00,Referral,Discount Offer,0,3
39364,2025-02-11 07:06:00,Referral,Discount Offer,1,4
39379,2025-02-10 03:11:00,Direct Traffic,-,0,1
39379,2025-02-10 22:28:00,Direct Traffic,-,1,2
39379,2025-02-11 00:50:00,Display Ads,Retargeting,0,3
39400,2025-02-10 16:50:00,Social Media,New Product Launch,0,1
39400,2025-02-10 20:21:00,Referral,Retargeting,0,2
39400,2025-02-10 22:19:00,Email,Brand Awareness,0,3
39400,2025-02-11 02:58:00,Email,-,0,4
39400,2025-02-11 04:26:00,Direct Traffic,-,0,5
39400,2025-02-11 08:43:00,Referral,New Product Launch,0,6
39400,2025-02-11 09:59:00,Direct Traffic,-,0,7
39417,2025-02-10 18:27:00,Email,-,1,1
39417,2025-02-11 10:02:00,Search Ads,Discount Offer,0,2
39460,2025-02-10 13:57:00,Direct Traffic,-,1,1
39460,2025-02-10 16:33:00,Social Media,New Product Launch,1,2
39460,2025-02-11 10:21:00,Search Ads,Discount Offer,0,3
39460,2025-02-11 22:54:00,Referral,New Product Launch,1,4
39559,2025-02-10 12:22:00,Referral,Discount Offer,1,1
39559,2025-02-10 13:50:00,Social Media,Winter Sale,0,2
39559,2025-02-11 13:01:00,Search Ads,Discount Offer,1,3
39559,2025-02-11 18:33:00,Social Media,Retargeting,0,4
39559,2025-02-11 22:28:00,Email,New Product Launch,1,5
39572,2025-02-10 23:26:00,Email,-,0,1
39572,2025-02-11 12:24:00,Referral,New Product Launch,0,2
39572,2025-02-11 21:10:00,Direct Traffic,-,0,3
39588,2025-02-10 21:22:00,Direct Traffic,-,1,1
39588,2025-02-10 23:24:00,Email,Discount Offer,0,2
39588,2025-02-11 08:46:00,Display Ads,Discount Offer,0,3
39588,2025-02-11 11:44:00,Email,Discount Offer,1,4
39588,2025-02-11 18:07:00,Direct Traffic,-,0,5
39628,2025-02-10 02:19:00,Display Ads,Retargeting,0,1
39628,2025-02-10 02:44:00,Display Ads,Brand Awareness,1,2
39628,2025-02-10 16:21:00,Social Media,Brand Awareness,1,3
39628,2025-02-11 03:53:00,Display Ads,Retargeting,0,4
39628,2025-02-11 04:09:00,Email,Winter Sale,1,5
39696,2025-02-10 03:29:00,Email,Discount Offer,1,1
39696,2025-02-10 11:52:00,Display Ads,-,1,2
39696,2025-02-11 17:27:00,Email,Brand Awareness,0,3
39702,2025-02-10 02:55:00,Display Ads,-,1,1
39702,2025-02-10 06:37:00,Search Ads,New Product Launch,1,2
39702,2025-02-10 14:35:00,Display Ads,-,1,3
39702,2025-02-11 04:00:00,Search Ads,Retargeting,0,4
39713,2025-02-10 06:51:00,Social Media,New Product Launch,1,1
39761,2025-02-11 10:45:00,Search Ads,Winter Sale,0,1
39761,2025-02-11 20:50:00,Email,-,1,2
39770,2025-02-10 00:57:00,Email,Retargeting,0,1
39770,2025-02-10 08:23:00,Search Ads,Brand Awareness,1,2
39770,2025-02-11 00:58:00,Social Media,Winter Sale,1,3
39770,2025-02-11 10:56:00,Search Ads,-,1,4
39795,2025-02-10 08:09:00,Referral,Discount Offer,1,1
39795,2025-02-10 12:47:00,Display Ads,Brand Awareness,1,2
39795,2025-02-10 15:17:00,Search Ads,Discount Offer,1,3
39795,2025-02-11 02:46:00,Search Ads,Winter Sale,0,4
39795,2025-02-11 04:45:00,Referral,New Product Launch,0,5
39795,2025-02-11 22:31:00,Display Ads,New Product Launch,0,6
39876,2025-02-11 03:19:00,Direct Traffic,-,1,1
39876,2025-02-11 05:16:00,Social Media,New Product Launch,0,2
39876,2025-02-11 11:39:00,Direct Traffic,-,1,3
39956,2025-02-10 22:18:00,Social Media,Retargeting,0,1
39994,2025-02-10 02:23:00,Email,Retargeting,1,1
39994,2025-02-10 17:20:00,Search Ads,New Product Launch,1,2
39994,2025-02-11 00:11:00,Referral,Winter Sale,0,3
39994,2025-02-11 04:34:00,Direct Traffic,-,0,4
40011,2025-02-10 05:36:00,Direct Traffic,-,1,1
40011,2025-02-10 10:19:00,Social Media,New Product Launch,0,2
40011,2025-02-10 14:05:00,Referral,Winter Sale,1,3
40011,2025-02-10 19:46:00,Search Ads,New Product Launch,0,4
40011,2025-02-11 18:59:00,Social Media,New Product Launch,0,5
40090,2025-02-10 02:36:00,Direct Traffic,-,1,1
40090,2025-02-10 15:20:00,Direct Traffic,-,1,2
40090,2025-02-11 10:48:00,Social Media,-,0,3
40090,2025-02-11 23:26:00,Email,Winter Sale,1,4
40098,2025-02-10 21:11:00,Search Ads,Brand Awareness,0,1
40114,2025-02-11 03:11:00,Email,Brand Awareness,0,1
40114,2025-02-11 12:00:00,Social Media,New Product Launch,1,2
40130,2025-02-10 10:11:00,Referral,Discount Offer,0,1
40130,2025-02-10 21:06:00,Social Media,Brand Awareness,0,2
40130,2025-02-10 23:19:00,Referral,Brand Awareness,0,3
40130,2025-02-11 01:58:00,Referral,Winter Sale,1,4
40130,2025-02-11 03:15:00,Direct Traffic,-,1,5
40133,2025-02-10 02:06:00,Email,Winter Sale,0,1
40133,2025-02-10 09:24:00,Social Media,New Product Launch,0,2
40133,2025-02-10 18:27:00,Direct Traffic,-,1,3
40133,2025-02-11 13:13:00,Email,Brand Awareness,1,4
40164,2025-02-10 12:58:00,Email,Brand Awareness,0,1
40164,2025-02-11 01:01:00,Search Ads,New Product Launch,1,2
40164,2025-02-11 04:23:00,Referral,Retargeting,1,3
40164,2025-02-11 12:53:00,Direct Traffic,-,1,4
40164,2025-02-11 18:38:00,Referral,Retargeting,1,5
40211,2025-02-10 08:17:00,Email,Discount Offer,0,1
40211,2025-02-11 06:03:00,Referral,Winter Sale,1,2
40227,2025-02-10 09:10:00,Direct Traffic,-,0,1
40227,2025-02-10 21:03:00,Social Media,Winter Sale,0,2
40227,2025-02-11 07:02:00,Display Ads,Brand Awareness,1,3
40227,2025-02-11 21:25:00,Search Ads,Discount Offer,1,4
40264,2025-02-10 01:08:00,Display Ads,Winter Sale,1,1
40350,2025-02-10 18:52:00,Search Ads,New Product Launch,0,1
40350,2025-02-11 00:20:00,Social Media,Discount Offer,0,2
40350,2025-02-11 01:30:00,Search Ads,Retargeting,1,3
40350,2025-02-11 13:16:00,Search Ads,Retargeting,0,4
40350,2025-02-11 23:52:00,Direct Traffic,-,0,5
40362,2025-02-11 07:58:00,Direct Traffic,-,1,1
40362,2025-02-11 18:22:00,Direct Traffic,-,1,2
40368,2025-02-10 07:28:00,Direct Traffic,-,0,1
40368,2025-02-10 08:40:00,Email,Brand Awareness,0,2
40368,2025-02-10 09:15:00,Social Media,Brand Awareness,1,3
40368,2025-02-11 10:52:00,Email,Retargeting,1,4
40368,2025-02-11 10:56:00,Display Ads,New Product Launch,1,5
40381,2025-02-11 06:23:00,Social Media,Discount Offer,0,1
40381,2025-02-11 15:13:00,Referral,Discount Offer,0,2
40517,2025-02-10 00:52:00,Referral,New Product Launch,1,1
40517,2025-02-10 08:28:00,Referral,-,0,2
40517,2025-02-10 10:44:00,Display Ads,Discount Offer,0,3
40517,2025-02-10 20:12:00,Email,New Product Launch,0,4
40517,2025-02-10 20:33:00,Email,Retargeting,1,5
40517,2025-02-11 05:27:00,Display Ads,Brand Awareness,1,6
40517,2025-02-11 16:01:00,Direct Traffic,-,1,7
40517,2025-02-11 19:12:00,Direct Traffic,-,0,8
40517,2025-02-11 21:02:00,Search Ads,-,1,9
40530,2025-02-10 00:01:00,Display Ads,New Product Launch,1,1
40530,2025-02-10 00:17:00,Email,New Product Launch,0,2
40530,2025-02-10 07:37:00,Display Ads,Discount Offer,1,3
40530,2025-02-11 00:02:00,Display Ads,Retargeting,0,4
40530,2025-02-11 07:47:00,Search Ads,Brand Awareness,1,5
40530,2025-02-11 13:54:00,Display Ads,Brand Awareness,0,6
40531,2025-02-11 03:38:00,Referral,Retargeting,0,1
40597,2025-02-10 04:25:00,Social Media,Discount Offer,1,1
40597,2025-02-10 11:47:00,Referral,Retargeting,0,2
40597,2025-02-11 04:27:00,Referral,Retargeting,1,3
40597,2025-02-11 11:20:00,Display Ads,-,0,4
40597,2025-02-11 15:09:00,Social Media,Brand Awareness,1,5
40666,2025-02-10 20:31:00,Social Media,Retargeting,1,1
40666,2025-02-11 03:16:00,Search Ads,New Product Launch,0,2
40666,2025-02-11 21:55:00,Email,Retargeting,1,3
40739,2025-02-11 18:25:00,Referral,Winter Sale,1,1
40804,2025-02-10 00:01:00,Social Media,-,1,1
40808,2025-02-10 18:09:00,Email,Brand Awareness,1,1
40808,2025-02-11 13:21:00,Email,Discount Offer,1,2
40808,2025-02-11 21:49:00,Search Ads,-,1,3
40880,2025-02-10 20:58:00,Referral,New Product Launch,0,1
40880,2025-02-11 07:07:00,Search Ads,Discount Offer,1,2
40937,2025-02-10 02:17:00,Direct Traffic,-,1,1
40937,2025-02-10 06:23:00,Social Media,New Product Launch,0,2
40937,2025-02-11 00:41:00,Social Media,-,1,3
40937,2025-02-11 03:52:00,Referral,New Product Launch,0,4
40937,2025-02-11 15:23:00,Social Media,Brand Awareness,1,5
40950,2025-02-11 17:49:00,Direct Traffic,-,0,1
40965,2025-02-10 04:06:00,Search Ads,Winter Sale,0,1
40965,2025-02-11 00:25:00,Display Ads,New Product Launch,0,2
40965,2025-02-11 11:44:00,Display Ads,Discount Offer,0,3
40965,2025-02-11 13:37:00,Search Ads,Discount Offer,1,4
40965,2025-02-11 17:37:00,Email,Retargeting,1,5
40968,2025-02-10 00:50:00,Direct Traffic,-,1,1
40968,2025-02-10 04:22:00,Display Ads,New Product Launch,0,2
40968,2025-02-11 03:37:00,Search Ads,Discount Offer,1,3
40968,2025-02-11 10:13:00,Search Ads,Winter Sale,1,4
41004,2025-02-11 10:10:00,Referral,Retargeting,1,1
41004,2025-02-11 19:26:00,Email,Retargeting,1,2
41049,2025-02-10 08:36:00,Social Media,Brand Awareness,1,1
41049,2025-02-10 11:05:00,Email,Brand Awareness,1,2
41062,2025-02-10 09:35:00,Search Ads,-,1,1
41062,2025-02-10 23:34:00,Referral,Retargeting,0,2
41115,2025-02-10 21:14:00,Social Media,-,1,1
41115,2025-02-11 09:33:00,Email,Brand Awareness,0,2
41115,2025-02-11 10:54:00,Referral,Discount Offer,0,3
41146,2025-02-10 09:47:00,Display Ads,Winter Sale,0,1
41146,2025-02-10 21:01:00,Direct Traffic,-,1,2
41146,2025-02-11 14:44:00,Social Media,New Product Launch,0,3
41148,2025-02-11 09:17:00,Email,New Product Launch,1,1
41148,2025-02-11 21:54:00,Search Ads,Retargeting,0,2
41174,2025-02-10 07:49:00,Referral,Winter Sale,1,1
41221,2025-02-10 10:23:00,Display Ads,Brand Awareness,0,1
41221,2025-02-11 19:32:00,Direct Traffic,-,0,2
41312,2025-02-11 10:10:00,Social Media,Brand Awareness,1,1
41312,2025-02-11 12:39:00,Referral,Retargeting,1,2
41312,2025-02-11 22:59:00,Social Media,Retargeting,0,3
41356,2025-02-11 14:19:00,Email,-,0,1
41356,2025-02-11 18:04:00,Referral,Retargeting,1,2
41356,2025-02-11 22:26:00,Social Media,Winter Sale,0,3
41377,2025-02-10 09:59:00,Display Ads,Discount Offer,0,1
41377,2025-02-10 12:30:00,Display Ads,New Product Launch,1,2
41377,2025-02-10 23:59:00,Social Media,Brand Awareness,1,3
41377,2025-02-11 15:17:00,Display Ads,Winter Sale,1,4
41377,2025-02-11 19:29:00,Display Ads,Brand Awareness,1,5
41382,2025-02-10 04:51:00,Email,Retargeting,1,1
41382,2025-02-10 15:47:00,Social Media,-,1,2
41382,2025-02-11 09:35:00,Display Ads,New Product Launch,1,3
41389,2025-02-11 20:06:00,Direct Traffic,-,0,1
41411,2025-02-10 12:36:00,Direct Traffic,-,0,1
41411,2025-02-11 00:23:00,Referral,Retargeting,0,2
41411,2025-02-11 00:40:00,Direct Traffic,-,1,3
41411,2025-02-11 19:40:00,Search Ads,Retargeting,0,4
41411,2025-02-11 22:59:00,Social Media,Retargeting,1,5
41422,2025-02-10 02:11:00,Display Ads,Retargeting,1,1
41422,2025-02-11 04:42:00,Social Media,New Product Launch,1,2
41454,2025-02-10 19:19:00,Social Media,Retargeting,0,1
41454,2025-02-11 01:55:00,Social Media,New Product Launch,0,2
41454,2025-02-11 10:09:00,Display Ads,Winter Sale,1,3
41454,2025-02-11 18:48:00,Search Ads,-,1,4
41463,2025-02-10 16:25:00,Search Ads,Brand Awareness,1,1
41463,2025-02-11 03:48:00,Display Ads,-,1,2
41463,2025-02-11 11:32:00,Search Ads,Winter Sale,1,3
41490,2025-02-10 19:15:00,Display Ads,Winter Sale,1,1
41490,2025-02-11 04:40:00,Direct Traffic,-,0,2
41563,2025-02-10 01:52:00,Display Ads,Retargeting,0,1
41563,2025-02-10 09:00:00,Email,Winter Sale,0,2
41563,2025-02-10 20:44:00,Social Media,-,1,3
41563,2025-02-11 01:55:00,Email,Winter Sale,1,4
41563,2025-02-11 02:32:00,Direct Traffic,-,0,5
41573,2025-02-10 07:14:00,Direct Traffic,-,1,1
41573,2025-02-10 10:25:00,Display Ads,Brand Awareness,1,2
41573,2025-02-11 14:42:00,Email,-,1,3
41588,2025-02-11 00:26:00,Email,New Product Launch,0,1
41612,2025-02-10 03:24:00,Social Media,Brand Awareness,1,1
41612,2025-02-10 16:45:00,Referral,Brand Awareness,0,2
41612,2025-02-10 19:20:00,Direct Traffic,-,0,3
41612,2025-02-11 04:15:00,Social Media,Retargeting,1,4
41612,2025-02-11 09:01:00,Display Ads,Brand Awareness,0,5
41612,2025-02-11 20:35:00,Referral,-,0,6
41638,2025-02-10 00:33:00,Direct Traffic,-,1,1
41638,2025-02-10 02:30:00,Social Media,-,0,2
41638,2025-02-11 06:01:00,Social Media,-,0,3
41641,2025-02-10 00:30:00,Email,-,1,1
41641,2025-02-10 11:36:00,Search Ads,Winter Sale,0,2
41641,2025-02-10 16:56:00,Direct Traffic,-,0,3
41641,2025-02-11 03:17:00,Display Ads,Retargeting,0,4
41641,2025-02-11 08:12:00,Social Media,-,1,5
41641,2025-02-11 11:21:00,Social Media,New Product Launch,1,6
41641,2025-02-11 18:31:00,Referral,Winter Sale,0,7
41665,2025-02-11 17:05:00,Search Ads,Retargeting,0,1
41667,2025-02-10 05:26:00,Referral,Brand Awareness,1,1
41667,2025-02-11 05:17:00,Social Media,Winter Sale,1,2
41667,2025-02-11 15:22:00,Direct Traffic,-,0,3
41755,2025-02-10 07:01:00,Display Ads,-,0,1
41755,2025-02-11 04:13:00,Display Ads,Winter Sale,0,2
41848,2025-02-11 01:22:00,Social Media,Retargeting,0,1
41850,2025-02-10 00:53:00,Referral,Winter Sale,1,1
41850,2025-02-10 11:05:00,Social Media,-,1,2
41874,2025-02-10 01:04:00,Search Ads,Winter Sale,0,1
41874,2025-02-10 04:09:00,Search Ads,-,1,2
41874,2025-02-10 06:07:00,Direct Traffic,-,0,3
41874,2025-02-10 18:57:00,Email,Retargeting,1,4
41874,2025-02-10 21:05:00,Direct Traffic,-,1,5
41874,2025-02-11 16:18:00,Search Ads,Retargeting,0,6
41901,2025-02-10 00:45:00,Display Ads,Retargeting,0,1
41901,2025-02-11 12:05:00,Display Ads,New Product Launch,0,2
41901,2025-02-11 21:19:00,Referral,Winter Sale,1,3
41935,2025-02-10 04:36:00,Search Ads,Winter Sale,0,1
41935,2025-02-10 22:56:00,Email,Retargeting,0,2
41935,2025-02-11 11:32:00,Social Media,-,1,3
41941,2025-02-10 20:03:00,Search Ads,Retargeting,1,1
41941,2025-02-10 22:42:00,Email,-,0,2
41941,2025-02-11 00:42:00,Direct Traffic,-,1,3
41941,2025-02-11 01:48:00,Social Media,Winter Sale,0,4
41941,2025-02-11 08:14:00,Social Media,Brand Awareness,0,5
41941,2025-02-11 14:31:00,Direct Traffic,-,0,6
41941,2025-02-11 17:51:00,Social Media,Brand Awareness,1,7
41941,2025-02-11 23:13:00,Referral,New Product Launch,1,8
41956,2025-02-10 10:54:00,Social Media,Brand Awareness,1,1
41956,2025-02-11 10:39:00,Direct Traffic,-,1,2
41956,2025-02-11 13:56:00,Email,Brand Awareness,1,3
41962,2025-02-11 10:39:00,Display Ads,Winter Sale,1,1
41962,2025-02-11 15:02:00,Referral,Retargeting,1,2
41964,2025-02-10 07:46:00,Email,Retargeting,0,1
41964,2025-02-11 03:35:00,Referral,Discount Offer,1,2
41964,2025-02-11 06:12:00,Direct Traffic,-,1,3
41964,2025-02-11 09:20:00,Display Ads,Winter Sale,0,4
41964,2025-02-11 10:03:00,Search Ads,Retargeting,1,5
41969,2025-02-10 00:32:00,Social Media,-,0,1
41969,2025-02-10 14:38:00,Direct Traffic,-,0,2
41969,2025-02-11 10:12:00,Email,Retargeting,0,3
42006,2025-02-10 14:21:00,Referral,New Product Launch,0,1
42006,2025-02-11 13:30:00,Search Ads,Winter Sale,1,2
42012,2025-02-10 09:37:00,Email,Winter Sale,0,1
42012,2025-02-11 21:49:00,Direct Traffic,-,0,2
42014,2025-02-10 04:37:00,Email,Brand Awareness,0,1
42014,2025-02-11 05:09:00,Direct Traffic,-,0,2
42016,2025-02-11 15:47:00,Direct Traffic,-,1,1
42030,2025-02-10 11:43:00,Display Ads,Retargeting,1,1
42030,2025-02-11 06:17:00,Search Ads,New Product Launch,0,2
42030,2025-02-11 08:16:00,Referral,Winter Sale,0,3
42030,2025-02-11 19:33:00,Email,Winter Sale,1,4
42079,2025-02-11 04:32:00,Display Ads,Brand Awareness,0,1
42285,2025-02-10 21:03:00,Email,-,1,1
42285,2025-02-11 13:54:00,Search Ads,Brand Awareness,0,2
42285,2025-02-11 15:30:00,Display Ads,Brand Awareness,0,3
42285,2025-02-11 21:44:00,Social Media,Brand Awareness,1,4
42285,2025-02-11 23:28:00,Direct Traffic,-,0,5
42325,2025-02-11 04:30:00,Email,Winter Sale,1,1
42325,2025-02-11 09:12:00,Social Media,Brand Awareness,0,2
42325,2025-02-11 11:19:00,Social Media,Discount Offer,1,3
42353,2025-02-10 04:19:00,Display Ads,New Product Launch,1,1
42353,2025-02-11 08:07:00,Referral,-,0,2
42360,2025-02-10 20:51:00,Social Media,Retargeting,1,1
42360,2025-02-11 14:42:00,Social Media,Winter Sale,1,2
42360,2025-02-11 21:01:00,Direct Traffic,-,1,3
42360,2025-02-11 22:32:00,Referral,Brand Awareness,0,4
42360,2025-02-11 23:30:00,Display Ads,New Product Launch,1,5
42399,2025-02-11 00:14:00,Referral,Retargeting,0,1
42429,2025-02-11 13:57:00,Search Ads,Brand Awareness,0,1
42457,2025-02-10 04:28:00,Email,New Product Launch,0,1
42457,2025-02-11 12:26:00,Display Ads,New Product Launch,0,2
42457,2025-02-11 18:25:00,Search Ads,Discount Offer,0,3
42501,2025-02-10 02:20:00,Direct Traffic,-,1,1
42501,2025-02-10 03:43:00,Search Ads,New Product Launch,1,2
42501,2025-02-10 06:30:00,Display Ads,-,0,3
42501,2025-02-10 07:01:00,Referral,Brand Awareness,0,4
42501,2025-02-11 14:19:00,Display Ads,Retargeting,0,5
42580,2025-02-10 04:42:00,Social Media,Brand Awareness,0,1
42580,2025-02-11 15:55:00,Referral,Brand Awareness,1,2
42610,2025-02-10 09:35:00,Referral,Discount Offer,1,1
42610,2025-02-10 11:24:00,Direct Traffic,-,0,2
42610,2025-02-10 23:35:00,Direct Traffic,-,1,3
42610,2025-02-11 01:45:00,Search Ads,Winter Sale,0,4
42610,2025-02-11 16:56:00,Email,Retargeting,0,5
42671,2025-02-10 04:54:00,Display Ads,Brand Awareness,1,1
42671,2025-02-10 23:42:00,Direct Traffic,-,1,2
42671,2025-02-11 14:27:00,Search Ads,Retargeting,0,3
42734,2025-02-10 18:01:00,Social Media,Brand Awareness,1,1
42734,2025-02-11 02:31:00,Display Ads,New Product Launch,0,2
42734,2025-02-11 13:02:00,Email,Discount Offer,1,3
42761,2025-02-11 12:02:00,Search Ads,Brand Awareness,1,1
42776,2025-02-10 07:14:00,Search Ads,Discount Offer,1,1
42776,2025-02-11 18:28:00,Direct Traffic,-,1,2
42806,2025-02-11 03:37:00,Display Ads,New Product Launch,1,1
42806,2025-02-11 05:45:00,Social Media,Winter Sale,0,2
42809,2025-02-10 06:58:00,Social Media,Retargeting,0,1
42809,2025-02-10 07:09:00,Email,Retargeting,0,2
42809,2025-02-10 17:52:00,Search Ads,Discount Offer,0,3
42809,2025-02-11 02:25:00,Social Media,Brand Awareness,1,4
42809,2025-02-11 05:30:00,Email,Retargeting,0,5
42818,2025-02-10 11:03:00,Social Media,Brand Awareness,0,1
42818,2025-02-10 14:38:00,Display Ads,New Product Launch,1,2
42818,2025-02-11 08:43:00,Direct Traffic,-,1,3
42818,2025-02-11 13:35:00,Direct Traffic,-,1,4
42818,2025-02-11 14:30:00,Search Ads,Discount Offer,0,5
42824,2025-02-10 04:06:00,Display Ads,Winter Sale,0,1
42824,2025-02-10 08:08:00,Referral,Winter Sale,1,2
42824,2025-02-10 15:27:00,Display Ads,Winter Sale,1,3
42824,2025-02-11 17:19:00,Direct Traffic,-,0,4
42905,2025-02-10 01:31:00,Search Ads,New Product Launch,1,1
42905,2025-02-10 04:00:00,Social Media,Retargeting,0,2
42905,2025-02-10 18:34:00,Direct Traffic,-,1,3
42905,2025-02-10 18:57:00,Search Ads,Winter Sale,0,4
42905,2025-02-11 00:48:00,Social Media,New Product Launch,0,5
42914,2025-02-10 18:48:00,Social Media,Discount Offer,1,1
42914,2025-02-10 21:48:00,Display Ads,Retargeting,1,2
42914,2025-02-10 22:44:00,Referral,Discount Offer,1,3
42970,2025-02-10 05:38:00,Social Media,Retargeting,0,1
42970,2025-02-11 08:31:00,Referral,Discount Offer,0,2
42970,2025-02-11 10:51:00,Referral,Brand Awareness,0,3
42970,2025-02-11 11:08:00,Email,New Product Launch,1,4
42970,2025-02-11 14:02:00,Referral,Retargeting,1,5
42970,2025-02-11 15:08:00,Social Media,New Product Launch,0,6
42970,2025-02-11 18:51:00,Search Ads,Discount Offer,1,7
42970,2025-02-11 19:35:00,Display Ads,New Product Launch,0,8
42970,2025-02-11 19:57:00,Display Ads,-,0,9
42978,2025-02-10 05:00:00,Search Ads,Retargeting,1,1
42978,2025-02-11 07:46:00,Search Ads,Brand Awareness,1,2
43014,2025-02-10 06:08:00,Direct Traffic,-,1,1
43014,2025-02-10 09:38:00,Direct Traffic,-,1,2
43014,2025-02-11 02:29:00,Search Ads,Brand Awareness,0,3
43014,2025-02-11 04:42:00,Referral,Brand Awareness,1,4
43014,2025-02-11 05:07:00,Direct Traffic,-,1,5
43014,2025-02-11 06:36:00,Direct Traffic,-,1,6
43014,2025-02-11 17:07:00,Display Ads,Retargeting,1,7
43033,2025-02-11 15:56:00,Direct Traffic,-,1,1
43033,2025-02-11 21:25:00,Direct Traffic,-,0,2
43036,2025-02-10 19:10:00,Search Ads,-,1,1
43036,2025-02-10 21:36:00,Search Ads,Winter Sale,1,2
43036,2025-02-11 06:13:00,Email,Brand Awareness,1,3
43036,2025-02-11 12:47:00,Referral,Winter Sale,0,4
43036,2025-02-11 16:54:00,Display Ads,Retargeting,0,5
43052,2025-02-10 14:33:00,Email,Winter Sale,0,1
43052,2025-02-11 01:19:00,Social Media,Retargeting,0,2
43052,2025-02-11 16:14:00,Direct Traffic,-,1,3
43065,2025-02-10 05:45:00,Display Ads,Winter Sale,0,1
43065,2025-02-10 20:13:00,Social Media,Discount Offer,1,2
43065,2025-02-11 01:54:00,Referral,Brand Awareness,0,3
43065,2025-02-11 08:42:00,Social Media,Winter Sale,1,4
43065,2025-02-11 11:57:00,Social Media,-,0,5
43065,2025-02-11 14:35:00,Direct Traffic,-,0,6
43065,2025-02-11 17:38:00,Direct Traffic,-,1,7
43094,2025-02-10 00:35:00,Direct Traffic,-,0,1
43094,2025-02-11 14:38:00,Social Media,Retargeting,0,2
43094,2025-02-11 23:08:00,Email,Brand Awareness,1,3
43175,2025-02-10 22:11:00,Social Media,Retargeting,1,1
43175,2025-02-11 18:41:00,Email,Winter Sale,1,2
43175,2025-02-11 22:04:00,Direct Traffic,-,0,3
43175,2025-02-11 22:13:00,Email,Discount Offer,1,4
43178,2025-02-10 15:56:00,Direct Traffic,-,1,1
43178,2025-02-10 16:54:00,Social Media,Retargeting,0,2
43178,2025-02-11 10:30:00,Direct Traffic,-,1,3
43218,2025-02-10 02:57:00,Referral,Discount Offer,1,1
43298,2025-02-10 13:17:00,Direct Traffic,-,1,1
43298,2025-02-11 02:10:00,Direct Traffic,-,1,2
43333,2025-02-11 06:42:00,Referral,Brand Awareness,1,1
43340,2025-02-10 03:53:00,Social Media,-,1,1
43361,2025-02-10 00:16:00,Search Ads,Winter Sale,0,1
43361,2025-02-11 13:22:00,Search Ads,Discount Offer,1,2
43373,2025-02-10 15:51:00,Referral,Winter Sale,1,1
43373,2025-02-11 06:07:00,Direct Traffic,-,0,2
43398,2025-02-10 07:19:00,Email,-,1,1
43398,2025-02-10 13:51:00,Display Ads,-,0,2
43398,2025-02-11 02:18:00,Direct Traffic,-,1,3
43398,2025-02-11 07:51:00,Direct Traffic,-,0,4
43398,2025-02-11 17:08:00,Direct Traffic,-,0,5
43411,2025-02-11 14:46:00,Email,Brand Awareness,1,1
43411,2025-02-11 22:59:00,Email,New Product Launch,1,2
43460,2025-02-10 17:49:00,Email,Winter Sale,0,1
43460,2025-02-11 04:43:00,Email,Brand Awareness,0,2
43467,2025-02-11 22:54:00,Search Ads,New Product Launch,0,1
43521,2025-02-11 19:16:00,Direct Traffic,-,0,1
43531,2025-02-10 10:32:00,Email,New Product Launch,0,1
43531,2025-02-10 17:20:00,Social Media,Retargeting,0,2
43531,2025-02-11 08:33:00,Social Media,-,0,3
43603,2025-02-10 18:54:00,Social Media,Brand Awareness,0,1
43603,2025-02-11 15:25:00,Email,-,1,2
43603,2025-02-11 18:42:00,Display Ads,Retargeting,0,3
43603,2025-02-11 19:36:00,Email,New Product Launch,0,4
43603,2025-02-11 20:20:00,Email,New Product Launch,0,5
43623,2025-02-11 09:44:00,Search Ads,Brand Awareness,1,1
43623,2025-02-11 13:07:00,Direct Traffic,-,0,2
43623,2025-02-11 22:48:00,Search Ads,Brand Awareness,1,3
43692,2025-02-10 11:13:00,Email,Discount Offer,0,1
43692,2025-02-11 04:40:00,Email,New Product Launch,0,2
43692,2025-02-11 10:12:00,Display Ads,Winter Sale,0,3
43692,2025-02-11 18:52:00,Display Ads,Winter Sale,0,4
43721,2025-02-10 00:40:00,Search Ads,-,1,1
43721,2025-02-10 13:54:00,Direct Traffic,-,1,2
43721,2025-02-11 06:12:00,Display Ads,Discount Offer,1,3
43721,2025-02-11 10:28:00,Display Ads,Winter Sale,0,4
43721,2025-02-11 13:17:00,Direct Traffic,-,1,5
43721,2025-02-11 14:46:00,Search Ads,Discount Offer,0,6
43759,2025-02-10 20:16:00,Email,-,0,1
43759,2025-02-10 22:10:00,Social Media,Retargeting,0,2
43759,2025-02-11 05:59:00,Email,Brand Awareness,1,3
43759,2025-02-11 17:07:00,Display Ads,New Product Launch,0,4
43767,2025-02-10 01:55:00,Referral,-,1,1
43767,2025-02-10 12:21:00,Social Media,Brand Awareness,0,2
43767,2025-02-11 09:10:00,Direct Traffic,-,1,3
43767,2025-02-11 11:11:00,Direct Traffic,-,0,4
43767,2025-02-11 19:37:00,Referral,-,1,5
43783,2025-02-11 03:14:00,Email,New Product Launch,0,1
43787,2025-02-10 00:56:00,Social Media,Brand Awareness,1,1
43787,2025-02-10 18:14:00,Direct Traffic,-,0,2
43787,2025-02-11 08:16:00,Display Ads,Retargeting,1,3
43847,2025-02-11 15:42:00,Social Media,Retargeting,1,1
43847,2025-02-11 19:07:00,Email,Retargeting,0,2
43877,2025-02-10 12:42:00,Social Media,Retargeting,0,1
43877,2025-02-10 22:29:00,Direct Traffic,-,0,2
43883,2025-02-10 09:58:00,Social Media,-,1,1
43883,2025-02-10 21:55:00,Display Ads,Discount Offer,1,2
43883,2025-02-11 02:48:00,Display Ads,Winter Sale,1,3
43883,2025-02-11 10:48:00,Email,New Product Launch,1,4
43930,2025-02-10 13:35:00,Email,New Product Launch,0,1
43930,2025-02-11 13:45:00,Email,Discount Offer,1,2
43930,2025-02-11 14:09:00,Direct Traffic,-,1,3
43930,2025-02-11 17:41:00,Display Ads,Brand Awareness,1,4
43931,2025-02-10 05:06:00,Search Ads,New Product Launch,1,1
43931,2025-02-10 10:02:00,Direct Traffic,-,1,2
43931,2025-02-11 01:54:00,Referral,Retargeting,1,3
43931,2025-02-11 08:38:00,Social Media,Retargeting,1,4
43931,2025-02-11 21:40:00,Direct Traffic,-,1,5
44026,2025-02-10 04:27:00,Direct Traffic,-,1,1
44026,2025-02-10 05:45:00,Search Ads,Retargeting,1,2
44026,2025-02-10 13:21:00,Direct Traffic,-,1,3
44026,2025-02-11 03:02:00,Search Ads,-,1,4
44026,2025-02-11 04:14:00,Referral,New Product Launch,1,5
44038,2025-02-10 11:34:00,Display Ads,-,0,1
44038,2025-02-11 05:12:00,Search Ads,New Product Launch,1,2
44038,2025-02-11 07:33:00,Email,Brand Awareness,1,3
44038,2025-02-11 11:42:00,Search Ads,Winter Sale,0,4
44038,2025-02-11 13:43:00,Direct Traffic,-,0,5
44038,2025-02-11 22:29:00,Social Media,Brand Awareness,0,6
44062,2025-02-10 04:17:00,Social Media,-,1,1
44062,2025-02-10 06:33:00,Direct Traffic,-,1,2
44062,2025-02-10 11:15:00,Social Media,Retargeting,1,3
44062,2025-02-11 02:36:00,Social Media,Brand Awareness,0,4
44062,2025-02-11 09:12:00,Direct Traffic,-,1,5
44099,2025-02-11 15:36:00,Direct Traffic,-,1,1
44167,2025-02-10 05:41:00,Direct Traffic,-,1,1
44167,2025-02-10 15:00:00,Social Media,New Product Launch,1,2
44261,2025-02-10 05:45:00,Direct Traffic,-,0,1
44261,2025-02-10 09:16:00,Search Ads,-,1,2
44261,2025-02-11 02:20:00,Direct Traffic,-,1,3
44272,2025-02-10 02:13:00,Referral,New Product Launch,1,1
44272,2025-02-10 11:43:00,Email,Winter Sale,1,2
44272,2025-02-11 06:01:00,Referral,Discount Offer,0,3
44272,2025-02-11 14:05:00,Display Ads,Winter Sale,1,4
44288,2025-02-11 08:19:00,Search Ads,Winter Sale,0,1
44288,2025-02-11 09:43:00,Email,New Product Launch,0,2
44295,2025-02-11 16:15:00,Display Ads,-,1,1
44295,2025-02-11 18:39:00,Referral,-,0,2
44295,2025-02-11 22:06:00,Search Ads,Winter Sale,1,3
44303,2025-02-11 05:54:00,Search Ads,New Product Launch,1,1
44303,2025-02-11 08:47:00,Referral,Winter Sale,1,2
44303,2025-02-11 09:45:00,Social Media,Discount Offer,1,3
44303,2025-02-11 12:52:00,Email,-,1,4
44309,2025-02-11 11:09:00,Email,Brand Awareness,0,1
44393,2025-02-11 08:02:00,Display Ads,Winter Sale,0,1
44393,2025-02-11 09:16:00,Display Ads,Brand Awareness,0,2
44393,2025-02-11 11:48:00,Direct Traffic,-,1,3
44393,2025-02-11 18:56:00,Referral,Retargeting,1,4
44397,2025-02-10 11:03:00,Social Media,Retargeting,0,1
44397,2025-02-11 06:31:00,Social Media,New Product Launch,1,2
44397,2025-02-11 15:16:00,Email,Discount Offer,0,3
44397,2025-02-11 20:06:00,Search Ads,Winter Sale,1,4
44397,2025-02-11 20:14:00,Social Media,Winter Sale,0,5
44400,2025-02-10 16:22:00,Search Ads,Brand Awareness,1,1
44400,2025-02-10 16:23:00,Social Media,Retargeting,1,2
44400,2025-02-11 05:25:00,Display Ads,Brand Awareness,1,3
44400,2025-02-11 15:17:00,Social Media,New Product Launch,1,4
44474,2025-02-11 01:03:00,Display Ads,Retargeting,0,1
44474,2025-02-11 07:09:00,Email,-,0,2
44474,2025-02-11 17:01:00,Referral,Discount Offer,1,3
44484,2025-02-10 11:18:00,Referral,Retargeting,0,1
44484,2025-02-10 22:05:00,Social Media,Brand Awareness,1,2
44498,2025-02-11 05:21:00,Email,Winter Sale,1,1
44498,2025-02-11 21:36:00,Referral,Brand Awareness,0,2
44528,2025-02-10 04:43:00,Direct Traffic,-,0,1
44528,2025-02-10 08:08:00,Referral,New Product Launch,1,2
44528,2025-02-10 20:40:00,Social Media,Retargeting,0,3
44528,2025-02-11 04:23:00,Social Media,-,1,4
44535,2025-02-10 12:04:00,Email,Retargeting,0,1
44535,2025-02-10 15:35:00,Referral,Winter Sale,0,2
44535,2025-02-10 21:19:00,Social Media,Brand Awareness,0,3
44535,2025-02-11 17:34:00,Search Ads,New Product Launch,1,4
44675,2025-02-10 08:55:00,Direct Traffic,-,1,1
44675,2025-02-10 17:37:00,Search Ads,New Product Launch,0,2
44675,2025-02-11 03:39:00,Search Ads,-,1,3
44675,2025-02-11 15:22:00,Search Ads,Retargeting,1,4
44675,2025-02-11 22:58:00,Search Ads,Discount Offer,1,5
44719,2025-02-10 07:26:00,Search Ads,Winter Sale,1,1
44752,2025-02-11 00:22:00,Referral,New Product Launch,0,1
44778,2025-02-11 18:23:00,Referral,Discount Offer,0,1
44778,2025-02-11 19:34:00,Referral,Winter Sale,1,2
44827,2025-02-10 02:18:00,Referral,Discount Offer,1,1
44827,2025-02-10 05:37:00,Referral,Retargeting,0,2
44827,2025-02-10 17:36:00,Social Media,Brand Awareness,1,3
44827,2025-02-11 08:16:00,Email,-,0,4
44827,2025-02-11 13:42:00,Search Ads,Brand Awareness,1,5
44827,2025-02-11 22:40:00,Social Media,Discount Offer,1,6
44833,2025-02-11 03:14:00,Direct Traffic,-,1,1
44833,2025-02-11 17:44:00,Email,Winter Sale,1,2
44859,2025-02-10 02:44:00,Referral,Winter Sale,0,1
44859,2025-02-10 10:08:00,Search Ads,-,0,2
44859,2025-02-10 18:34:00,Search Ads,Retargeting,1,3
44859,2025-02-11 21:37:00,Display Ads,New Product Launch,0,4
44869,2025-02-11 21:16:00,Search Ads,Retargeting,0,1
44869,2025-02-11 22:56:00,Social Media,New Product Launch,1,2
44869,2025-02-11 22:58:00,Search Ads,Discount Offer,0,3
44877,2025-02-10 13:49:00,Search Ads,Brand Awareness,1,1
44877,2025-02-10 16:44:00,Direct Traffic,-,0,2
44882,2025-02-10 09:51:00,Social Media,Winter Sale,0,1
44882,2025-02-10 19:33:00,Email,Retargeting,0,2
44882,2025-02-10 20:50:00,Search Ads,Brand Awareness,1,3
44882,2025-02-10 23:32:00,Search Ads,Winter Sale,0,4
44982,2025-02-10 03:09:00,Direct Traffic,-,1,1
44982,2025-02-10 14:55:00,Email,Winter Sale,1,2
44982,2025-02-10 19:04:00,Display Ads,-,1,3
44982,2025-02-10 20:10:00,Display Ads,Retargeting,1,4
44982,2025-02-11 16:40:00,Email,Brand Awareness,0,5
44987,2025-02-11 22:12:00,Direct Traffic,-,1,1
44987,2025-02-11 22:45:00,Search Ads,Brand Awareness,0,2
44991,2025-02-11 03:11:00,Search Ads,Brand Awareness,1,1
44991,2025-02-11 10:24:00,Social Media,-,0,2
44994,2025-02-10 11:50:00,Search Ads,New Product Launch,1,1
44994,2025-02-10 12:51:00,Social Media,Winter Sale,1,2
44994,2025-02-11 06:10:00,Referral,Discount Offer,1,3
44994,2025-02-11 16:11:00,Display Ads,-,0,4
45053,2025-02-10 02:40:00,Social Media,New Product Launch,1,1
45053,2025-02-11 11:10:00,Email,Winter Sale,0,2
45053,2025-02-11 13:47:00,Email,Retargeting,0,3
45058,2025-02-10 19:27:00,Social Media,New Product Launch,1,1
45058,2025-02-10 22:53:00,Direct Traffic,-,0,2
45058,2025-02-11 01:02:00,Referral,Brand Awareness,1,3
45058,2025-02-11 01:30:00,Email,New Product Launch,0,4
45148,2025-02-10 05:54:00,Social Media,Brand Awareness,0,1
45148,2025-02-10 07:17:00,Display Ads,New Product Launch,0,2
45183,2025-02-11 06:24:00,Display Ads,-,1,1
45192,2025-02-10 01:25:00,Referral,New Product Launch,0,1
45202,2025-02-10 01:04:00,Direct Traffic,-,1,1
45202,2025-02-10 23:43:00,Referral,Retargeting,0,2
45208,2025-02-10 06:47:00,Search Ads,Brand Awareness,1,1
45208,2025-02-10 22:37:00,Display Ads,Retargeting,1,2
45218,2025-02-10 00:50:00,Referral,Winter Sale,0,1
45218,2025-02-10 09:07:00,Search Ads,Retargeting,1,2
45218,2025-02-10 17:07:00,Email,Brand Awareness,1,3
45218,2025-02-11 18:08:00,Direct Traffic,-,0,4
45218,2025-02-11 21:11:00,Referral,New Product Launch,0,5
45297,2025-02-10 09:55:00,Referral,-,0,1
45297,2025-02-11 00:41:00,Social Media,Retargeting,0,2
45310,2025-02-10 12:13:00,Referral,Winter Sale,1,1
45310,2025-02-10 12:43:00,Display Ads,Discount Offer,0,2
45310,2025-02-10 19:31:00,Display Ads,Discount Offer,0,3
45315,2025-02-10 00:51:00,Referral,Winter Sale,0,1
45315,2025-02-11 01:23:00,Email,Winter Sale,1,2
45315,2025-02-11 12:59:00,Display Ads,New Product Launch,1,3
45315,2025-02-11 21:54:00,Referral,-,1,4
45340,2025-02-10 08:02:00,Direct Traffic,-,0,1
45340,2025-02-10 15:24:00,Email,Retargeting,1,2
45340,2025-02-11 09:35:00,Referral,Retargeting,0,3
45340,2025-02-11 13:51:00,Display Ads,Winter Sale,1,4
45340,2025-02-11 14:00:00,Direct Traffic,-,1,5
45340,2025-02-11 15:49:00,Referral,New Product Launch,0,6
45340,2025-02-11 15:51:00,Social Media,Retargeting,1,7
45368,2025-02-10 08:20:00,Direct Traffic,-,0,1
45368,2025-02-11 19:15:00,Social Media,Winter Sale,0,2
45415,2025-02-10 08:11:00,Direct Traffic,-,0,1
45415,2025-02-10 09:21:00,Display Ads,Retargeting,0,2
45415,2025-02-10 14:28:00,Display Ads,New Product Launch,0,3
45415,2025-02-10 22:57:00,Direct Traffic,-,1,4
45415,2025-02-11 08:39:00,Referral,Brand Awareness,1,5
45415,2025-02-11 10:43:00,Search Ads,New Product Launch,1,6
45426,2025-02-10 15:01:00,Search Ads,Brand Awareness,0,1
45476,2025-02-10 04:05:00,Referral,Discount Offer,1,1
45476,2025-02-10 11:20:00,Display Ads,Winter Sale,1,2
45476,2025-02-10 19:53:00,Referral,New Product Launch,1,3
45476,2025-02-10 22:48:00,Email,New Product Launch,1,4
45476,2025-02-11 07:18:00,Referral,Retargeting,0,5
45476,2025-02-11 14:15:00,Display Ads,Winter Sale,0,6
45477,2025-02-10 15:57:00,Display Ads,Brand Awareness,0,1
45564,2025-02-10 01:08:00,Email,Brand Awareness,1,1
45564,2025-02-10 15:03:00,Search Ads,Brand Awareness,1,2
45564,2025-02-10 18:27:00,Display Ads,Winter Sale,1,3
45564,2025-02-11 02:17:00,Email,Discount Offer,1,4
45571,2025-02-10 10:15:00,Display Ads,Discount Offer,0,1
45571,2025-02-10 10:24:00,Search Ads,Discount Offer,1,2
45571,2025-02-10 12:31:00,Social Media,Brand Awareness,0,3
45571,2025-02-10 13:44:00,Referral,New Product Launch,0,4
45575,2025-02-10 06:18:00,Referral,New Product Launch,1,1
45575,2025-02-11 08:20:00,Search Ads,-,1,2
45575,2025-02-11 15:08:00,Display Ads,-,0,3
45608,2025-02-10 19:40:00,Display Ads,Discount Offer,1,1
45622,2025-02-10 07:08:00,Referral,Discount Offer,1,1
45622,2025-02-11 01:51:00,Direct Traffic,-,1,2
45622,2025-02-11 16:55:00,Email,Brand Awareness,0,3
45622,2025-02-11 18:43:00,Social Media,New Product Launch,1,4
45652,2025-02-10 03:19:00,Social Media,Winter Sale,1,1
45652,2025-02-10 12:15:00,Referral,Retargeting,0,2
45652,2025-02-10 17:25:00,Email,-,0,3
45652,2025-02-11 08:43:00,Social Media,New Product Launch,0,4
45652,2025-02-11 09:55:00,Email,Brand Awareness,0,5
45681,2025-02-10 02:08:00,Referral,Retargeting,0,1
45681,2025-02-10 10:28:00,Display Ads,Discount Offer,0,2
45681,2025-02-10 11:17:00,Social Media,Brand Awareness,1,3
45681,2025-02-11 10:02:00,Direct Traffic,-,1,4
45750,2025-02-10 10:13:00,Display Ads,Brand Awareness,1,1
45750,2025-02-10 12:14:00,Display Ads,New Product Launch,1,2
45750,2025-02-11 13:08:00,Direct Traffic,-,0,3
45758,2025-02-10 01:44:00,Search Ads,Retargeting,1,1
45758,2025-02-11 21:47:00,Email,Discount Offer,1,2
45796,2025-02-10 01:05:00,Direct Traffic,-,1,1
45796,2025-02-11 17:51:00,Direct Traffic,-,1,2
45812,2025-02-10 13:48:00,Search Ads,Discount Offer,1,1
45812,2025-02-10 21:51:00,Direct Traffic,-,0,2
45812,2025-02-10 22:17:00,Social Media,New Product Launch,0,3
45812,2025-02-11 06:37:00,Display Ads,Retargeting,1,4
45812,2025-02-11 12:25:00,Search Ads,-,1,5
45832,2025-02-10 10:15:00,Display Ads,Winter Sale,1,1
45832,2025-02-10 15:25:00,Referral,Brand Awareness,0,2
45832,2025-02-11 01:09:00,Referral,Winter Sale,1,3
45832,2025-02-11 22:19:00,Search Ads,Discount Offer,0,4
45845,2025-02-10 20:04:00,Search Ads,New Product Launch,1,1
45845,2025-02-10 22:55:00,Search Ads,Retargeting,0,2
45845,2025-02-11 14:27:00,Display Ads,New Product Launch,1,3
45866,2025-02-10 23:30:00,Social Media,-,0,1
45866,2025-02-11 02:19:00,Direct Traffic,-,0,2
45866,2025-02-11 17:06:00,Search Ads,-,1,3
45892,2025-02-10 01:32:00,Social Media,Winter Sale,0,1
45892,2025-02-11 11:05:00,Search Ads,Brand Awareness,0,2
45892,2025-02-11 16:00:00,Social Media,Discount Offer,0,3
45892,2025-02-11 22:08:00,Social Media,Retargeting,1,4
45927,2025-02-10 09:01:00,Search Ads,Brand Awareness,1,1
45927,2025-02-10 12:15:00,Email,Retargeting,1,2
45927,2025-02-10 23:40:00,Referral,Discount Offer,0,3
45927,2025-02-11 16:06:00,Search Ads,Discount Offer,0,4
45959,2025-02-10 16:15:00,Email,-,0,1
45959,2025-02-11 07:23:00,Email,Retargeting,1,2
45959,2025-02-11 12:37:00,Referral,New Product Launch,1,3
45959,2025-02-11 20:43:00,Social Media,Winter Sale,0,4
45964,2025-02-10 11:02:00,Search Ads,Brand Awareness,0,1
45964,2025-02-10 20:13:00,Social Media,Retargeting,1,2
45964,2025-02-10 22:00:00,Display Ads,Discount Offer,0,3
45964,2025-02-10 22:53:00,Referral,Discount Offer,1,4
45964,2025-02-11 18:54:00,Email,Winter Sale,1,5
45981,2025-02-10 11:12:00,Direct Traffic,-,0,1
45981,2025-02-10 11:46:00,Email,Winter Sale,0,2
45981,2025-02-11 01:58:00,Direct Traffic,-,0,3
45981,2025-02-11 04:18:00,Social Media,Retargeting,1,4
45981,2025-02-11 21:47:00,Direct Traffic,-,0,5
46014,2025-02-10 14:32:00,Referral,Winter Sale,0,1
46014,2025-02-11 04:32:00,Social Media,Retargeting,0,2
46014,2025-02-11 06:48:00,Display Ads,Winter Sale,0,3
46050,2025-02-10 15:37:00,Referral,Winter Sale,1,1
46050,2025-02-11 04:32:00,Referral,Retargeting,1,2
46050,2025-02-11 06:06:00,Search Ads,New Product Launch,1,3
46050,2025-02-11 22:18:00,Social Media,-,0,4
46055,2025-02-10 01:19:00,Direct Traffic,-,1,1
46055,2025-02-10 20:04:00,Search Ads,-,0,2
46055,2025-02-10 21:27:00,Search Ads,Winter Sale,0,3
46055,2025-02-11 23:05:00,Display Ads,-,1,4
46058,2025-02-10 00:13:00,Social Media,-,0,1
46058,2025-02-10 23:24:00,Direct Traffic,-,0,2
46070,2025-02-11 01:30:00,Search Ads,Brand Awareness,0,1
46070,2025-02-11 18:49:00,Display Ads,Winter Sale,1,2
46179,2025-02-10 00:29:00,Social Media,Discount Offer,0,1
46179,2025-02-10 11:07:00,Display Ads,Discount Offer,0,2
46179,2025-02-10 11:38:00,Display Ads,Brand Awareness,1,3
46179,2025-02-10 19:37:00,Display Ads,Brand Awareness,0,4
46180,2025-02-10 02:04:00,Social Media,Brand Awareness,1,1
46210,2025-02-10 06:47:00,Direct Traffic,-,1,1
46221,2025-02-10 00:01:00,Display Ads,Retargeting,0,1
46221,2025-02-10 08:32:00,Social Media,Brand Awareness,1,2
46221,2025-02-10 14:31:00,Display Ads,Retargeting,0,3
46221,2025-02-10 17:10:00,Social Media,-,0,4
46221,2025-02-11 03:28:00,Direct Traffic,-,1,5
46221,2025-02-11 12:50:00,Search Ads,Winter Sale,1,6
46221,2025-02-11 17:22:00,Referral,Brand Awareness,0,7
46221,2025-02-11 21:12:00,Display Ads,Retargeting,0,8
46268,2025-02-11 02:33:00,Email,Winter Sale,1,1
46321,2025-02-10 08:40:00,Display Ads,Winter Sale,0,1
46334,2025-02-10 06:50:00,Direct Traffic,-,0,1
46334,2025-02-10 23:02:00,Email,Brand Awareness,0,2
46334,2025-02-11 06:13:00,Search Ads,Retargeting,0,3
46334,2025-02-11 13:22:00,Email,New Product Launch,1,4
46342,2025-02-10 00:34:00,Direct Traffic,-,0,1
46342,2025-02-11 04:10:00,Direct Traffic,-,1,2
46342,2025-02-11 11:44:00,Display Ads,Discount Offer,1,3
46364,2025-02-11 01:36:00,Referral,New Product Launch,1,1
46364,2025-02-11 17:28:00,Social Media,Winter Sale,1,2
46373,2025-02-10 08:55:00,Display Ads,-,0,1
46373,2025-02-10 16:33:00,Display Ads,Discount Offer,1,2
46373,2025-02-10 18:40:00,Search Ads,Discount Offer,1,3
46373,2025-02-11 23:38:00,Social Media,-,0,4
46428,2025-02-11 08:49:00,Social Media,Winter Sale,0,1
46438,2025-02-10 13:57:00,Social Media,New Product Launch,0,1
46442,2025-02-10 00:55:00,Search Ads,Discount Offer,1,1
46442,2025-02-10 08:35:00,Social Media,New Product Launch,0,2
46442,2025-02-11 00:48:00,Social Media,-,0,3
46442,2025-02-11 08:18:00,Search Ads,-,1,4
46442,2025-02-11 08:53:00,Direct Traffic,-,0,5
46442,2025-02-11 14:46:00,Referral,-,0,6
46442,2025-02-11 18:45:00,Display Ads,Retargeting,1,7
46487,2025-02-11 08:27:00,Direct Traffic,-,1,1
46487,2025-02-11 10:44:00,Direct Traffic,-,1,2
46487,2025-02-11 12:47:00,Direct Traffic,-,0,3
46491,2025-02-10 00:08:00,Display Ads,Discount Offer,1,1
46491,2025-02-10 10:58:00,Referral,Brand Awareness,0,2
46491,2025-02-11 01:07:00,Direct Traffic,-,0,3
46491,2025-02-11 05:40:00,Search Ads,Winter Sale,1,4
46491,2025-02-11 18:14:00,Email,Discount Offer,1,5
46506,2025-02-10 02:12:00,Display Ads,New Product Launch,1,1
46506,2025-02-11 15:10:00,Search Ads,Discount Offer,1,2
46506,2025-02-11 15:57:00,Direct Traffic,-,0,3
46555,2025-02-10 03:15:00,Email,-,1,1
46555,2025-02-10 05:31:00,Search Ads,Retargeting,1,2
46555,2025-02-11 05:00:00,Social Media,New Product Launch,1,3
46592,2025-02-10 04:57:00,Referral,Discount Offer,0,1
46592,2025-02-11 01:54:00,Display Ads,Brand Awareness,1,2
46592,2025-02-11 12:28:00,Search Ads,Winter Sale,1,3
46592,2025-02-11 13:02:00,Social Media,-,1,4
46592,2025-02-11 18:25:00,Direct Traffic,-,0,5
46598,2025-02-10 02:03:00,Display Ads,Winter Sale,1,1
46598,2025-02-11 02:04:00,Direct Traffic,-,0,2
46598,2025-02-11 18:32:00,Display Ads,Brand Awareness,1,3
46618,2025-02-11 00:22:00,Display Ads,-,1,1
46618,2025-02-11 19:45:00,Social Media,Winter Sale,0,2
46658,2025-02-10 20:10:00,Email,-,1,1
46658,2025-02-11 18:55:00,Display Ads,-,1,2
46662,2025-02-10 03:15:00,Direct Traffic,-,0,1
46662,2025-02-10 04:10:00,Display Ads,-,1,2
46662,2025-02-11 00:20:00,Social Media,Brand Awareness,1,3
46662,2025-02-11 05:08:00,Email,Retargeting,1,4
46662,2025-02-11 18:01:00,Email,New Product Launch,1,5
46662,2025-02-11 20:06:00,Referral,New Product Launch,0,6
46667,2025-02-10 06:38:00,Referral,Brand Awareness,1,1
46667,2025-02-10 07:17:00,Email,Brand Awareness,1,2
46667,2025-02-10 07:49:00,Search Ads,Retargeting,0,3
46667,2025-02-10 13:30:00,Search Ads,Winter Sale,1,4
46667,2025-02-11 02:47:00,Direct Traffic,-,1,5
46667,2025-02-11 20:56:00,Referral,Brand Awareness,0,6
46738,2025-02-10 02:05:00,Referral,Discount Offer,1,1
46738,2025-02-11 03:44:00,Email,-,1,2
46768,2025-02-11 00:50:00,Email,Brand Awareness,1,1
46768,2025-02-11 13:13:00,Search Ads,New Product Launch,1,2
46827,2025-02-11 07:25:00,Email,Discount Offer,1,1
46827,2025-02-11 08:24:00,Direct Traffic,-,0,2
46862,2025-02-10 01:14:00,Email,Winter Sale,1,1
46911,2025-02-10 00:53:00,Search Ads,Discount Offer,0,1
46911,2025-02-10 05:27:00,Search Ads,Discount Offer,1,2
46911,2025-02-10 21:47:00,Search Ads,Brand Awareness,1,3
46911,2025-02-11 14:54:00,Display Ads,-,0,4
46918,2025-02-10 00:40:00,Email,-,1,1
46918,2025-02-10 01:36:00,Direct Traffic,-,0,2
46918,2025-02-10 04:24:00,Email,Retargeting,1,3
46918,2025-02-10 13:59:00,Referral,Retargeting,0,4
46918,2025-02-10 16:09:00,Display Ads,-,1,5
46918,2025-02-11 02:58:00,Direct Traffic,-,0,6
46924,2025-02-11 01:16:00,Email,Discount Offer,1,1
46924,2025-02-11 10:06:00,Social Media,-,0,2
46954,2025-02-10 04:45:00,Direct Traffic,-,0,1
46954,2025-02-10 22:39:00,Referral,Winter Sale,1,2
46954,2025-02-11 00:52:00,Email,Discount Offer,1,3
46954,2025-02-11 01:35:00,Display Ads,Winter Sale,0,4
46954,2025-02-11 10:03:00,Email,New Product Launch,1,5
46954,2025-02-11 12:13:00,Referral,Winter Sale,0,6
46977,2025-02-11 03:53:00,Search Ads,New Product Launch,0,1
46977,2025-02-11 04:20:00,Referral,Brand Awareness,1,2
46977,2025-02-11 13:47:00,Email,-,0,3
46977,2025-02-11 19:07:00,Referral,Brand Awareness,1,4
46988,2025-02-10 06:10:00,Search Ads,Winter Sale,1,1
46988,2025-02-10 11:23:00,Direct Traffic,-,1,2
46988,2025-02-10 17:17:00,Direct Traffic,-,0,3
46988,2025-02-11 06:24:00,Direct Traffic,-,1,4
46988,2025-02-11 08:00:00,Search Ads,New Product Launch,0,5
46988,2025-02-11 11:28:00,Direct Traffic,-,0,6
46988,2025-02-11 16:44:00,Referral,New Product Launch,0,7
46988,2025-02-11 18:01:00,Social Media,New Product Launch,0,8
46988,2025-02-11 19:32:00,Email,Discount Offer,1,9
46988,2025-02-11 20:36:00,Referral,Brand Awareness,0,10
46988,2025-02-11 23:54:00,Social Media,Discount Offer,0,11
47060,2025-02-10 09:34:00,Referral,Brand Awareness,1,1
47060,2025-02-10 12:59:00,Display Ads,Retargeting,1,2
47085,2025-02-10 05:30:00,Search Ads,Retargeting,1,1
47085,2025-02-11 05:56:00,Direct Traffic,-,1,2
47094,2025-02-10 15:36:00,Email,Winter Sale,1,1
47094,2025-02-11 08:24:00,Search Ads,Discount Offer,0,2
47151,2025-02-10 02:31:00,Email,New Product Launch,0,1
47151,2025-02-10 09:37:00,Search Ads,New Product Launch,1,2
47151,2025-02-10 18:36:00,Search Ads,Retargeting,0,3
47151,2025-02-10 20:37:00,Direct Traffic,-,0,4
47151,2025-02-11 18:20:00,Social Media,New Product Launch,1,5
47152,2025-02-10 13:49:00,Social Media,New Product Launch,0,1
47152,2025-02-10 14:05:00,Social Media,New Product Launch,1,2
47152,2025-02-11 20:01:00,Email,Brand Awareness,0,3
47174,2025-02-10 04:55:00,Email,Retargeting,0,1
47174,2025-02-10 10:57:00,Display Ads,Retargeting,0,2
47174,2025-02-10 22:08:00,Email,Winter Sale,0,3
47174,2025-02-11 04:08:00,Social Media,Discount Offer,0,4
47174,2025-02-11 14:39:00,Referral,Brand Awareness,1,5
47202,2025-02-10 04:21:00,Direct Traffic,-,0,1
47202,2025-02-10 05:11:00,Direct Traffic,-,0,2
47202,2025-02-10 23:03:00,Referral,Brand Awareness,0,3
47202,2025-02-11 15:36:00,Email,Winter Sale,0,4
47202,2025-02-11 20:48:00,Direct Traffic,-,1,5
47206,2025-02-10 19:36:00,Direct Traffic,-,0,1
47236,2025-02-11 19:13:00,Direct Traffic,-,0,1
47236,2025-02-11 23:07:00,Email,Winter Sale,0,2
47302,2025-02-10 06:54:00,Display Ads,Retargeting,1,1
47302,2025-02-10 11:41:00,Search Ads,Brand Awareness,1,2
47302,2025-02-10 15:10:00,Email,Discount Offer,1,3
47302,2025-02-11 00:39:00,Search Ads,Winter Sale,1,4
47302,2025-02-11 22:56:00,Referral,Winter Sale,0,5
47339,2025-02-10 08:29:00,Display Ads,Winter Sale,1,1
47339,2025-02-11 05:47:00,Display Ads,Retargeting,1,2
47339,2025-02-11 11:14:00,Direct Traffic,-,1,3
47339,2025-02-11 17:05:00,Display Ads,Retargeting,0,4
47391,2025-02-11 01:03:00,Direct Traffic,-,1,1
47391,2025-02-11 01:29:00,Search Ads,Retargeting,0,2
47391,2025-02-11 15:49:00,Direct Traffic,-,0,3
47391,2025-02-11 16:57:00,Direct Traffic,-,1,4
47391,2025-02-11 20:59:00,Referral,-,1,5
47452,2025-02-10 06:57:00,Display Ads,-,0,1
47452,2025-02-10 13:22:00,Email,Winter Sale,0,2
47452,2025-02-11 15:17:00,Referral,-,0,3
47452,2025-02-11 19:37:00,Social Media,Brand Awareness,0,4
47473,2025-02-10 19:37:00,Display Ads,Winter Sale,1,1
47473,2025-02-11 22:22:00,Email,-,0,2
47509,2025-02-10 02:01:00,Email,Retargeting,0,1
47509,2025-02-10 03:12:00,Display Ads,Winter Sale,1,2
47509,2025-02-10 07:02:00,Email,Brand Awareness,0,3
47509,2025-02-10 11:29:00,Search Ads,Winter Sale,1,4
47509,2025-02-11 08:49:00,Social Media,New Product Launch,1,5
47509,2025-02-11 09:07:00,Search Ads,Retargeting,1,6
47509,2025-02-11 09:48:00,Referral,-,0,7
47509,2025-02-11 11:07:00,Display Ads,New Product Launch,1,8
47511,2025-02-10 08:49:00,Referral,Retargeting,0,1
47511,2025-02-10 16:15:00,Display Ads,Winter Sale,0,2
47511,2025-02-11 16:59:00,Referral,Discount Offer,1,3
47566,2025-02-10 10:09:00,Display Ads,Retargeting,0,1
47566,2025-02-11 18:20:00,Search Ads,Retargeting,1,2
47595,2025-02-10 17:00:00,Display Ads,-,1,1
47595,2025-02-11 05:38:00,Search Ads,Winter Sale,1,2
47595,2025-02-11 08:37:00,Search Ads,-,0,3
47595,2025-02-11 22:22:00,Referral,Retargeting,0,4
47631,2025-02-10 01:35:00,Email,New Product Launch,1,1
47631,2025-02-11 09:48:00,Email,Discount Offer,1,2
47675,2025-02-10 03:16:00,Direct Traffic,-,1,1
47675,2025-02-11 15:41:00,Social Media,-,1,2
47695,2025-02-11 10:23:00,Referral,Discount Offer,0,1
47695,2025-02-11 23:33:00,Direct Traffic,-,0,2
47709,2025-02-10 06:10:00,Direct Traffic,-,0,1
47709,2025-02-10 21:27:00,Search Ads,Brand Awareness,0,2
47735,2025-02-10 05:21:00,Referral,Brand Awareness,1,1
47735,2025-02-10 07:08:00,Display Ads,Discount Offer,1,2
47735,2025-02-10 08:51:00,Referral,Discount Offer,1,3
47735,2025-02-10 20:46:00,Social Media,Retargeting,0,4
47735,2025-02-10 22:48:00,Email,Brand Awareness,1,5
47735,2025-02-11 03:45:00,Direct Traffic,-,1,6
47735,2025-02-11 12:16:00,Direct Traffic,-,0,7
47735,2025-02-11 20:43:00,Display Ads,New Product Launch,1,8
47740,2025-02-10 09:18:00,Direct Traffic,-,0,1
47740,2025-02-10 10:34:00,Social Media,New Product Launch,1,2
47740,2025-02-10 14:46:00,Referral,-,1,3
47740,2025-02-10 22:16:00,Email,New Product Launch,1,4
47740,2025-02-10 23:25:00,Direct Traffic,-,1,5
47740,2025-02-11 09:41:00,Direct Traffic,-,1,6
47740,2025-02-11 18:27:00,Referral,-,1,7
47740,2025-02-11 23:37:00,Referral,Winter Sale,0,8
47775,2025-02-10 10:27:00,Social Media,-,0,1
47775,2025-02-10 16:08:00,Referral,-,0,2
47775,2025-02-10 18:07:00,Social Media,Retargeting,0,3
47775,2025-02-11 13:27:00,Direct Traffic,-,1,4
47781,2025-02-10 03:03:00,Direct Traffic,-,1,1
47781,2025-02-10 20:42:00,Email,Brand Awareness,1,2
47785,2025-02-10 15:05:00,Email,Brand Awareness,0,1
47785,2025-02-11 09:13:00,Email,Discount Offer,1,2
47795,2025-02-10 02:04:00,Search Ads,Winter Sale,0,1
47795,2025-02-10 06:27:00,Direct Traffic,-,1,2
47795,2025-02-11 02:41:00,Display Ads,New Product Launch,0,3
47795,2025-02-11 14:49:00,Social Media,Winter Sale,0,4
47829,2025-02-10 16:10:00,Social Media,Brand Awareness,1,1
47829,2025-02-10 21:24:00,Referral,New Product Launch,1,2
47829,2025-02-11 10:12:00,Display Ads,Discount Offer,1,3
47957,2025-02-10 00:30:00,Search Ads,New Product Launch,0,1
47957,2025-02-10 05:50:00,Email,New Product Launch,1,2
47957,2025-02-11 08:35:00,Search Ads,Discount Offer,1,3
47957,2025-02-11 12:08:00,Direct Traffic,-,0,4
48080,2025-02-10 00:01:00,Direct Traffic,-,0,1
48080,2025-02-10 02:32:00,Email,Retargeting,0,2
48080,2025-02-11 22:22:00,Display Ads,Brand Awareness,0,3
48088,2025-02-11 21:41:00,Direct Traffic,-,0,1
48089,2025-02-10 00:50:00,Referral,Winter Sale,0,1
48089,2025-02-10 05:39:00,Referral,Brand Awareness,1,2
48089,2025-02-11 02:23:00,Search Ads,Winter Sale,0,3
48089,2025-02-11 09:15:00,Display Ads,Retargeting,1,4
48089,2025-02-11 11:28:00,Direct Traffic,-,1,5
48089,2025-02-11 17:25:00,Search Ads,New Product Launch,0,6
48097,2025-02-10 22:02:00,Search Ads,New Product Launch,0,1
48099,2025-02-10 02:50:00,Direct Traffic,-,0,1
48099,2025-02-10 08:35:00,Direct Traffic,-,1,2
48099,2025-02-10 10:03:00,Social Media,Retargeting,1,3
48099,2025-02-10 17:38:00,Email,New Product Launch,0,4
48099,2025-02-10 17:47:00,Email,Brand Awareness,0,5
48099,2025-02-10 21:06:00,Display Ads,Winter Sale,1,6
48099,2025-02-10 22:51:00,Search Ads,Winter Sale,1,7
48099,2025-02-10 23:17:00,Search Ads,Retargeting,0,8
48099,2025-02-11 07:16:00,Display Ads,Retargeting,1,9
48099,2025-02-11 14:20:00,Display Ads,Retargeting,1,10
48099,2025-02-11 19:38:00,Direct Traffic,-,0,11
48115,2025-02-10 06:59:00,Direct Traffic,-,1,1
48115,2025-02-11 13:23:00,Search Ads,New Product Launch,1,2
48115,2025-02-11 17:03:00,Search Ads,Winter Sale,1,3
48115,2025-02-11 22:11:00,Display Ads,Discount Offer,0,4
48237,2025-02-10 00:08:00,Search Ads,Brand Awareness,0,1
48237,2025-02-10 18:47:00,Search Ads,-,1,2
48237,2025-02-11 13:41:00,Referral,Brand Awareness,0,3
48237,2025-02-11 21:19:00,Referral,-,1,4
48298,2025-02-10 05:55:00,Display Ads,Retargeting,1,1
48298,2025-02-10 16:07:00,Direct Traffic,-,0,2
48298,2025-02-11 02:36:00,Social Media,Discount Offer,1,3
48298,2025-02-11 23:23:00,Direct Traffic,-,1,4
48324,2025-02-10 16:53:00,Display Ads,New Product Launch,1,1
48330,2025-02-10 09:05:00,Social Media,Winter Sale,1,1
48330,2025-02-10 09:43:00,Email,Discount Offer,1,2
48330,2025-02-10 12:37:00,Search Ads,Discount Offer,1,3
48330,2025-02-10 12:46:00,Email,Winter Sale,1,4
48330,2025-02-11 08:57:00,Referral,-,1,5
48404,2025-02-10 07:23:00,Display Ads,Retargeting,1,1
48404,2025-02-11 03:34:00,Search Ads,Discount Offer,0,2
48404,2025-02-11 05:18:00,Email,Retargeting,1,3
48404,2025-02-11 06:33:00,Email,New Product Launch,1,4
48404,2025-02-11 12:46:00,Social Media,Discount Offer,0,5
48404,2025-02-11 22:45:00,Social Media,Brand Awareness,0,6
48493,2025-02-10 14:59:00,Referral,Brand Awareness,0,1
48493,2025-02-11 03:18:00,Email,Winter Sale,1,2
48493,2025-02-11 07:21:00,Email,New Product Launch,0,3
48574,2025-02-10 01:25:00,Display Ads,Winter Sale,1,1
48574,2025-02-11 11:20:00,Social Media,Brand Awareness,0,2
48574,2025-02-11 13:39:00,Social Media,Retargeting,0,3
48639,2025-02-10 14:20:00,Search Ads,-,0,1
48639,2025-02-11 10:02:00,Referral,New Product Launch,1,2
48639,2025-02-11 12:48:00,Direct Traffic,-,0,3
48639,2025-02-11 21:54:00,Social Media,Winter Sale,0,4
48639,2025-02-11 23:22:00,Email,New Product Launch,1,5
48649,2025-02-10 12:35:00,Email,Retargeting,1,1
48649,2025-02-11 05:53:00,Search Ads,New Product Launch,0,2
48649,2025-02-11 06:49:00,Social Media,Brand Awareness,0,3
48649,2025-02-11 14:08:00,Social Media,Discount Offer,0,4
48654,2025-02-10 12:23:00,Social Media,-,0,1
48654,2025-02-10 21:20:00,Social Media,New Product Launch,0,2
48654,2025-02-11 10:51:00,Referral,New Product Launch,0,3
48700,2025-02-11 00:17:00,Search Ads,Discount Offer,0,1
48700,2025-02-11 20:31:00,Social Media,Winter Sale,0,2
48706,2025-02-10 09:14:00,Search Ads,Winter Sale,0,1
48706,2025-02-11 13:34:00,Direct Traffic,-,0,2
48732,2025-02-10 04:15:00,Direct Traffic,-,0,1
48732,2025-02-10 07:01:00,Email,Winter Sale,1,2
48732,2025-02-11 03:06:00,Display Ads,New Product Launch,1,3
48732,2025-02-11 06:52:00,Referral,Brand Awareness,0,4
48740,2025-02-11 00:01:00,Search Ads,Brand Awareness,0,1
48740,2025-02-11 13:23:00,Social Media,Retargeting,1,2
48740,2025-02-11 16:14:00,Display Ads,New Product Launch,0,3
48753,2025-02-10 07:00:00,Email,Discount Offer,1,1
48753,2025-02-10 15:52:00,Email,Retargeting,1,2
48753,2025-02-11 00:26:00,Search Ads,Brand Awareness,0,3
48753,2025-02-11 15:57:00,Social Media,-,0,4
48753,2025-02-11 21:43:00,Search Ads,Winter Sale,0,5
48850,2025-02-10 04:09:00,Display Ads,Retargeting,1,1
48850,2025-02-10 10:10:00,Referral,-,0,2
48850,2025-02-10 14:56:00,Direct Traffic,-,0,3
48850,2025-02-10 22:38:00,Direct Traffic,-,1,4
48850,2025-02-11 03:03:00,Direct Traffic,-,0,5
48867,2025-02-10 00:02:00,Referral,-,1,1
48867,2025-02-10 04:12:00,Referral,Discount Offer,0,2
48867,2025-02-10 15:54:00,Direct Traffic,-,1,3
48867,2025-02-11 04:34:00,Direct Traffic,-,0,4
48867,2025-02-11 10:06:00,Referral,New Product Launch,1,5
48867,2025-02-11 22:12:00,Search Ads,Retargeting,0,6
48902,2025-02-10 21:43:00,Display Ads,Discount Offer,0,1
48902,2025-02-11 00:44:00,Social Media,New Product Launch,0,2
48949,2025-02-10 01:01:00,Search Ads,Brand Awareness,0,1
48949,2025-02-10 10:44:00,Email,Brand Awareness,1,2
48949,2025-02-11 09:15:00,Social Media,New Product Launch,0,3
48990,2025-02-10 07:22:00,Social Media,Brand Awareness,0,1
48990,2025-02-10 08:06:00,Direct Traffic,-,1,2
48990,2025-02-10 10:29:00,Direct Traffic,-,1,3
48990,2025-02-11 04:54:00,Referral,Retargeting,1,4
48990,2025-02-11 10:35:00,Social Media,Retargeting,1,5
48990,2025-02-11 19:57:00,Display Ads,Brand Awareness,0,6
48990,2025-02-11 23:11:00,Direct Traffic,-,0,7
49007,2025-02-11 11:15:00,Social Media,Retargeting,0,1
49053,2025-02-11 07:43:00,Referral,Winter Sale,1,1
49053,2025-02-11 09:43:00,Email,Retargeting,1,2
49053,2025-02-11 20:21:00,Referral,Discount Offer,1,3
49073,2025-02-10 05:53:00,Search Ads,Discount Offer,0,1
49073,2025-02-11 03:15:00,Display Ads,Brand Awareness,0,2
49073,2025-02-11 07:15:00,Email,New Product Launch,0,3
49073,2025-02-11 09:01:00,Social Media,New Product Launch,1,4
49128,2025-02-10 00:56:00,Display Ads,Retargeting,1,1
49128,2025-02-10 12:01:00,Referral,Brand Awareness,0,2
49128,2025-02-10 23:01:00,Search Ads,Winter Sale,1,3
49128,2025-02-11 01:14:00,Email,Retargeting,0,4
49128,2025-02-11 12:53:00,Search Ads,Brand Awareness,1,5
49207,2025-02-10 21:05:00,Email,-,0,1
49207,2025-02-11 03:12:00,Direct Traffic,-,0,2
49207,2025-02-11 09:54:00,Referral,Retargeting,1,3
49220,2025-02-10 03:26:00,Search Ads,-,1,1
49220,2025-02-11 12:53:00,Direct Traffic,-,0,2
49220,2025-02-11 20:30:00,Referral,-,0,3
49243,2025-02-10 16:41:00,Display Ads,Discount Offer,1,1
49243,2025-02-10 18:00:00,Search Ads,Winter Sale,0,2
49243,2025-02-10 19:20:00,Search Ads,Brand Awareness,1,3
49243,2025-02-11 00:58:00,Referral,Winter Sale,1,4
49243,2025-02-11 08:21:00,Email,Brand Awareness,0,5
49243,2025-02-11 08:56:00,Search Ads,New Product Launch,1,6
49271,2025-02-10 07:07:00,Direct Traffic,-,0,1
49271,2025-02-11 00:00:00,Direct Traffic,-,1,2
49293,2025-02-11 10:37:00,Email,Brand Awareness,1,1
49293,2025-02-11 22:46:00,Social Media,New Product Launch,0,2
49297,2025-02-10 01:13:00,Social Media,Retargeting,1,1
49297,2025-02-10 08:49:00,Email,Brand Awareness,1,2
49297,2025-02-11 03:06:00,Direct Traffic,-,1,3
49297,2025-02-11 03:13:00,Direct Traffic,-,0,4
49297,2025-02-11 06:28:00,Search Ads,Brand Awareness,0,5
49297,2025-02-11 22:17:00,Referral,Discount Offer,0,6
49366,2025-02-10 10:24:00,Social Media,Winter Sale,0,1
49366,2025-02-11 04:26:00,Search Ads,Winter Sale,1,2
49366,2025-02-11 12:48:00,Search Ads,New Product Launch,0,3
49375,2025-02-10 13:47:00,Social Media,Brand Awareness,1,1
49375,2025-02-11 17:54:00,Display Ads,Brand Awareness,1,2
49394,2025-02-10 20:10:00,Social Media,-,1,1
49394,2025-02-11 01:21:00,Direct Traffic,-,1,2
49394,2025-02-11 09:52:00,Email,Brand Awareness,1,3
49394,2025-02-11 16:46:00,Email,Winter Sale,1,4
49456,2025-02-10 02:40:00,Referral,Retargeting,1,1
49456,2025-02-10 20:28:00,Direct Traffic,-,0,2
49456,2025-02-11 06:12:00,Referral,New Product Launch,0,3
49456,2025-02-11 11:01:00,Referral,-,0,4
49478,2025-02-10 12:37:00,Direct Traffic,-,1,1
49478,2025-02-10 21:38:00,Direct Traffic,-,0,2
49478,2025-02-11 04:36:00,Direct Traffic,-,0,3
49518,2025-02-10 05:54:00,Email,New Product Launch,0,1
49524,2025-02-10 01:42:00,Social Media,Winter Sale,0,1
49524,2025-02-11 20:08:00,Social Media,Retargeting,0,2
49529,2025-02-10 15:19:00,Display Ads,Brand Awareness,0,1
49529,2025-02-10 19:50:00,Display Ads,Brand Awareness,1,2
49529,2025-02-11 08:29:00,Direct Traffic,-,1,3
49529,2025-02-11 17:33:00,Direct Traffic,-,1,4
49647,2025-02-10 03:37:00,Referral,Winter Sale,1,1
49647,2025-02-10 17:10:00,Search Ads,Brand Awareness,1,2
49647,2025-02-11 04:20:00,Search Ads,Discount Offer,0,3
49647,2025-02-11 05:03:00,Email,Winter Sale,0,4
49647,2025-02-11 10:52:00,Email,-,1,5
49647,2025-02-11 12:15:00,Social Media,-,0,6
49655,2025-02-10 04:35:00,Email,Brand Awareness,0,1
49655,2025-02-10 20:21:00,Display Ads,New Product Launch,1,2
49655,2025-02-11 10:28:00,Search Ads,Brand Awareness,1,3
49655,2025-02-11 13:50:00,Referral,Brand Awareness,0,4
49661,2025-02-10 04:14:00,Email,Discount Offer,1,1
49665,2025-02-10 00:50:00,Referral,Retargeting,0,1
49665,2025-02-10 07:41:00,Search Ads,New Product Launch,0,2
49665,2025-02-10 23:59:00,Social Media,Discount Offer,1,3
49673,2025-02-10 08:49:00,Referral,Discount Offer,0,1
49673,2025-02-10 10:23:00,Social Media,Retargeting,0,2
49673,2025-02-10 21:53:00,Search Ads,Brand Awareness,1,3
49673,2025-02-11 00:35:00,Search Ads,Winter Sale,1,4
49673,2025-02-11 04:58:00,Email,-,0,5
49673,2025-02-11 08:06:00,Social Media,Winter Sale,1,6
49735,2025-02-10 00:56:00,Search Ads,Winter Sale,0,1
49735,2025-02-10 17:42:00,Social Media,Discount Offer,0,2
49735,2025-02-11 16:27:00,Social Media,New Product Launch,0,3
49735,2025-02-11 20:32:00,Search Ads,Brand Awareness,1,4
49743,2025-02-11 15:34:00,Referral,-,1,1
49789,2025-02-10 04:00:00,Social Media,Brand Awareness,1,1
49789,2025-02-10 16:47:00,Display Ads,Discount Offer,0,2
49789,2025-02-10 18:58:00,Search Ads,Retargeting,1,3
49789,2025-02-10 20:03:00,Direct Traffic,-,0,4
49789,2025-02-10 20:49:00,Search Ads,Brand Awareness,0,5
49789,2025-02-10 22:19:00,Direct Traffic,-,1,6
49789,2025-02-11 10:58:00,Display Ads,New Product Launch,1,7
49847,2025-02-10 01:25:00,Social Media,Brand Awareness,1,1
49847,2025-02-11 12:37:00,Display Ads,Retargeting,0,2
49847,2025-02-11 18:20:00,Referral,Discount Offer,0,3
49847,2025-02-11 20:49:00,Search Ads,New Product Launch,0,4
49913,2025-02-10 15:42:00,Email,Retargeting,1,1
49913,2025-02-10 18:20:00,Display Ads,Brand Awareness,0,2
49913,2025-02-10 18:37:00,Email,Discount Offer,1,3
49913,2025-02-11 01:12:00,Direct Traffic,-,0,4
49967,2025-02-11 13:13:00,Direct Traffic,-,1,1
49967,2025-02-11 16:57:00,Display Ads,New Product Launch,1,2
49985,2025-02-10 01:10:00,Search Ads,Discount Offer,0,1
49985,2025-02-10 13:30:00,Referral,New Product Launch,0,2
49985,2025-02-11 20:09:00,Direct Traffic,-,0,3
49991,2025-02-10 18:35:00,Social Media,Winter Sale,1,1
49991,2025-02-10 19:03:00,Email,Winter Sale,1,2
49991,2025-02-10 20:17:00,Referral,New Product Launch,1,3
49991,2025-02-11 12:53:00,Referral,Brand Awareness,1,4
50166,2025-02-10 05:36:00,Email,Brand Awareness,0,1
50166,2025-02-10 13:36:00,Search Ads,-,1,2
50166,2025-02-11 01:51:00,Display Ads,Discount Offer,1,3
50166,2025-02-11 20:22:00,Display Ads,Winter Sale,1,4
50176,2025-02-10 18:08:00,Display Ads,New Product Launch,1,1
50216,2025-02-10 20:01:00,Referral,Discount Offer,0,1
50216,2025-02-11 07:52:00,Social Media,Discount Offer,1,2
50216,2025-02-11 08:53:00,Email,Discount Offer,0,3
50250,2025-02-10 13:59:00,Referral,Retargeting,0,1
50250,2025-02-10 16:27:00,Referral,Retargeting,0,2
50250,2025-02-11 16:05:00,Social Media,Winter Sale,0,3
50264,2025-02-10 07:08:00,Search Ads,Retargeting,0,1
50264,2025-02-11 11:50:00,Referral,New Product Launch,1,2
50264,2025-02-11 14:48:00,Social Media,Brand Awareness,1,3
50264,2025-02-11 20:04:00,Search Ads,Winter Sale,1,4
50281,2025-02-11 18:23:00,Email,-,1,1
50281,2025-02-11 23:21:00,Search Ads,Retargeting,1,2
50295,2025-02-10 01:04:00,Social Media,Discount Offer,0,1
50295,2025-02-10 08:48:00,Social Media,Winter Sale,0,2
50295,2025-02-11 03:24:00,Direct Traffic,-,0,3
50311,2025-02-10 05:26:00,Referral,-,1,1
50311,2025-02-10 06:36:00,Display Ads,Brand Awareness,1,2
50311,2025-02-11 00:23:00,Social Media,Discount Offer,0,3
50366,2025-02-10 22:54:00,Email,Brand Awareness,0,1
50366,2025-02-11 17:51:00,Referral,Winter Sale,1,2
50369,2025-02-10 07:51:00,Search Ads,Discount Offer,0,1
50369,2025-02-10 14:39:00,Social Media,Winter Sale,0,2
50369,2025-02-11 01:12:00,Display Ads,-,0,3
50369,2025-02-11 14:04:00,Email,-,1,4
50453,2025-02-10 02:47:00,Referral,Retargeting,0,1
50453,2025-02-10 09:17:00,Direct Traffic,-,1,2
50453,2025-02-11 11:00:00,Direct Traffic,-,1,3
50453,2025-02-11 17:51:00,Email,Retargeting,0,4
50501,2025-02-10 09:56:00,Direct Traffic,-,1,1
50501,2025-02-11 07:11:00,Search Ads,Retargeting,1,2
50501,2025-02-11 13:50:00,Display Ads,-,1,3
50501,2025-02-11 23:23:00,Search Ads,-,1,4
50574,2025-02-10 18:46:00,Display Ads,Brand Awareness,0,1
50574,2025-02-10 19:10:00,Email,-,0,2
50574,2025-02-11 08:12:00,Direct Traffic,-,1,3
50574,2025-02-11 11:20:00,Search Ads,Brand Awareness,0,4
50636,2025-02-10 06:44:00,Referral,New Product Launch,0,1
50636,2025-02-10 07:46:00,Search Ads,Retargeting,0,2
50636,2025-02-10 14:45:00,Direct Traffic,-,1,3
50636,2025-02-11 11:45:00,Display Ads,-,0,4
50636,2025-02-11 12:07:00,Social Media,-,1,5
50636,2025-02-11 20:19:00,Search Ads,Discount Offer,0,6
50636,2025-02-11 21:05:00,Email,New Product Launch,1,7
50636,2025-02-11 23:16:00,Search Ads,Winter Sale,0,8
50653,2025-02-10 01:05:00,Direct Traffic,-,1,1
50693,2025-02-10 17:05:00,Social Media,Retargeting,0,1
50704,2025-02-11 02:48:00,Direct Traffic,-,0,1
50704,2025-02-11 04:31:00,Direct Traffic,-,0,2
50704,2025-02-11 05:46:00,Email,Retargeting,0,3
50704,2025-02-11 08:48:00,Search Ads,Brand Awareness,0,4
50783,2025-02-10 15:03:00,Display Ads,Brand Awareness,1,1
50783,2025-02-10 15:35:00,Direct Traffic,-,0,2
50783,2025-02-11 11:01:00,Referral,Discount Offer,0,3
50839,2025-02-10 04:26:00,Email,Brand Awareness,0,1
50839,2025-02-10 04:34:00,Referral,Discount Offer,0,2
50839,2025-02-10 18:18:00,Email,Winter Sale,0,3
50839,2025-02-10 23:21:00,Referral,Brand Awareness,0,4
50839,2025-02-11 01:12:00,Referral,Retargeting,1,5
50839,2025-02-11 03:58:00,Social Media,Brand Awareness,1,6
50840,2025-02-10 02:12:00,Display Ads,New Product Launch,1,1
50840,2025-02-10 10:48:00,Referral,Winter Sale,1,2
50840,2025-02-10 17:42:00,Display Ads,Discount Offer,1,3
50840,2025-02-10 23:15:00,Referral,Winter Sale,1,4
50905,2025-02-10 09:31:00,Display Ads,Retargeting,0,1
50905,2025-02-10 18:40:00,Display Ads,New Product Launch,1,2
50905,2025-02-11 06:56:00,Direct Traffic,-,1,3
50905,2025-02-11 22:04:00,Social Media,Brand Awareness,0,4
50926,2025-02-10 09:28:00,Direct Traffic,-,0,1
50926,2025-02-10 21:19:00,Email,Discount Offer,0,2
50926,2025-02-11 00:40:00,Social Media,Discount Offer,0,3
50926,2025-02-11 23:32:00,Display Ads,New Product Launch,0,4
50942,2025-02-10 16:55:00,Direct Traffic,-,0,1
50942,2025-02-11 12:10:00,Search Ads,Discount Offer,0,2
50942,2025-02-11 21:26:00,Email,Brand Awareness,1,3
50952,2025-02-10 12:17:00,Direct Traffic,-,0,1
50952,2025-02-10 21:09:00,Direct Traffic,-,0,2
50952,2025-02-11 15:53:00,Search Ads,-,1,3
50952,2025-02-11 16:23:00,Search Ads,Winter Sale,1,4
50952,2025-02-11 21:56:00,Email,Retargeting,1,5
50993,2025-02-10 11:20:00,Display Ads,Discount Offer,0,1
50993,2025-02-11 09:02:00,Social Media,Discount Offer,1,2
50993,2025-02-11 14:09:00,Search Ads,New Product Launch,0,3
51018,2025-02-11 02:16:00,Direct Traffic,-,0,1
51018,2025-02-11 23:51:00,Direct Traffic,-,0,2
51020,2025-02-10 04:46:00,Display Ads,Winter Sale,0,1
51020,2025-02-10 07:23:00,Display Ads,Retargeting,0,2
51020,2025-02-10 09:30:00,Social Media,-,0,3
51020,2025-02-10 09:31:00,Referral,Brand Awareness,0,4
51020,2025-02-10 17:19:00,Email,Retargeting,0,5
51020,2025-02-11 03:01:00,Social Media,New Product Launch,1,6
51020,2025-02-11 07:55:00,Social Media,Brand Awareness,1,7
51057,2025-02-10 00:37:00,Search Ads,Winter Sale,1,1
51057,2025-02-10 03:32:00,Referral,Winter Sale,1,2
51057,2025-02-10 15:44:00,Direct Traffic,-,1,3
51057,2025-02-10 23:09:00,Search Ads,New Product Launch,1,4
51057,2025-02-10 23:30:00,Direct Traffic,-,0,5
51068,2025-02-10 00:59:00,Social Media,Discount Offer,1,1
51068,2025-02-10 03:41:00,Direct Traffic,-,0,2
51068,2025-02-10 17:41:00,Social Media,-,0,3
51068,2025-02-10 19:43:00,Social Media,New Product Launch,0,4
51068,2025-02-11 03:42:00,Email,-,0,5
51068,2025-02-11 07:14:00,Display Ads,Brand Awareness,0,6
51068,2025-02-11 18:37:00,Search Ads,Discount Offer,0,7
51068,2025-02-11 21:51:00,Direct Traffic,-,0,8
51115,2025-02-11 10:54:00,Display Ads,Retargeting,1,1
51208,2025-02-10 05:53:00,Referral,-,0,1
51208,2025-02-10 14:38:00,Direct Traffic,-,0,2
51208,2025-02-11 13:07:00,Social Media,-,0,3
51223,2025-02-10 10:11:00,Referral,New Product Launch,0,1
51223,2025-02-10 21:05:00,Display Ads,-,1,2
51223,2025-02-11 01:31:00,Referral,Winter Sale,0,3
51223,2025-02-11 06:26:00,Social Media,Retargeting,1,4
51223,2025-02-11 18:44:00,Search Ads,Retargeting,1,5
51237,2025-02-11 22:01:00,Email,Discount Offer,0,1
51268,2025-02-10 01:58:00,Display Ads,Brand Awareness,0,1
51268,2025-02-11 16:50:00,Display Ads,New Product Launch,1,2
51319,2025-02-11 02:35:00,Direct Traffic,-,1,1
51319,2025-02-11 05:50:00,Direct Traffic,-,0,2
51319,2025-02-11 08:37:00,Referral,Brand Awareness,1,3
51319,2025-02-11 11:46:00,Email,-,0,4
51319,2025-02-11 20:08:00,Email,New Product Launch,0,5
51399,2025-02-10 17:10:00,Social Media,Winter Sale,0,1
51399,2025-02-11 07:51:00,Referral,-,1,2
51399,2025-02-11 11:10:00,Display Ads,Brand Awareness,0,3
51399,2025-02-11 15:11:00,Display Ads,Retargeting,1,4
51399,2025-02-11 17:48:00,Direct Traffic,-,1,5
51412,2025-02-11 20:03:00,Social Media,New Product Launch,0,1
51437,2025-02-10 11:53:00,Social Media,-,1,1
51437,2025-02-10 22:29:00,Referral,Winter Sale,1,2
51437,2025-02-11 21:39:00,Social Media,Winter Sale,0,3
51437,2025-02-11 23:42:00,Email,Retargeting,0,4
51554,2025-02-10 03:26:00,Email,Retargeting,0,1
51554,2025-02-10 08:30:00,Email,Retargeting,0,2
51554,2025-02-10 15:30:00,Direct Traffic,-,1,3
51554,2025-02-11 04:42:00,Display Ads,Retargeting,0,4
51554,2025-02-11 10:23:00,Referral,Discount Offer,1,5
51558,2025-02-10 07:06:00,Direct Traffic,-,0,1
51558,2025-02-10 07:42:00,Social Media,Brand Awareness,0,2
51558,2025-02-11 06:45:00,Search Ads,Retargeting,0,3
51558,2025-02-11 16:56:00,Social Media,New Product Launch,1,4
51578,2025-02-10 02:22:00,Display Ads,New Product Launch,1,1
51578,2025-02-10 19:53:00,Email,-,1,2
51578,2025-02-11 18:04:00,Search Ads,-,0,3
51640,2025-02-10 07:13:00,Display Ads,Brand Awareness,0,1
51640,2025-02-11 15:41:00,Display Ads,-,1,2
51640,2025-02-11 15:46:00,Social Media,Retargeting,0,3
51640,2025-02-11 18:54:00,Referral,New Product Launch,0,4
51640,2025-02-11 23:22:00,Direct Traffic,-,1,5
51664,2025-02-10 01:05:00,Search Ads,-,1,1
51664,2025-02-10 07:22:00,Display Ads,Discount Offer,0,2
51664,2025-02-11 05:35:00,Direct Traffic,-,0,3
51664,2025-02-11 14:48:00,Display Ads,Discount Offer,1,4
51664,2025-02-11 19:00:00,Social Media,-,1,5
51669,2025-02-10 02:00:00,Display Ads,Discount Offer,1,1
51669,2025-02-10 06:51:00,Search Ads,Brand Awareness,1,2
51669,2025-02-10 21:54:00,Search Ads,New Product Launch,1,3
51785,2025-02-10 09:54:00,Display Ads,Discount Offer,0,1
51785,2025-02-11 20:02:00,Display Ads,Winter Sale,0,2
51785,2025-02-11 21:40:00,Search Ads,Brand Awareness,0,3
51785,2025-02-11 23:27:00,Direct Traffic,-,0,4
51786,2025-02-10 04:50:00,Social Media,Winter Sale,0,1
51786,2025-02-10 15:27:00,Referral,Retargeting,1,2
51786,2025-02-11 20:13:00,Search Ads,Discount Offer,0,3
51813,2025-02-10 06:07:00,Referral,New Product Launch,0,1
51813,2025-02-10 14:33:00,Email,New Product Launch,0,2
51813,2025-02-10 18:01:00,Email,Discount Offer,1,3
51813,2025-02-11 03:00:00,Email,Winter Sale,1,4
51813,2025-02-11 05:13:00,Email,Brand Awareness,1,5
51871,2025-02-11 05:42:00,Email,Retargeting,1,1
51871,2025-02-11 09:17:00,Direct Traffic,-,1,2
51871,2025-02-11 16:24:00,Direct Traffic,-,1,3
51934,2025-02-10 12:56:00,Email,Retargeting,1,1
51934,2025-02-10 23:31:00,Social Media,Retargeting,0,2
51934,2025-02-11 04:04:00,Search Ads,-,0,3
51992,2025-02-11 20:59:00,Social Media,Discount Offer,0,1
52013,2025-02-10 03:48:00,Email,Retargeting,0,1
52013,2025-02-10 15:26:00,Search Ads,Brand Awareness,0,2
52013,2025-02-11 06:24:00,Search Ads,Brand Awareness,0,3
52013,2025-02-11 17:48:00,Display Ads,New Product Launch,0,4
52113,2025-02-10 01:32:00,Display Ads,Brand Awareness,0,1
52113,2025-02-11 11:59:00,Email,Winter Sale,1,2
52113,2025-02-11 23:36:00,Display Ads,Discount Offer,1,3
52130,2025-02-10 01:05:00,Social Media,New Product Launch,0,1
52130,2025-02-11 06:14:00,Direct Traffic,-,1,2
52130,2025-02-11 12:24:00,Search Ads,Discount Offer,0,3
52130,2025-02-11 19:13:00,Direct Traffic,-,0,4
52130,2025-02-11 22:29:00,Social Media,Discount Offer,0,5
52142,2025-02-10 02:45:00,Search Ads,Retargeting,1,1
52142,2025-02-10 08:49:00,Search Ads,Retargeting,1,2
52142,2025-02-11 07:13:00,Direct Traffic,-,1,3
52154,2025-02-11 21:57:00,Email,-,1,1
52231,2025-02-10 11:08:00,Social Media,Winter Sale,0,1
52236,2025-02-10 08:59:00,Search Ads,Brand Awareness,0,1
52236,2025-02-11 06:11:00,Display Ads,New Product Launch,0,2
52260,2025-02-10 00:15:00,Direct Traffic,-,0,1
52260,2025-02-10 02:44:00,Direct Traffic,-,0,2
52260,2025-02-10 12:50:00,Search Ads,Brand Awareness,0,3
52260,2025-02-10 15:29:00,Referral,Winter Sale,1,4
52260,2025-02-10 23:51:00,Search Ads,Discount Offer,1,5
52260,2025-02-11 04:33:00,Email,Brand Awareness,1,6
52260,2025-02-11 20:52:00,Email,Winter Sale,0,7
52274,2025-02-10 08:42:00,Email,Discount Offer,1,1
52274,2025-02-10 22:33:00,Referral,Brand Awareness,0,2
52274,2025-02-11 11:15:00,Social Media,-,0,3
52282,2025-02-10 04:45:00,Social Media,Winter Sale,1,1
52282,2025-02-10 14:12:00,Email,Winter Sale,1,2
52282,2025-02-10 16:35:00,Email,Discount Offer,1,3
52282,2025-02-11 03:38:00,Email,Winter Sale,0,4
52282,2025-02-11 04:48:00,Email,-,1,5
52282,2025-02-11 12:47:00,Direct Traffic,-,1,6
52282,2025-02-11 17:56:00,Search Ads,Brand Awareness,1,7
52282,2025-02-11 20:22:00,Display Ads,Winter Sale,1,8
52317,2025-02-10 03:43:00,Email,Discount Offer,1,1
52317,2025-02-10 23:14:00,Referral,Winter Sale,0,2
52317,2025-02-11 21:17:00,Social Media,Discount Offer,0,3
52320,2025-02-10 06:55:00,Social Media,-,0,1
52320,2025-02-10 15:24:00,Referral,Winter Sale,0,2
52320,2025-02-10 23:34:00,Search Ads,Winter Sale,1,3
52320,2025-02-11 03:57:00,Referral,Winter Sale,0,4
52320,2025-02-11 22:04:00,Search Ads,Discount Offer,0,5
52328,2025-02-10 08:17:00,Email,New Product Launch,0,1
52328,2025-02-11 03:18:00,Search Ads,Retargeting,0,2
52328,2025-02-11 07:51:00,Referral,New Product Launch,1,3
52328,2025-02-11 23:02:00,Direct Traffic,-,1,4
52335,2025-02-10 15:28:00,Search Ads,New Product Launch,0,1
52335,2025-02-10 16:29:00,Email,New Product Launch,0,2
52335,2025-02-10 16:54:00,Display Ads,New Product Launch,0,3
52335,2025-02-11 04:54:00,Referral,Winter Sale,1,4
52335,2025-02-11 06:40:00,Referral,Brand Awareness,1,5
52335,2025-02-11 18:44:00,Email,Retargeting,1,6
52335,2025-02-11 23:27:00,Direct Traffic,-,1,7
52397,2025-02-10 05:23:00,Search Ads,Winter Sale,0,1
52397,2025-02-11 11:26:00,Search Ads,Brand Awareness,0,2
52397,2025-02-11 20:33:00,Email,Discount Offer,0,3
52397,2025-02-11 23:05:00,Referral,Discount Offer,0,4
52408,2025-02-10 02:08:00,Direct Traffic,-,0,1
52408,2025-02-10 08:18:00,Direct Traffic,-,1,2
52408,2025-02-10 15:23:00,Search Ads,Retargeting,0,3
52408,2025-02-10 21:06:00,Direct Traffic,-,1,4
52408,2025-02-10 22:54:00,Email,New Product Launch,0,5
52408,2025-02-11 09:16:00,Social Media,Retargeting,0,6
52408,2025-02-11 13:22:00,Display Ads,New Product Launch,1,7
52408,2025-02-11 14:03:00,Search Ads,New Product Launch,0,8
52438,2025-02-11 11:38:00,Display Ads,Winter Sale,1,1
52472,2025-02-10 07:51:00,Referral,New Product Launch,1,1
52472,2025-02-10 20:29:00,Email,Winter Sale,1,2
52472,2025-02-11 02:38:00,Email,Discount Offer,1,3
52472,2025-02-11 06:49:00,Direct Traffic,-,1,4
52520,2025-02-10 05:33:00,Social Media,Discount Offer,0,1
52520,2025-02-10 14:15:00,Social Media,-,0,2
52520,2025-02-10 16:45:00,Display Ads,-,1,3
52520,2025-02-11 11:05:00,Referral,New Product Launch,0,4
52520,2025-02-11 15:50:00,Display Ads,Brand Awareness,0,5
52553,2025-02-10 10:05:00,Display Ads,New Product Launch,1,1
52553,2025-02-10 11:34:00,Social Media,New Product Launch,1,2
52553,2025-02-11 01:52:00,Display Ads,Brand Awareness,0,3
52553,2025-02-11 02:48:00,Referral,Retargeting,1,4
52553,2025-02-11 06:02:00,Referral,Discount Offer,0,5
52553,2025-02-11 14:57:00,Email,Winter Sale,1,6
52609,2025-02-10 03:13:00,Direct Traffic,-,1,1
52609,2025-02-10 13:35:00,Display Ads,-,0,2
52609,2025-02-11 02:00:00,Referral,Brand Awareness,0,3
52609,2025-02-11 11:32:00,Social Media,Retargeting,1,4
52609,2025-02-11 12:56:00,Search Ads,Brand Awareness,0,5
52609,2025-02-11 15:45:00,Social Media,-,1,6
52609,2025-02-11 17:43:00,Email,-,1,7
52646,2025-02-11 02:15:00,Display Ads,Winter Sale,1,1
52660,2025-02-10 11:50:00,Social Media,New Product Launch,1,1
52660,2025-02-10 13:52:00,Display Ads,New Product Launch,1,2
52660,2025-02-11 04:45:00,Direct Traffic,-,0,3
52660,2025-02-11 10:23:00,Social Media,Discount Offer,0,4
52689,2025-02-10 01:20:00,Referral,New Product Launch,0,1
52689,2025-02-10 14:30:00,Search Ads,Discount Offer,1,2
52689,2025-02-10 15:29:00,Display Ads,Discount Offer,0,3
52689,2025-02-10 16:17:00,Social Media,Retargeting,1,4
52689,2025-02-11 01:31:00,Email,Winter Sale,1,5
52689,2025-02-11 23:20:00,Social Media,Discount Offer,1,6
52720,2025-02-11 04:22:00,Search Ads,Winter Sale,1,1
52731,2025-02-10 04:13:00,Email,Discount Offer,0,1
52731,2025-02-10 08:45:00,Direct Traffic,-,0,2
52731,2025-02-10 13:27:00,Referral,New Product Launch,0,3
52731,2025-02-10 14:08:00,Direct Traffic,-,1,4
52731,2025-02-11 19:52:00,Referral,Winter Sale,1,5
52806,2025-02-10 23:49:00,Referral,Brand Awareness,0,1
52806,2025-02-11 01:42:00,Search Ads,New Product Launch,0,2
52806,2025-02-11 02:35:00,Direct Traffic,-,0,3
52864,2025-02-10 13:17:00,Referral,-,0,1
52864,2025-02-11 11:05:00,Search Ads,Retargeting,0,2
52864,2025-02-11 15:59:00,Referral,New Product Launch,0,3
52906,2025-02-11 06:13:00,Social Media,New Product Launch,1,1
53006,2025-02-11 05:45:00,Direct Traffic,-,1,1
53006,2025-02-11 11:17:00,Search Ads,Brand Awareness,0,2
53024,2025-02-10 09:18:00,Direct Traffic,-,1,1
53024,2025-02-10 13:26:00,Email,-,0,2
53024,2025-02-11 10:48:00,Search Ads,New Product Launch,0,3
53024,2025-02-11 10:59:00,Direct Traffic,-,0,4
53088,2025-02-10 02:12:00,Display Ads,Retargeting,1,1
53088,2025-02-11 07:56:00,Referral,Winter Sale,0,2
53088,2025-02-11 14:57:00,Display Ads,Winter Sale,1,3
53115,2025-02-11 14:27:00,Email,Brand Awareness,1,1
53151,2025-02-11 00:42:00,Search Ads,New Product Launch,1,1
53151,2025-02-11 02:13:00,Search Ads,New Product Launch,0,2
53151,2025-02-11 05:45:00,Referral,Winter Sale,0,3
53151,2025-02-11 08:41:00,Social Media,Discount Offer,1,4
53163,2025-02-10 03:35:00,Referral,New Product Launch,1,1
53163,2025-02-11 14:57:00,Referral,Retargeting,1,2
53163,2025-02-11 15:57:00,Referral,Retargeting,1,3
53163,2025-02-11 17:27:00,Email,Retargeting,0,4
53220,2025-02-10 09:53:00,Display Ads,New Product Launch,0,1
53220,2025-02-10 12:18:00,Display Ads,Retargeting,0,2
53220,2025-02-10 21:14:00,Referral,Discount Offer,0,3
53220,2025-02-11 01:18:00,Display Ads,Retargeting,1,4
53220,2025-02-11 15:12:00,Email,-,0,5
53232,2025-02-10 12:05:00,Email,Retargeting,1,1
53232,2025-02-10 18:54:00,Referral,Brand Awareness,0,2
53232,2025-02-11 01:27:00,Email,Discount Offer,1,3
53232,2025-02-11 09:47:00,Social Media,-,0,4
53283,2025-02-11 13:36:00,Social Media,Winter Sale,1,1
53293,2025-02-10 09:46:00,Search Ads,-,1,1
53293,2025-02-10 17:57:00,Referral,Winter Sale,0,2
53293,2025-02-11 14:07:00,Display Ads,-,0,3
53293,2025-02-11 14:39:00,Direct Traffic,-,0,4
53313,2025-02-10 01:48:00,Referral,Discount Offer,0,1
53313,2025-02-10 14:45:00,Social Media,Brand Awareness,1,2
53313,2025-02-11 02:35:00,Email,New Product Launch,1,3
53313,2025-02-11 09:22:00,Social Media,Discount Offer,1,4
53332,2025-02-10 12:15:00,Referral,Brand Awareness,0,1
53332,2025-02-10 18:50:00,Search Ads,-,0,2
53332,2025-02-11 09:51:00,Social Media,Brand Awareness,0,3
53343,2025-02-11 13:33:00,Direct Traffic,-,1,1
53419,2025-02-10 11:54:00,Display Ads,-,1,1
53419,2025-02-10 21:05:00,Display Ads,-,1,2
53419,2025-02-11 04:53:00,Social Media,Retargeting,0,3
53419,2025-02-11 20:14:00,Display Ads,Retargeting,0,4
53526,2025-02-10 00:08:00,Email,New Product Launch,1,1
53526,2025-02-10 01:44:00,Display Ads,Winter Sale,1,2
53526,2025-02-10 06:07:00,Search Ads,-,0,3
53526,2025-02-10 09:16:00,Display Ads,Winter Sale,1,4
53526,2025-02-10 11:55:00,Email,-,1,5
53526,2025-02-10 15:33:00,Email,Discount Offer,1,6
53526,2025-02-10 19:46:00,Email,-,0,7
53526,2025-02-10 22:28:00,Email,Discount Offer,0,8
53526,2025-02-10 22:40:00,Display Ads,Retargeting,1,9
53526,2025-02-11 12:22:00,Referral,-,0,10
53526,2025-02-11 13:52:00,Referral,Retargeting,0,11
53526,2025-02-11 22:50:00,Search Ads,Retargeting,1,12
53536,2025-02-10 22:53:00,Referral,Retargeting,0,1
53536,2025-02-11 02:55:00,Email,Retargeting,0,2
53582,2025-02-10 06:18:00,Referral,New Product Launch,0,1
53582,2025-02-11 02:09:00,Display Ads,Retargeting,1,2
53582,2025-02-11 16:04:00,Search Ads,Winter Sale,1,3
53582,2025-02-11 18:24:00,Search Ads,Discount Offer,1,4
53582,2025-02-11 20:42:00,Display Ads,Brand Awareness,0,5
53582,2025-02-11 22:16:00,Display Ads,Discount Offer,1,6
53599,2025-02-10 00:26:00,Referral,Discount Offer,0,1
53599,2025-02-10 15:42:00,Search Ads,Brand Awareness,1,2
53599,2025-02-11 05:56:00,Email,New Product Launch,1,3
53599,2025-02-11 15:10:00,Social Media,New Product Launch,0,4
53599,2025-02-11 17:07:00,Referral,New Product Launch,1,5
53636,2025-02-10 07:19:00,Referral,New Product Launch,0,1
53636,2025-02-10 11:27:00,Display Ads,New Product Launch,0,2
53636,2025-02-11 15:10:00,Search Ads,Retargeting,1,3
53707,2025-02-10 04:51:00,Referral,Retargeting,1,1
53707,2025-02-10 10:51:00,Display Ads,-,1,2
53707,2025-02-10 13:20:00,Display Ads,New Product Launch,0,3
53707,2025-02-11 13:51:00,Email,Retargeting,1,4
53707,2025-02-11 15:12:00,Referral,New Product Launch,1,5
53707,2025-02-11 18:59:00,Search Ads,Brand Awareness,1,6
53707,2025-02-11 23:25:00,Referral,-,0,7
53859,2025-02-10 14:05:00,Social Media,Retargeting,0,1
53859,2025-02-10 23:03:00,Social Media,Winter Sale,0,2
53859,2025-02-11 03:27:00,Search Ads,Retargeting,1,3
53859,2025-02-11 06:09:00,Email,Retargeting,0,4
53859,2025-02-11 20:09:00,Search Ads,Brand Awareness,1,5
53902,2025-02-10 22:12:00,Search Ads,Winter Sale,0,1
53902,2025-02-11 00:43:00,Direct Traffic,-,1,2
53902,2025-02-11 01:16:00,Social Media,New Product Launch,0,3
53902,2025-02-11 03:23:00,Search Ads,-,0,4
53902,2025-02-11 12:48:00,Referral,Winter Sale,1,5
53932,2025-02-10 09:53:00,Social Media,New Product Launch,0,1
53932,2025-02-11 02:42:00,Search Ads,Retargeting,1,2
53932,2025-02-11 09:39:00,Email,Retargeting,1,3
53932,2025-02-11 12:50:00,Referral,New Product Launch,1,4
53947,2025-02-10 11:54:00,Referral,Winter Sale,1,1
53947,2025-02-10 22:46:00,Email,-,0,2
53994,2025-02-11 12:13:00,Display Ads,New Product Launch,0,1
54005,2025-02-10 03:08:00,Email,New Product Launch,0,1
54005,2025-02-11 02:16:00,Search Ads,Brand Awareness,1,2
54010,2025-02-10 14:48:00,Direct Traffic,-,1,1
54010,2025-02-11 16:15:00,Search Ads,Winter Sale,1,2
54016,2025-02-10 02:27:00,Referral,-,0,1
54016,2025-02-10 06:06:00,Referral,New Product Launch,1,2
54016,2025-02-10 10:30:00,Display Ads,Retargeting,0,3
54016,2025-02-11 09:50:00,Display Ads,-,1,4
54016,2025-02-11 14:06:00,Display Ads,Brand Awareness,0,5
54044,2025-02-10 09:04:00,Direct Traffic,-,0,1
54044,2025-02-10 13:05:00,Display Ads,-,1,2
54044,2025-02-10 22:48:00,Referral,Retargeting,1,3
54044,2025-02-11 05:47:00,Referral,New Product Launch,1,4
54044,2025-02-11 07:16:00,Direct Traffic,-,0,5
54048,2025-02-10 04:50:00,Display Ads,Retargeting,0,1
54048,2025-02-10 18:55:00,Search Ads,-,1,2
54048,2025-02-10 20:21:00,Display Ads,Brand Awareness,0,3
54048,2025-02-11 21:58:00,Direct Traffic,-,1,4
54049,2025-02-11 08:38:00,Search Ads,Brand Awareness,1,1
54049,2025-02-11 11:02:00,Direct Traffic,-,1,2
54069,2025-02-10 06:30:00,Display Ads,Retargeting,0,1
54070,2025-02-11 08:07:00,Direct Traffic,-,0,1
54070,2025-02-11 11:01:00,Search Ads,Retargeting,1,2
54070,2025-02-11 22:28:00,Direct Traffic,-,0,3
54089,2025-02-10 03:39:00,Social Media,Discount Offer,1,1
54089,2025-02-10 09:39:00,Direct Traffic,-,1,2
54089,2025-02-10 21:42:00,Direct Traffic,-,1,3
54089,2025-02-11 00:00:00,Email,Brand Awareness,1,4
54106,2025-02-10 10:39:00,Social Media,Brand Awareness,0,1
54106,2025-02-10 13:03:00,Search Ads,-,0,2
54106,2025-02-11 11:48:00,Direct Traffic,-,0,3
54115,2025-02-10 15:32:00,Email,-,1,1
54115,2025-02-10 19:56:00,Direct Traffic,-,0,2
54115,2025-02-11 00:26:00,Search Ads,Retargeting,1,3
54121,2025-02-10 01:31:00,Email,Brand Awareness,0,1
54121,2025-02-10 13:26:00,Direct Traffic,-,1,2
54121,2025-02-10 16:36:00,Display Ads,Discount Offer,1,3
54121,2025-02-11 13:27:00,Referral,-,0,4
54121,2025-02-11 20:28:00,Direct Traffic,-,0,5
54215,2025-02-10 18:09:00,Display Ads,-,0,1
54215,2025-02-11 01:40:00,Display Ads,Retargeting,1,2
54215,2025-02-11 06:23:00,Social Media,New Product Launch,0,3
54259,2025-02-10 09:34:00,Direct Traffic,-,0,1
54259,2025-02-10 16:39:00,Email,Retargeting,1,2
54259,2025-02-10 17:39:00,Referral,Brand Awareness,0,3
54259,2025-02-11 22:56:00,Display Ads,Winter Sale,1,4
54278,2025-02-10 02:38:00,Search Ads,Winter Sale,0,1
54278,2025-02-10 18:55:00,Referral,Retargeting,0,2
54278,2025-02-11 20:37:00,Search Ads,New Product Launch,0,3
54301,2025-02-10 02:42:00,Direct Traffic,-,0,1
54301,2025-02-10 05:28:00,Display Ads,Brand Awareness,1,2
54301,2025-02-10 08:02:00,Email,Discount Offer,1,3
54301,2025-02-10 09:18:00,Display Ads,Retargeting,0,4
54301,2025-02-10 11:06:00,Direct Traffic,-,1,5
54301,2025-02-10 11:11:00,Email,Retargeting,1,6
54301,2025-02-11 02:34:00,Display Ads,Discount Offer,0,7
54301,2025-02-11 11:24:00,Display Ads,-,0,8
54334,2025-02-10 05:14:00,Social Media,Discount Offer,1,1
54334,2025-02-10 22:43:00,Social Media,Retargeting,0,2
54334,2025-02-11 11:54:00,Search Ads,Retargeting,0,3
54334,2025-02-11 13:35:00,Search Ads,-,0,4
54351,2025-02-10 06:04:00,Search Ads,Brand Awareness,0,1
54351,2025-02-11 14:04:00,Search Ads,Winter Sale,0,2
54351,2025-02-11 14:28:00,Display Ads,New Product Launch,1,3
54395,2025-02-10 04:28:00,Referral,Discount Offer,0,1
54395,2025-02-10 05:51:00,Display Ads,New Product Launch,1,2
54395,2025-02-10 15:15:00,Email,-,1,3
54418,2025-02-10 16:06:00,Social Media,-,1,1
54418,2025-02-11 09:47:00,Direct Traffic,-,0,2
54418,2025-02-11 13:06:00,Search Ads,Brand Awareness,0,3
54418,2025-02-11 14:43:00,Email,New Product Launch,1,4
54418,2025-02-11 15:32:00,Referral,Brand Awareness,0,5
54440,2025-02-11 09:09:00,Email,Winter Sale,1,1
54440,2025-02-11 12:18:00,Social Media,-,0,2
54440,2025-02-11 23:13:00,Direct Traffic,-,0,3
54489,2025-02-10 10:55:00,Referral,-,0,1
54489,2025-02-10 18:31:00,Social Media,New Product Launch,0,2
54502,2025-02-11 02:49:00,Search Ads,Retargeting,0,1
54502,2025-02-11 15:41:00,Email,Winter Sale,0,2
54531,2025-02-10 07:08:00,Direct Traffic,-,0,1
54531,2025-02-10 13:05:00,Referral,New Product Launch,1,2
54531,2025-02-10 15:55:00,Referral,Brand Awareness,1,3
54531,2025-02-11 13:23:00,Display Ads,-,0,4
54531,2025-02-11 19:52:00,Direct Traffic,-,1,5
54549,2025-02-10 08:00:00,Social Media,Winter Sale,0,1
54549,2025-02-10 15:43:00,Search Ads,Retargeting,1,2
54549,2025-02-10 23:35:00,Direct Traffic,-,1,3
54664,2025-02-10 04:06:00,Display Ads,Brand Awareness,1,1
54700,2025-02-10 23:47:00,Direct Traffic,-,1,1
54719,2025-02-10 10:04:00,Social Media,-,1,1
54719,2025-02-10 15:58:00,Referral,New Product Launch,1,2
54719,2025-02-10 17:06:00,Referral,Retargeting,1,3
54719,2025-02-11 17:03:00,Social Media,Discount Offer,0,4
54719,2025-02-11 18:49:00,Search Ads,-,1,5
54719,2025-02-11 20:04:00,Referral,Retargeting,0,6
54719,2025-02-11 23:20:00,Social Media,Brand Awareness,0,7
54727,2025-02-10 04:21:00,Email,Retargeting,0,1
54727,2025-02-10 21:57:00,Social Media,Discount Offer,1,2
54739,2025-02-10 15:55:00,Email,Winter Sale,0,1
54739,2025-02-10 18:10:00,Email,Winter Sale,1,2
54739,2025-02-10 22:31:00,Email,Brand Awareness,0,3
54739,2025-02-10 23:39:00,Referral,Winter Sale,1,4
54741,2025-02-10 01:38:00,Search Ads,New Product Launch,1,1
54741,2025-02-10 16:20:00,Search Ads,Discount Offer,0,2
54741,2025-02-10 21:12:00,Search Ads,Discount Offer,0,3
54741,2025-02-11 01:18:00,Search Ads,Winter Sale,1,4
54741,2025-02-11 08:12:00,Referral,-,0,5
54766,2025-02-10 06:01:00,Social Media,Retargeting,1,1
54766,2025-02-10 07:41:00,Email,Brand Awareness,1,2
54766,2025-02-11 15:10:00,Search Ads,New Product Launch,1,3
54766,2025-02-11 20:02:00,Social Media,Retargeting,0,4
54766,2025-02-11 23:56:00,Direct Traffic,-,0,5
54821,2025-02-10 15:29:00,Display Ads,-,1,1
54821,2025-02-11 08:48:00,Email,-,1,2
54821,2025-02-11 10:55:00,Display Ads,-,0,3
54821,2025-02-11 11:08:00,Display Ads,Retargeting,1,4
54821,2025-02-11 14:49:00,Display Ads,Winter Sale,0,5
54821,2025-02-11 17:20:00,Direct Traffic,-,0,6
54874,2025-02-10 00:18:00,Email,Retargeting,0,1
54874,2025-02-10 03:59:00,Direct Traffic,-,1,2
54874,2025-02-10 09:59:00,Referral,-,0,3
54874,2025-02-10 20:07:00,Search Ads,Retargeting,0,4
54874,2025-02-11 18:12:00,Display Ads,Retargeting,0,5
54874,2025-02-11 19:49:00,Referral,Brand Awareness,1,6
54877,2025-02-10 18:47:00,Search Ads,New Product Launch,0,1
54877,2025-02-11 08:13:00,Referral,Brand Awareness,0,2
54877,2025-02-11 09:50:00,Referral,New Product Launch,1,3
54877,2025-02-11 18:01:00,Direct Traffic,-,0,4
54877,2025-02-11 19:32:00,Search Ads,Discount Offer,0,5
55035,2025-02-10 15:34:00,Search Ads,New Product Launch,1,1
55035,2025-02-10 16:17:00,Display Ads,New Product Launch,1,2
55035,2025-02-10 20:33:00,Email,Discount Offer,0,3
55035,2025-02-11 02:39:00,Email,Retargeting,1,4
55035,2025-02-11 10:55:00,Direct Traffic,-,0,5
55079,2025-02-10 07:23:00,Search Ads,Retargeting,0,1
55079,2025-02-11 02:24:00,Referral,-,1,2
55079,2025-02-11 13:23:00,Referral,Retargeting,0,3
55079,2025-02-11 21:05:00,Direct Traffic,-,1,4
55099,2025-02-10 09:55:00,Referral,New Product Launch,1,1
55099,2025-02-10 15:36:00,Direct Traffic,-,1,2
55099,2025-02-11 10:03:00,Direct Traffic,-,1,3
55103,2025-02-10 06:00:00,Email,Brand Awareness,1,1
55103,2025-02-11 05:12:00,Social Media,-,0,2
55176,2025-02-11 00:43:00,Social Media,-,1,1
55176,2025-02-11 08:20:00,Display Ads,Brand Awareness,0,2
55190,2025-02-10 04:23:00,Search Ads,New Product Launch,1,1
55190,2025-02-10 13:42:00,Referral,Winter Sale,1,2
55190,2025-02-10 13:48:00,Referral,-,1,3
55190,2025-02-10 15:57:00,Direct Traffic,-,1,4
55224,2025-02-10 13:03:00,Display Ads,Retargeting,0,1
55224,2025-02-11 04:36:00,Referral,New Product Launch,0,2
55227,2025-02-10 00:33:00,Referral,Brand Awareness,1,1
55227,2025-02-10 05:16:00,Referral,New Product Launch,1,2
55227,2025-02-11 15:17:00,Display Ads,-,0,3
55227,2025-02-11 18:44:00,Search Ads,-,0,4
55333,2025-02-10 02:15:00,Display Ads,Brand Awareness,1,1
55333,2025-02-10 21:33:00,Search Ads,-,1,2
55333,2025-02-11 20:15:00,Display Ads,Winter Sale,0,3
55355,2025-02-10 05:02:00,Display Ads,Retargeting,0,1
55355,2025-02-10 15:22:00,Email,New Product Launch,0,2
55355,2025-02-10 23:32:00,Display Ads,Discount Offer,0,3
55355,2025-02-11 04:18:00,Referral,New Product Launch,0,4
55398,2025-02-10 05:59:00,Display Ads,Discount Offer,0,1
55398,2025-02-11 17:47:00,Social Media,Discount Offer,1,2
55427,2025-02-10 00:48:00,Email,Brand Awareness,1,1
55427,2025-02-10 15:06:00,Email,-,0,2
55446,2025-02-10 02:43:00,Social Media,Winter Sale,1,1
55446,2025-02-10 04:21:00,Social Media,-,1,2
55446,2025-02-10 11:17:00,Direct Traffic,-,1,3
55446,2025-02-10 23:55:00,Search Ads,Discount Offer,0,4
55446,2025-02-11 02:30:00,Referral,Winter Sale,0,5
55446,2025-02-11 06:23:00,Email,Brand Awareness,1,6
55513,2025-02-10 07:14:00,Direct Traffic,-,0,1
55513,2025-02-10 10:38:00,Direct Traffic,-,0,2
55513,2025-02-10 18:48:00,Direct Traffic,-,1,3
55513,2025-02-10 21:26:00,Search Ads,-,1,4
55533,2025-02-10 10:30:00,Referral,Retargeting,0,1
55533,2025-02-10 15:57:00,Referral,New Product Launch,0,2
55533,2025-02-10 17:16:00,Direct Traffic,-,1,3
55533,2025-02-11 11:56:00,Social Media,Retargeting,0,4
55550,2025-02-11 08:28:00,Email,Winter Sale,1,1
55550,2025-02-11 19:36:00,Social Media,Discount Offer,1,2
55587,2025-02-10 04:53:00,Search Ads,Discount Offer,1,1
55587,2025-02-11 14:58:00,Direct Traffic,-,0,2
55631,2025-02-10 03:12:00,Referral,-,1,1
55631,2025-02-11 19:24:00,Search Ads,New Product Launch,0,2
55650,2025-02-11 00:23:00,Email,-,0,1
55650,2025-02-11 10:58:00,Email,Discount Offer,1,2
55702,2025-02-10 10:18:00,Display Ads,-,1,1
55702,2025-02-10 23:15:00,Direct Traffic,-,0,2
55702,2025-02-11 22:19:00,Direct Traffic,-,1,3
55737,2025-02-10 00:41:00,Search Ads,-,0,1
55737,2025-02-11 11:22:00,Referral,New Product Launch,1,2
55737,2025-02-11 11:39:00,Direct Traffic,-,1,3
55744,2025-02-10 11:57:00,Search Ads,Winter Sale,0,1
55744,2025-02-11 14:34:00,Search Ads,Winter Sale,1,2
55744,2025-02-11 14:52:00,Email,Retargeting,0,3
55745,2025-02-10 01:18:00,Search Ads,New Product Launch,0,1
55745,2025-02-10 10:16:00,Referral,Brand Awareness,0,2
55745,2025-02-10 16:22:00,Direct Traffic,-,1,3
55745,2025-02-11 09:02:00,Display Ads,Retargeting,0,4
55745,2025-02-11 20:38:00,Search Ads,-,0,5
55755,2025-02-10 02:59:00,Email,Retargeting,0,1
55755,2025-02-10 16:02:00,Display Ads,New Product Launch,0,2
55755,2025-02-11 08:50:00,Display Ads,Brand Awareness,1,3
55755,2025-02-11 16:42:00,Display Ads,Brand Awareness,1,4
55755,2025-02-11 20:20:00,Direct Traffic,-,0,5
55756,2025-02-10 11:59:00,Email,Brand Awareness,1,1
55756,2025-02-10 14:34:00,Social Media,Retargeting,0,2
55756,2025-02-11 07:10:00,Email,New Product Launch,0,3
55756,2025-02-11 22:33:00,Email,Winter Sale,0,4
55756,2025-02-11 23:23:00,Social Media,Brand Awareness,0,5
55767,2025-02-10 04:05:00,Display Ads,New Product Launch,1,1
55767,2025-02-10 20:53:00,Search Ads,New Product Launch,1,2
55808,2025-02-10 02:50:00,Referral,New Product Launch,1,1
55808,2025-02-10 13:26:00,Social Media,Brand Awareness,0,2
55808,2025-02-10 15:04:00,Referral,-,0,3
55808,2025-02-10 17:02:00,Search Ads,Brand Awareness,0,4
55820,2025-02-10 11:43:00,Email,New Product Launch,1,1
55820,2025-02-10 12:56:00,Direct Traffic,-,0,2
55820,2025-02-10 15:34:00,Display Ads,New Product Launch,0,3
55829,2025-02-10 08:29:00,Social Media,Winter Sale,1,1
55829,2025-02-10 20:44:00,Referral,Brand Awareness,0,2
55829,2025-02-11 00:03:00,Referral,Discount Offer,1,3
55829,2025-02-11 04:46:00,Social Media,Retargeting,1,4
55849,2025-02-10 23:11:00,Email,Retargeting,0,1
55886,2025-02-10 04:36:00,Search Ads,Retargeting,0,1
55886,2025-02-10 21:58:00,Email,New Product Launch,1,2
55886,2025-02-11 03:32:00,Email,Discount Offer,0,3
55894,2025-02-10 13:03:00,Social Media,Winter Sale,1,1
55894,2025-02-10 14:34:00,Direct Traffic,-,1,2
55894,2025-02-10 14:50:00,Search Ads,Brand Awareness,1,3
55894,2025-02-10 16:39:00,Search Ads,-,0,4
55894,2025-02-10 16:49:00,Referral,Winter Sale,1,5
55894,2025-02-11 19:14:00,Display Ads,Retargeting,1,6
55905,2025-02-10 09:28:00,Social Media,Winter Sale,0,1
55905,2025-02-10 12:22:00,Direct Traffic,-,1,2
55905,2025-02-10 13:05:00,Display Ads,Discount Offer,0,3
55905,2025-02-11 00:01:00,Social Media,-,0,4
55905,2025-02-11 18:10:00,Referral,Discount Offer,1,5
55980,2025-02-10 15:59:00,Social Media,Winter Sale,0,1
55980,2025-02-11 00:03:00,Direct Traffic,-,1,2
55980,2025-02-11 23:19:00,Direct Traffic,-,0,3
55980,2025-02-11 23:57:00,Direct Traffic,-,0,4
55983,2025-02-10 08:00:00,Email,Discount Offer,1,1
55983,2025-02-10 11:48:00,Social Media,New Product Launch,0,2
55983,2025-02-10 13:35:00,Search Ads,Retargeting,0,3
55983,2025-02-10 19:05:00,Direct Traffic,-,0,4
55983,2025-02-11 08:37:00,Search Ads,Winter Sale,0,5
55983,2025-02-11 15:49:00,Direct Traffic,-,0,6
56007,2025-02-10 00:30:00,Display Ads,-,0,1
56007,2025-02-10 09:13:00,Display Ads,Discount Offer,1,2
56007,2025-02-11 16:09:00,Referral,Winter Sale,0,3
56009,2025-02-11 21:40:00,Social Media,New Product Launch,1,1
56016,2025-02-10 06:37:00,Search Ads,-,1,1
56041,2025-02-10 03:18:00,Display Ads,Brand Awareness,1,1
56041,2025-02-10 06:54:00,Referral,New Product Launch,1,2
56041,2025-02-10 22:46:00,Display Ads,-,0,3
56041,2025-02-11 05:13:00,Search Ads,Winter Sale,0,4
56041,2025-02-11 13:31:00,Email,Winter Sale,1,5
56041,2025-02-11 18:57:00,Direct Traffic,-,0,6
56050,2025-02-10 11:50:00,Display Ads,Brand Awareness,1,1
56050,2025-02-11 06:46:00,Direct Traffic,-,1,2
56072,2025-02-10 14:33:00,Referral,New Product Launch,0,1
56072,2025-02-10 21:11:00,Direct Traffic,-,1,2
56072,2025-02-10 23:50:00,Search Ads,-,1,3
56072,2025-02-11 11:02:00,Email,New Product Launch,1,4
56075,2025-02-10 00:48:00,Direct Traffic,-,0,1
56075,2025-02-10 01:00:00,Referral,Discount Offer,0,2
56075,2025-02-10 21:24:00,Direct Traffic,-,1,3
56075,2025-02-10 23:31:00,Search Ads,Retargeting,0,4
56075,2025-02-11 09:15:00,Direct Traffic,-,0,5
56075,2025-02-11 12:55:00,Email,Brand Awareness,1,6
56075,2025-02-11 23:49:00,Search Ads,Winter Sale,1,7
56094,2025-02-10 14:16:00,Display Ads,Brand Awareness,1,1
56094,2025-02-10 16:47:00,Display Ads,Discount Offer,1,2
56094,2025-02-11 00:41:00,Direct Traffic,-,1,3
56094,2025-02-11 18:12:00,Email,Discount Offer,0,4
56125,2025-02-10 03:27:00,Direct Traffic,-,0,1
56125,2025-02-10 16:19:00,Display Ads,Brand Awareness,1,2
56128,2025-02-10 08:00:00,Display Ads,-,1,1
56128,2025-02-10 19:56:00,Direct Traffic,-,0,2
56128,2025-02-11 00:56:00,Social Media,-,0,3
56160,2025-02-11 13:57:00,Referral,Retargeting,1,1
56169,2025-02-10 11:32:00,Referral,Retargeting,1,1
56169,2025-02-11 10:34:00,Email,Retargeting,1,2
56219,2025-02-10 03:39:00,Search Ads,-,1,1
56219,2025-02-10 08:16:00,Social Media,Brand Awareness,1,2
56219,2025-02-10 12:10:00,Social Media,Brand Awareness,1,3
56219,2025-02-10 17:07:00,Direct Traffic,-,1,4
56219,2025-02-11 06:50:00,Social Media,Winter Sale,1,5
56253,2025-02-11 23:02:00,Direct Traffic,-,0,1
56297,2025-02-11 03:10:00,Referral,New Product Launch,0,1
56297,2025-02-11 23:45:00,Social Media,New Product Launch,0,2
56363,2025-02-10 08:04:00,Display Ads,Discount Offer,1,1
56363,2025-02-10 09:01:00,Referral,Winter Sale,1,2
56363,2025-02-11 00:09:00,Email,Retargeting,0,3
56363,2025-02-11 00:59:00,Direct Traffic,-,1,4
56363,2025-02-11 12:21:00,Referral,-,1,5
56452,2025-02-11 14:00:00,Direct Traffic,-,1,1
56452,2025-02-11 18:00:00,Referral,Retargeting,0,2
56476,2025-02-11 03:35:00,Email,-,0,1
56476,2025-02-11 07:00:00,Social Media,Retargeting,1,2
56476,2025-02-11 14:13:00,Display Ads,-,1,3
56480,2025-02-10 00:00:00,Referral,Winter Sale,0,1
56480,2025-02-10 06:44:00,Direct Traffic,-,1,2
56480,2025-02-10 13:32:00,Search Ads,Retargeting,1,3
56480,2025-02-11 00:16:00,Direct Traffic,-,0,4
56480,2025-02-11 09:58:00,Display Ads,Retargeting,1,5
56480,2025-02-11 22:41:00,Social Media,Brand Awareness,0,6
56501,2025-02-10 04:17:00,Email,Retargeting,1,1
56501,2025-02-10 15:20:00,Direct Traffic,-,1,2
56501,2025-02-11 22:25:00,Email,-,1,3
56553,2025-02-10 00:45:00,Referral,Discount Offer,1,1
56553,2025-02-10 00:45:00,Direct Traffic,-,1,2
56634,2025-02-10 07:38:00,Search Ads,New Product Launch,0,1
56634,2025-02-10 12:52:00,Display Ads,New Product Launch,0,2
56634,2025-02-11 15:20:00,Social Media,Discount Offer,1,3
56634,2025-02-11 17:46:00,Display Ads,New Product Launch,1,4
56636,2025-02-10 12:43:00,Search Ads,-,0,1
56636,2025-02-10 19:09:00,Social Media,-,0,2
56636,2025-02-11 20:14:00,Email,Brand Awareness,1,3
56652,2025-02-11 02:50:00,Referral,-,0,1
56666,2025-02-10 02:14:00,Direct Traffic,-,1,1
56666,2025-02-10 04:24:00,Direct Traffic,-,0,2
56666,2025-02-11 07:18:00,Email,-,0,3
56666,2025-02-11 18:32:00,Direct Traffic,-,0,4
56733,2025-02-10 23:22:00,Social Media,Retargeting,0,1
56733,2025-02-11 10:26:00,Search Ads,New Product Launch,0,2
56733,2025-02-11 11:08:00,Social Media,-,0,3
56768,2025-02-10 02:31:00,Social Media,New Product Launch,0,1
56768,2025-02-11 04:06:00,Referral,Retargeting,0,2
56768,2025-02-11 18:31:00,Email,Winter Sale,1,3
56768,2025-02-11 21:47:00,Social Media,Brand Awareness,1,4
56855,2025-02-10 07:25:00,Display Ads,-,0,1
56855,2025-02-10 09:16:00,Referral,Discount Offer,1,2
56855,2025-02-10 09:52:00,Referral,Discount Offer,1,3
56855,2025-02-10 15:45:00,Email,Brand Awareness,1,4
56855,2025-02-10 22:57:00,Social Media,Discount Offer,1,5
56855,2025-02-11 20:48:00,Email,Winter Sale,0,6
56855,2025-02-11 21:23:00,Display Ads,New Product Launch,1,7
56912,2025-02-10 03:02:00,Display Ads,Brand Awareness,1,1
56912,2025-02-10 22:24:00,Referral,Winter Sale,0,2
56912,2025-02-11 09:45:00,Social Media,New Product Launch,0,3
56912,2025-02-11 22:07:00,Direct Traffic,-,1,4
56961,2025-02-10 04:40:00,Social Media,New Product Launch,1,1
56961,2025-02-10 19:52:00,Direct Traffic,-,1,2
56961,2025-02-11 19:00:00,Email,Retargeting,0,3
56968,2025-02-10 01:12:00,Display Ads,Brand Awareness,0,1
56968,2025-02-10 02:17:00,Email,-,1,2
56968,2025-02-10 06:26:00,Social Media,Brand Awareness,0,3
56968,2025-02-10 07:53:00,Direct Traffic,-,0,4
56968,2025-02-11 02:36:00,Display Ads,Winter Sale,1,5
56987,2025-02-10 20:58:00,Referral,New Product Launch,1,1
56987,2025-02-11 00:17:00,Referral,Discount Offer,0,2
56987,2025-02-11 02:38:00,Social Media,-,1,3
56987,2025-02-11 03:26:00,Referral,Retargeting,0,4
56987,2025-02-11 10:05:00,Display Ads,Brand Awareness,0,5
56993,2025-02-10 00:03:00,Email,-,1,1
56993,2025-02-10 10:59:00,Search Ads,Retargeting,1,2
56993,2025-02-11 03:42:00,Display Ads,Brand Awareness,1,3
56993,2025-02-11 04:31:00,Search Ads,Retargeting,1,4
56993,2025-02-11 05:58:00,Email,New Product Launch,0,5
57079,2025-02-10 04:51:00,Search Ads,Winter Sale,1,1
57079,2025-02-11 11:41:00,Display Ads,Discount Offer,1,2
57079,2025-02-11 12:05:00,Direct Traffic,-,0,3
57108,2025-02-10 00:57:00,Direct Traffic,-,1,1
57108,2025-02-10 05:12:00,Direct Traffic,-,0,2
57108,2025-02-10 15:22:00,Email,-,1,3
57125,2025-02-10 18:55:00,Direct Traffic,-,1,1
57125,2025-02-11 12:38:00,Referral,Winter Sale,1,2
57141,2025-02-11 00:25:00,Referral,Brand Awareness,1,1
57141,2025-02-11 02:07:00,Direct Traffic,-,1,2
57141,2025-02-11 14:16:00,Display Ads,Brand Awareness,0,3
57166,2025-02-11 03:23:00,Search Ads,Retargeting,0,1
57166,2025-02-11 11:23:00,Referral,Discount Offer,1,2
57273,2025-02-11 07:00:00,Email,Discount Offer,0,1
57318,2025-02-10 08:56:00,Direct Traffic,-,0,1
57318,2025-02-10 12:00:00,Display Ads,Winter Sale,0,2
57318,2025-02-10 21:20:00,Display Ads,Winter Sale,0,3
57318,2025-02-11 07:43:00,Search Ads,Discount Offer,0,4
57363,2025-02-11 07:09:00,Referral,Discount Offer,0,1
57363,2025-02-11 10:50:00,Social Media,-,0,2
57372,2025-02-10 06:17:00,Display Ads,New Product Launch,1,1
57372,2025-02-11 12:51:00,Search Ads,New Product Launch,0,2
57372,2025-02-11 13:58:00,Social Media,-,0,3
57372,2025-02-11 21:35:00,Email,Discount Offer,0,4
57385,2025-02-10 08:10:00,Referral,-,1,1
57385,2025-02-10 16:32:00,Direct Traffic,-,1,2
57385,2025-02-11 03:04:00,Search Ads,Brand Awareness,0,3
57385,2025-02-11 03:44:00,Direct Traffic,-,1,4
57385,2025-02-11 14:39:00,Email,Discount Offer,0,5
57385,2025-02-11 23:42:00,Referral,-,1,6
57389,2025-02-10 18:25:00,Display Ads,Discount Offer,0,1
57389,2025-02-10 20:21:00,Referral,Brand Awareness,1,2
57389,2025-02-10 21:55:00,Search Ads,Brand Awareness,0,3
57389,2025-02-11 08:11:00,Email,-,1,4
57389,2025-02-11 09:54:00,Display Ads,New Product Launch,1,5
57389,2025-02-11 22:49:00,Email,New Product Launch,1,6
57396,2025-02-11 01:01:00,Email,Retargeting,0,1
57401,2025-02-11 06:33:00,Email,-,1,1
57455,2025-02-10 03:32:00,Referral,New Product Launch,1,1
57455,2025-02-10 06:05:00,Display Ads,Winter Sale,1,2
57455,2025-02-10 09:12:00,Referral,-,1,3
57455,2025-02-10 12:18:00,Referral,Winter Sale,1,4
57455,2025-02-10 15:31:00,Social Media,-,1,5
57455,2025-02-11 04:50:00,Social Media,New Product Launch,0,6
57455,2025-02-11 07:23:00,Social Media,Brand Awareness,0,7
57455,2025-02-11 21:17:00,Referral,Brand Awareness,1,8
57498,2025-02-10 05:08:00,Email,Discount Offer,1,1
57498,2025-02-11 18:06:00,Email,Retargeting,0,2
57564,2025-02-10 05:37:00,Direct Traffic,-,0,1
57564,2025-02-10 08:20:00,Direct Traffic,-,1,2
57564,2025-02-10 10:44:00,Search Ads,Brand Awareness,1,3
57564,2025-02-11 03:32:00,Social Media,Brand Awareness,0,4
57564,2025-02-11 08:41:00,Direct Traffic,-,1,5
57627,2025-02-10 09:48:00,Social Media,Brand Awareness,1,1
57627,2025-02-11 15:54:00,Search Ads,Retargeting,1,2
57627,2025-02-11 23:05:00,Display Ads,-,1,3
57669,2025-02-10 05:31:00,Email,Brand Awareness,1,1
57669,2025-02-10 14:09:00,Direct Traffic,-,0,2
57669,2025-02-11 05:31:00,Search Ads,Retargeting,0,3
57669,2025-02-11 07:36:00,Direct Traffic,-,1,4
57669,2025-02-11 22:59:00,Search Ads,Brand Awareness,1,5
57672,2025-02-10 08:03:00,Social Media,Brand Awareness,1,1
57726,2025-02-10 02:16:00,Display Ads,Discount Offer,1,1
57726,2025-02-10 03:21:00,Search Ads,Winter Sale,1,2
57726,2025-02-10 04:04:00,Email,New Product Launch,1,3
57726,2025-02-11 01:49:00,Direct Traffic,-,0,4
57726,2025-02-11 13:10:00,Social Media,New Product Launch,1,5
57726,2025-02-11 20:24:00,Direct Traffic,-,1,6
57739,2025-02-10 11:16:00,Social Media,Winter Sale,1,1
57739,2025-02-10 19:12:00,Referral,Retargeting,1,2
57739,2025-02-11 07:06:00,Direct Traffic,-,1,3
57739,2025-02-11 19:14:00,Search Ads,Retargeting,0,4
57793,2025-02-10 04:50:00,Referral,Discount Offer,1,1
57793,2025-02-11 03:19:00,Direct Traffic,-,1,2
57793,2025-02-11 09:27:00,Referral,Discount Offer,1,3
57793,2025-02-11 15:17:00,Display Ads,-,1,4
57793,2025-02-11 18:11:00,Referral,Winter Sale,1,5
57943,2025-02-10 02:53:00,Social Media,Winter Sale,1,1
57943,2025-02-10 03:21:00,Direct Traffic,-,1,2
57943,2025-02-10 18:45:00,Search Ads,Winter Sale,0,3
57943,2025-02-11 03:01:00,Search Ads,Brand Awareness,0,4
57949,2025-02-10 05:21:00,Email,Discount Offer,0,1
57949,2025-02-10 15:15:00,Email,New Product Launch,0,2
57949,2025-02-11 08:42:00,Email,Brand Awareness,0,3
57949,2025-02-11 22:49:00,Email,Retargeting,0,4
57949,2025-02-11 23:20:00,Search Ads,New Product Launch,1,5
57951,2025-02-10 17:17:00,Social Media,Winter Sale,1,1
57951,2025-02-10 23:24:00,Email,Winter Sale,0,2
57951,2025-02-11 03:18:00,Social Media,New Product Launch,0,3
57951,2025-02-11 16:45:00,Display Ads,Brand Awareness,1,4
57951,2025-02-11 23:49:00,Social Media,Winter Sale,0,5
57976,2025-02-10 13:51:00,Social Media,Winter Sale,0,1
57976,2025-02-11 07:46:00,Social Media,-,1,2
57976,2025-02-11 09:37:00,Search Ads,Brand Awareness,1,3
57976,2025-02-11 17:15:00,Social Media,Brand Awareness,0,4
57976,2025-02-11 18:55:00,Email,New Product Launch,1,5
57996,2025-02-10 12:28:00,Display Ads,Discount Offer,1,1
57996,2025-02-10 14:28:00,Referral,Discount Offer,0,2
57996,2025-02-10 16:10:00,Search Ads,Winter Sale,1,3
57996,2025-02-11 01:39:00,Referral,-,1,4
58020,2025-02-10 22:39:00,Display Ads,Discount Offer,1,1
58062,2025-02-10 13:03:00,Social Media,-,1,1
58062,2025-02-10 14:23:00,Display Ads,Discount Offer,0,2
58064,2025-02-10 17:18:00,Social Media,Winter Sale,0,1
58064,2025-02-11 13:22:00,Social Media,-,1,2
58064,2025-02-11 17:30:00,Referral,Retargeting,1,3
58113,2025-02-10 03:22:00,Email,Winter Sale,0,1
58113,2025-02-10 04:59:00,Search Ads,-,0,2
58113,2025-02-11 17:01:00,Social Media,Retargeting,1,3
58128,2025-02-10 00:16:00,Direct Traffic,-,0,1
58128,2025-02-10 10:59:00,Direct Traffic,-,1,2
58128,2025-02-11 11:07:00,Search Ads,Retargeting,0,3
58128,2025-02-11 21:24:00,Email,Discount Offer,0,4
58238,2025-02-10 06:24:00,Display Ads,Discount Offer,0,1
58238,2025-02-10 11:13:00,Direct Traffic,-,1,2
58238,2025-02-11 05:10:00,Email,Winter Sale,0,3
58258,2025-02-10 08:30:00,Referral,Discount Offer,0,1
58258,2025-02-10 17:18:00,Social Media,Retargeting,1,2
58258,2025-02-11 22:14:00,Email,Discount Offer,1,3
58344,2025-02-10 00:15:00,Social Media,Discount Offer,1,1
58344,2025-02-11 17:14:00,Display Ads,New Product Launch,1,2
58481,2025-02-10 15:41:00,Email,-,0,1
58481,2025-02-11 05:27:00,Referral,Discount Offer,1,2
58481,2025-02-11 05:47:00,Social Media,New Product Launch,1,3
58481,2025-02-11 14:48:00,Display Ads,Retargeting,1,4
58495,2025-02-11 16:50:00,Referral,Retargeting,0,1
58496,2025-02-10 03:53:00,Search Ads,Winter Sale,0,1
58496,2025-02-10 04:41:00,Direct Traffic,-,1,2
58496,2025-02-10 05:25:00,Email,New Product Launch,1,3
58496,2025-02-10 08:39:00,Search Ads,Winter Sale,1,4
58496,2025-02-10 09:51:00,Social Media,Brand Awareness,1,5
58496,2025-02-10 12:00:00,Referral,Brand Awareness,0,6
58496,2025-02-10 12:26:00,Referral,Discount Offer,0,7
58496,2025-02-11 12:35:00,Referral,Discount Offer,1,8
58496,2025-02-11 21:23:00,Display Ads,Discount Offer,0,9
58496,2025-02-11 21:57:00,Direct Traffic,-,1,10
58510,2025-02-10 17:14:00,Display Ads,Brand Awareness,0,1
58510,2025-02-11 15:05:00,Search Ads,Retargeting,0,2
58510,2025-02-11 17:47:00,Referral,Discount Offer,1,3
58511,2025-02-10 06:07:00,Referral,-,0,1
58511,2025-02-10 11:24:00,Direct Traffic,-,1,2
58511,2025-02-11 02:42:00,Referral,Winter Sale,0,3
58511,2025-02-11 23:34:00,Direct Traffic,-,1,4
58546,2025-02-10 03:37:00,Social Media,-,0,1
58546,2025-02-10 22:52:00,Search Ads,Discount Offer,0,2
58561,2025-02-10 11:36:00,Display Ads,-,1,1
58561,2025-02-10 16:35:00,Direct Traffic,-,0,2
58561,2025-02-11 08:47:00,Direct Traffic,-,1,3
58689,2025-02-10 12:59:00,Referral,New Product Launch,0,1
58689,2025-02-10 19:03:00,Display Ads,Retargeting,0,2
58703,2025-02-10 08:34:00,Social Media,Discount Offer,0,1
58703,2025-02-11 00:58:00,Direct Traffic,-,0,2
58703,2025-02-11 01:00:00,Search Ads,Retargeting,0,3
58703,2025-02-11 08:18:00,Email,-,0,4
58703,2025-02-11 19:07:00,Direct Traffic,-,1,5
58748,2025-02-10 21:08:00,Referral,-,0,1
58748,2025-02-11 05:58:00,Referral,New Product Launch,1,2
58748,2025-02-11 13:48:00,Email,Winter Sale,1,3
58748,2025-02-11 15:09:00,Email,Brand Awareness,1,4
58748,2025-02-11 16:06:00,Direct Traffic,-,0,5
58762,2025-02-10 12:47:00,Referral,Brand Awareness,1,1
58762,2025-02-11 07:45:00,Social Media,New Product Launch,0,2
58768,2025-02-11 21:09:00,Search Ads,New Product Launch,1,1
58795,2025-02-10 03:24:00,Referral,Retargeting,0,1
58795,2025-02-10 07:02:00,Email,Winter Sale,1,2
58795,2025-02-10 08:20:00,Search Ads,Brand Awareness,1,3
58795,2025-02-10 12:59:00,Social Media,-,0,4
58795,2025-02-11 12:34:00,Search Ads,Winter Sale,1,5
58795,2025-02-11 12:51:00,Email,Discount Offer,1,6
58797,2025-02-10 20:15:00,Social Media,-,0,1
58797,2025-02-11 00:51:00,Display Ads,-,1,2
58797,2025-02-11 16:10:00,Social Media,Retargeting,1,3
58797,2025-02-11 21:21:00,Email,Brand Awareness,1,4
58884,2025-02-10 00:18:00,Referral,Retargeting,0,1
58884,2025-02-10 04:58:00,Direct Traffic,-,0,2
58884,2025-02-11 04:50:00,Direct Traffic,-,0,3
58910,2025-02-10 05:03:00,Direct Traffic,-,1,1
58910,2025-02-11 05:51:00,Search Ads,Retargeting,0,2
58910,2025-02-11 17:39:00,Social Media,Brand Awareness,1,3
58929,2025-02-11 15:28:00,Social Media,Winter Sale,0,1
58938,2025-02-10 11:53:00,Direct Traffic,-,1,1
58938,2025-02-10 19:48:00,Search Ads,New Product Launch,1,2
58938,2025-02-11 07:45:00,Referral,New Product Launch,1,3
58945,2025-02-10 15:18:00,Search Ads,Retargeting,0,1
58945,2025-02-10 20:06:00,Direct Traffic,-,1,2
58957,2025-02-10 10:46:00,Social Media,New Product Launch,1,1
58957,2025-02-11 15:24:00,Email,-,1,2
58957,2025-02-11 20:46:00,Referral,Discount Offer,1,3
58969,2025-02-10 04:05:00,Social Media,Retargeting,0,1
58969,2025-02-10 20:31:00,Display Ads,Brand Awareness,0,2
58969,2025-02-11 03:20:00,Direct Traffic,-,0,3
58969,2025-02-11 04:54:00,Social Media,Discount Offer,1,4
58969,2025-02-11 21:33:00,Social Media,Discount Offer,1,5
59032,2025-02-10 05:08:00,Direct Traffic,-,1,1
59032,2025-02-10 11:18:00,Direct Traffic,-,1,2
59032,2025-02-10 14:07:00,Search Ads,-,0,3
59032,2025-02-11 00:18:00,Social Media,New Product Launch,0,4
59032,2025-02-11 13:25:00,Direct Traffic,-,0,5
59033,2025-02-10 21:12:00,Direct Traffic,-,0,1
59033,2025-02-11 00:35:00,Referral,-,1,2
59033,2025-02-11 05:20:00,Direct Traffic,-,0,3
59033,2025-02-11 19:29:00,Email,Discount Offer,0,4
59072,2025-02-10 10:01:00,Direct Traffic,-,1,1
59072,2025-02-10 14:39:00,Display Ads,Brand Awareness,1,2
59072,2025-02-10 18:00:00,Referral,Winter Sale,0,3
59072,2025-02-11 09:59:00,Email,-,0,4
59077,2025-02-10 02:31:00,Email,Winter Sale,1,1
59077,2025-02-10 17:29:00,Social Media,-,1,2
59077,2025-02-10 23:57:00,Search Ads,Discount Offer,1,3
59102,2025-02-10 03:53:00,Email,Brand Awareness,0,1
59102,2025-02-10 05:28:00,Email,Discount Offer,1,2
59102,2025-02-11 04:28:00,Referral,New Product Launch,0,3
59102,2025-02-11 10:34:00,Referral,Discount Offer,0,4
59102,2025-02-11 15:31:00,Social Media,Winter Sale,1,5
59109,2025-02-10 13:18:00,Direct Traffic,-,1,1
59109,2025-02-10 14:18:00,Display Ads,Brand Awareness,0,2
59109,2025-02-10 17:15:00,Referral,Winter Sale,1,3
59109,2025-02-11 14:27:00,Social Media,Discount Offer,1,4
59109,2025-02-11 19:40:00,Referral,Brand Awareness,1,5
59109,2025-02-11 22:28:00,Direct Traffic,-,1,6
59110,2025-02-10 04:06:00,Social Media,Discount Offer,1,1
59110,2025-02-10 08:01:00,Email,New Product Launch,0,2
59110,2025-02-11 03:06:00,Direct Traffic,-,0,3
59110,2025-02-11 03:13:00,Social Media,Discount Offer,1,4
59110,2025-02-11 20:47:00,Search Ads,Winter Sale,0,5
59144,2025-02-10 16:09:00,Referral,Retargeting,1,1
59144,2025-02-11 03:32:00,Direct Traffic,-,0,2
59188,2025-02-10 04:32:00,Email,New Product Launch,0,1
59188,2025-02-10 23:32:00,Referral,-,1,2
59188,2025-02-11 15:43:00,Display Ads,Discount Offer,0,3
59188,2025-02-11 21:45:00,Display Ads,-,0,4
59198,2025-02-10 14:52:00,Direct Traffic,-,1,1
59198,2025-02-10 22:43:00,Email,Retargeting,1,2
59232,2025-02-10 00:25:00,Email,Retargeting,1,1
59232,2025-02-10 00:43:00,Referral,-,1,2
59232,2025-02-10 20:30:00,Email,Winter Sale,0,3
59232,2025-02-10 23:50:00,Direct Traffic,-,0,4
59251,2025-02-10 09:35:00,Email,New Product Launch,0,1
59251,2025-02-11 03:52:00,Display Ads,New Product Launch,0,2
59251,2025-02-11 15:18:00,Search Ads,New Product Launch,0,3
59251,2025-02-11 16:21:00,Search Ads,New Product Launch,1,4
59281,2025-02-10 01:07:00,Email,-,0,1
59281,2025-02-10 17:54:00,Search Ads,-,0,2
59281,2025-02-10 23:31:00,Referral,Discount Offer,1,3
59281,2025-02-11 04:18:00,Search Ads,Brand Awareness,1,4
59302,2025-02-10 08:52:00,Search Ads,-,0,1
59302,2025-02-11 20:05:00,Social Media,Brand Awareness,1,2
59319,2025-02-10 05:21:00,Social Media,Retargeting,1,1
59319,2025-02-10 18:13:00,Search Ads,Brand Awareness,0,2
59319,2025-02-10 20:17:00,Referral,Retargeting,0,3
59319,2025-02-11 00:56:00,Social Media,Brand Awareness,1,4
59319,2025-02-11 12:48:00,Email,Discount Offer,1,5
59319,2025-02-11 14:35:00,Display Ads,New Product Launch,1,6
59390,2025-02-10 02:47:00,Social Media,Discount Offer,0,1
59390,2025-02-10 06:19:00,Direct Traffic,-,0,2
59390,2025-02-10 12:12:00,Search Ads,New Product Launch,1,3
59390,2025-02-10 15:10:00,Direct Traffic,-,1,4
59390,2025-02-11 03:29:00,Social Media,Retargeting,1,5
59390,2025-02-11 05:57:00,Referral,New Product Launch,0,6
59390,2025-02-11 18:51:00,Referral,Winter Sale,0,7
59390,2025-02-11 23:19:00,Social Media,New Product Launch,1,8
59416,2025-02-10 03:45:00,Referral,New Product Launch,1,1
59425,2025-02-10 22:53:00,Display Ads,Winter Sale,1,1
59425,2025-02-11 05:54:00,Search Ads,Winter Sale,1,2
59425,2025-02-11 10:45:00,Email,New Product Launch,0,3
59425,2025-02-11 13:34:00,Display Ads,Brand Awareness,1,4
59461,2025-02-10 06:37:00,Social Media,-,1,1
59461,2025-02-10 16:50:00,Referral,New Product Launch,1,2
59461,2025-02-11 03:19:00,Email,Retargeting,0,3
59461,2025-02-11 06:12:00,Referral,Winter Sale,1,4
59461,2025-02-11 08:41:00,Referral,Discount Offer,0,5
59480,2025-02-10 01:27:00,Referral,Winter Sale,1,1
59480,2025-02-11 07:30:00,Email,Discount Offer,0,2
59480,2025-02-11 15:58:00,Social Media,Discount Offer,0,3
59482,2025-02-11 01:07:00,Search Ads,Discount Offer,0,1
59482,2025-02-11 06:07:00,Referral,Winter Sale,1,2
59482,2025-02-11 06:37:00,Social Media,New Product Launch,0,3
59482,2025-02-11 07:04:00,Email,Winter Sale,1,4
59482,2025-02-11 08:16:00,Display Ads,Winter Sale,0,5
59482,2025-02-11 11:50:00,Direct Traffic,-,0,6
59576,2025-02-10 02:15:00,Display Ads,Discount Offer,1,1
59576,2025-02-10 06:12:00,Referral,Brand Awareness,1,2
59576,2025-02-10 06:56:00,Search Ads,Brand Awareness,1,3
59576,2025-02-10 12:14:00,Direct Traffic,-,1,4
59576,2025-02-11 03:42:00,Email,Retargeting,1,5
59576,2025-02-11 05:51:00,Direct Traffic,-,1,6
59576,2025-02-11 13:51:00,Social Media,New Product Launch,0,7
59599,2025-02-10 17:19:00,Display Ads,Winter Sale,0,1
59611,2025-02-10 04:23:00,Direct Traffic,-,1,1
59611,2025-02-10 22:26:00,Referral,Winter Sale,1,2
59611,2025-02-11 17:26:00,Email,New Product Launch,0,3
59631,2025-02-10 08:50:00,Referral,Discount Offer,1,1
59631,2025-02-10 15:34:00,Social Media,Winter Sale,1,2
59722,2025-02-11 05:58:00,Display Ads,New Product Launch,0,1
59730,2025-02-10 12:40:00,Email,Brand Awareness,0,1
59730,2025-02-10 19:24:00,Social Media,-,0,2
59730,2025-02-11 14:45:00,Email,New Product Launch,0,3
59730,2025-02-11 15:13:00,Display Ads,Retargeting,1,4
59787,2025-02-10 08:43:00,Social Media,Brand Awareness,1,1
59787,2025-02-10 15:49:00,Social Media,New Product Launch,0,2
59787,2025-02-10 22:44:00,Display Ads,Retargeting,1,3
59787,2025-02-11 02:26:00,Referral,Retargeting,0,4
59787,2025-02-11 09:24:00,Referral,Retargeting,1,5
59787,2025-02-11 12:45:00,Social Media,-,1,6
59787,2025-02-11 20:08:00,Email,Retargeting,0,7
59840,2025-02-10 02:35:00,Direct Traffic,-,1,1
59840,2025-02-10 09:50:00,Display Ads,Winter Sale,1,2
59840,2025-02-10 12:33:00,Referral,Brand Awareness,0,3
59840,2025-02-11 10:44:00,Referral,Winter Sale,1,4
59840,2025-02-11 22:59:00,Email,Brand Awareness,1,5
59840,2025-02-11 23:41:00,Email,-,1,6
59899,2025-02-10 01:40:00,Social Media,-,0,1
59899,2025-02-10 02:55:00,Email,Discount Offer,1,2
59899,2025-02-10 12:45:00,Direct Traffic,-,1,3
59899,2025-02-11 05:52:00,Display Ads,Discount Offer,0,4
59899,2025-02-11 21:42:00,Email,Winter Sale,0,5
59899,2025-02-11 23:16:00,Direct Traffic,-,0,6
59927,2025-02-10 06:29:00,Search Ads,New Product Launch,1,1
59927,2025-02-10 19:30:00,Display Ads,Discount Offer,1,2
59927,2025-02-10 20:09:00,Display Ads,Retargeting,1,3
59927,2025-02-11 11:38:00,Display Ads,Discount Offer,1,4
59927,2025-02-11 11:39:00,Referral,Discount Offer,1,5
59959,2025-02-10 09:59:00,Search Ads,New Product Launch,0,1
59959,2025-02-11 00:35:00,Search Ads,-,0,2
60001,2025-02-10 04:06:00,Direct Traffic,-,1,1
60001,2025-02-10 10:06:00,Social Media,-,1,2
60001,2025-02-10 21:06:00,Direct Traffic,-,0,3
60001,2025-02-11 07:34:00,Search Ads,Retargeting,0,4
60001,2025-02-11 08:20:00,Display Ads,Retargeting,1,5
60001,2025-02-11 09:45:00,Email,Retargeting,1,6
60022,2025-02-10 22:08:00,Social Media,Brand Awareness,1,1
60022,2025-02-10 23:17:00,Display Ads,Retargeting,0,2
60022,2025-02-11 05:38:00,Search Ads,Retargeting,0,3
60022,2025-02-11 08:24:00,Direct Traffic,-,1,4
60095,2025-02-10 03:26:00,Direct Traffic,-,0,1
60095,2025-02-10 06:27:00,Direct Traffic,-,0,2
60095,2025-02-10 07:47:00,Display Ads,Brand Awareness,1,3
60095,2025-02-10 08:20:00,Display Ads,-,0,4
60095,2025-02-10 10:29:00,Display Ads,New Product Launch,1,5
60095,2025-02-11 02:07:00,Email,New Product Launch,1,6
60102,2025-02-10 00:37:00,Referral,Discount Offer,0,1
60102,2025-02-10 20:03:00,Direct Traffic,-,0,2
60102,2025-02-11 14:04:00,Email,New Product Launch,1,3
60102,2025-02-11 15:47:00,Search Ads,-,1,4
60108,2025-02-10 17:42:00,Social Media,New Product Launch,0,1
60108,2025-02-11 09:36:00,Direct Traffic,-,0,2
60156,2025-02-10 00:23:00,Display Ads,Winter Sale,0,1
60156,2025-02-10 16:47:00,Social Media,Brand Awareness,0,2
60156,2025-02-11 15:33:00,Direct Traffic,-,1,3
60190,2025-02-11 06:17:00,Direct Traffic,-,0,1
60226,2025-02-10 06:16:00,Search Ads,New Product Launch,0,1
60226,2025-02-10 17:43:00,Direct Traffic,-,0,2
60226,2025-02-11 01:46:00,Search Ads,Brand Awareness,1,3
60226,2025-02-11 14:00:00,Referral,Brand Awareness,0,4
60226,2025-02-11 22:53:00,Search Ads,-,0,5
60236,2025-02-10 13:12:00,Referral,Brand Awareness,1,1
60236,2025-02-11 07:24:00,Social Media,Discount Offer,1,2
60236,2025-02-11 10:55:00,Email,Winter Sale,1,3
60345,2025-02-10 01:37:00,Display Ads,Brand Awareness,1,1
60345,2025-02-10 10:10:00,Referral,Retargeting,0,2
60345,2025-02-10 23:27:00,Referral,Winter Sale,1,3
60345,2025-02-11 05:37:00,Referral,Brand Awareness,0,4
60456,2025-02-10 06:38:00,Social Media,Discount Offer,1,1
60456,2025-02-10 15:34:00,Referral,-,0,2
60456,2025-02-10 21:32:00,Social Media,Discount Offer,0,3
60469,2025-02-10 22:06:00,Referral,Retargeting,1,1
60469,2025-02-11 09:20:00,Direct Traffic,-,0,2
60477,2025-02-10 17:42:00,Search Ads,Winter Sale,1,1
60477,2025-02-11 01:16:00,Email,Brand Awareness,0,2
60477,2025-02-11 11:41:00,Social Media,Brand Awareness,0,3
60484,2025-02-10 12:28:00,Referral,Discount Offer,0,1
60484,2025-02-10 23:24:00,Email,Retargeting,0,2
60484,2025-02-11 01:33:00,Referral,-,1,3
60484,2025-02-11 05:18:00,Direct Traffic,-,0,4
60484,2025-02-11 06:57:00,Direct Traffic,-,0,5
60484,2025-02-11 21:00:00,Search Ads,Winter Sale,0,6
60487,2025-02-10 18:13:00,Social Media,-,1,1
60487,2025-02-11 03:56:00,Direct Traffic,-,1,2
60493,2025-02-10 10:55:00,Social Media,Discount Offer,0,1
60493,2025-02-10 19:39:00,Email,New Product Launch,1,2
60571,2025-02-10 19:38:00,Search Ads,Discount Offer,0,1
60571,2025-02-11 18:00:00,Social Media,New Product Launch,0,2
60571,2025-02-11 19:53:00,Referral,Retargeting,0,3
60590,2025-02-10 13:17:00,Search Ads,Brand Awareness,0,1
60590,2025-02-10 17:49:00,Social Media,Discount Offer,1,2
60616,2025-02-11 00:32:00,Referral,Winter Sale,1,1
60616,2025-02-11 09:24:00,Referral,-,1,2
60616,2025-02-11 22:50:00,Social Media,Retargeting,0,3
60660,2025-02-10 01:25:00,Social Media,New Product Launch,1,1
60660,2025-02-10 19:31:00,Display Ads,Brand Awareness,1,2
60660,2025-02-11 18:22:00,Referral,Brand Awareness,0,3
60660,2025-02-11 18:46:00,Email,Brand Awareness,1,4
60684,2025-02-10 01:31:00,Email,-,1,1
60684,2025-02-10 04:26:00,Email,Retargeting,1,2
60684,2025-02-11 01:28:00,Display Ads,Brand Awareness,1,3
60684,2025-02-11 03:59:00,Display Ads,-,0,4
60684,2025-02-11 07:36:00,Social Media,Winter Sale,1,5
60684,2025-02-11 10:25:00,Direct Traffic,-,1,6
60684,2025-02-11 17:26:00,Display Ads,Winter Sale,1,7
60684,2025-02-11 17:29:00,Social Media,-,0,8
60684,2025-02-11 19:42:00,Referral,New Product Launch,1,9
60755,2025-02-11 15:38:00,Social Media,Brand Awareness,1,1
60755,2025-02-11 20:22:00,Referral,Brand Awareness,1,2
60755,2025-02-11 21:34:00,Direct Traffic,-,0,3
60772,2025-02-10 14:53:00,Email,Retargeting,1,1
60772,2025-02-10 23:29:00,Referral,Retargeting,1,2
60772,2025-02-11 03:55:00,Email,Discount Offer,0,3
60780,2025-02-10 14:29:00,Referral,-,0,1
60780,2025-02-11 04:44:00,Social Media,Retargeting,1,2
60780,2025-02-11 21:22:00,Referral,New Product Launch,1,3
60798,2025-02-10 00:52:00,Email,Discount Offer,1,1
60798,2025-02-10 05:08:00,Search Ads,-,0,2
60798,2025-02-10 17:36:00,Social Media,Winter Sale,1,3
60798,2025-02-10 17:50:00,Social Media,New Product Launch,0,4
60798,2025-02-11 08:39:00,Social Media,Discount Offer,0,5
60798,2025-02-11 10:08:00,Social Media,-,1,6
60798,2025-02-11 21:08:00,Social Media,Brand Awareness,1,7
60799,2025-02-10 14:48:00,Referral,-,0,1
60799,2025-02-10 18:53:00,Referral,Discount Offer,1,2
60799,2025-02-11 01:04:00,Email,Winter Sale,1,3
60799,2025-02-11 19:46:00,Direct Traffic,-,1,4
60844,2025-02-10 07:06:00,Referral,Brand Awareness,1,1
60844,2025-02-10 10:56:00,Search Ads,Discount Offer,0,2
60844,2025-02-10 20:01:00,Direct Traffic,-,0,3
60844,2025-02-11 17:13:00,Display Ads,Brand Awareness,0,4
60852,2025-02-10 09:16:00,Direct Traffic,-,1,1
60852,2025-02-11 01:43:00,Direct Traffic,-,0,2
60852,2025-02-11 03:40:00,Direct Traffic,-,0,3
60852,2025-02-11 03:54:00,Email,New Product Launch,1,4
60852,2025-02-11 11:50:00,Social Media,-,0,5
60852,2025-02-11 21:26:00,Display Ads,Retargeting,0,6
60852,2025-02-11 22:28:00,Search Ads,Discount Offer,0,7
60856,2025-02-10 07:24:00,Email,-,1,1
60856,2025-02-10 15:17:00,Social Media,New Product Launch,0,2
60859,2025-02-10 00:44:00,Direct Traffic,-,1,1
60859,2025-02-10 03:34:00,Display Ads,Winter Sale,0,2
60859,2025-02-11 04:09:00,Referral,New Product Launch,1,3
60881,2025-02-10 01:02:00,Social Media,Retargeting,1,1
60881,2025-02-10 18:27:00,Social Media,Winter Sale,1,2
60881,2025-02-10 22:35:00,Search Ads,Winter Sale,1,3
60881,2025-02-11 08:40:00,Email,Retargeting,1,4
60881,2025-02-11 12:45:00,Direct Traffic,-,0,5
60881,2025-02-11 14:54:00,Direct Traffic,-,0,6
60888,2025-02-10 11:38:00,Social Media,New Product Launch,0,1
60888,2025-02-10 11:56:00,Referral,Retargeting,1,2
60888,2025-02-11 07:03:00,Search Ads,Discount Offer,0,3
60973,2025-02-10 05:22:00,Referral,New Product Launch,0,1
60973,2025-02-10 09:58:00,Direct Traffic,-,1,2
60973,2025-02-11 01:13:00,Email,New Product Launch,0,3
60973,2025-02-11 05:12:00,Display Ads,Brand Awareness,1,4
60973,2025-02-11 15:34:00,Social Media,-,0,5
60973,2025-02-11 19:57:00,Direct Traffic,-,1,6
60974,2025-02-10 10:12:00,Display Ads,Discount Offer,1,1
60974,2025-02-11 21:17:00,Email,Retargeting,0,2
60974,2025-02-11 22:56:00,Display Ads,Retargeting,0,3
60996,2025-02-10 09:19:00,Email,Retargeting,1,1
60996,2025-02-10 15:26:00,Social Media,Brand Awareness,1,2
60996,2025-02-10 15:38:00,Direct Traffic,-,1,3
60996,2025-02-10 20:10:00,Display Ads,Brand Awareness,0,4
61019,2025-02-10 00:03:00,Direct Traffic,-,0,1
61019,2025-02-10 18:47:00,Display Ads,Discount Offer,0,2
61019,2025-02-10 20:23:00,Referral,Brand Awareness,0,3
61019,2025-02-10 21:17:00,Display Ads,Winter Sale,0,4
61019,2025-02-10 23:31:00,Display Ads,Discount Offer,0,5
61022,2025-02-10 01:51:00,Referral,Retargeting,1,1
61032,2025-02-10 18:50:00,Social Media,-,0,1
61032,2025-02-11 14:14:00,Direct Traffic,-,1,2
61032,2025-02-11 19:30:00,Email,-,0,3
61032,2025-02-11 23:33:00,Search Ads,-,0,4
61053,2025-02-10 05:24:00,Display Ads,Retargeting,1,1
61053,2025-02-10 13:53:00,Display Ads,-,1,2
61053,2025-02-11 03:41:00,Direct Traffic,-,0,3
61053,2025-02-11 05:53:00,Display Ads,New Product Launch,0,4
61053,2025-02-11 16:02:00,Email,Retargeting,1,5
61062,2025-02-10 01:33:00,Referral,-,0,1
61062,2025-02-10 08:17:00,Search Ads,Discount Offer,1,2
61062,2025-02-10 08:28:00,Direct Traffic,-,1,3
61062,2025-02-10 20:49:00,Social Media,New Product Launch,1,4
61062,2025-02-10 21:57:00,Email,Retargeting,0,5
61062,2025-02-11 22:54:00,Display Ads,-,1,6
61063,2025-02-10 15:27:00,Email,Brand Awareness,0,1
61063,2025-02-11 09:05:00,Social Media,New Product Launch,0,2
61146,2025-02-10 00:58:00,Direct Traffic,-,0,1
61146,2025-02-10 16:39:00,Email,-,0,2
61146,2025-02-11 06:13:00,Search Ads,New Product Launch,1,3
61146,2025-02-11 08:38:00,Email,Winter Sale,0,4
61146,2025-02-11 16:47:00,Social Media,New Product Launch,0,5
61177,2025-02-10 02:46:00,Email,-,1,1
61177,2025-02-11 12:45:00,Direct Traffic,-,0,2
61177,2025-02-11 19:14:00,Display Ads,Brand Awareness,0,3
61234,2025-02-10 22:35:00,Display Ads,Discount Offer,1,1
61234,2025-02-11 10:14:00,Search Ads,New Product Launch,0,2
61278,2025-02-10 20:15:00,Email,-,1,1
61278,2025-02-11 13:03:00,Display Ads,Discount Offer,1,2
61285,2025-02-10 15:28:00,Direct Traffic,-,0,1
61285,2025-02-10 18:21:00,Referral,Discount Offer,0,2
61331,2025-02-10 09:42:00,Email,Retargeting,0,1
61331,2025-02-10 18:47:00,Search Ads,New Product Launch,1,2
61331,2025-02-11 14:43:00,Referral,Winter Sale,0,3
61331,2025-02-11 20:15:00,Social Media,Brand Awareness,1,4
61352,2025-02-10 12:07:00,Social Media,Retargeting,1,1
61352,2025-02-10 22:41:00,Display Ads,Brand Awareness,1,2
61358,2025-02-10 15:05:00,Search Ads,-,0,1
61358,2025-02-10 19:01:00,Display Ads,New Product Launch,1,2
61358,2025-02-11 09:55:00,Search Ads,Retargeting,0,3
61358,2025-02-11 23:47:00,Search Ads,Retargeting,0,4
61368,2025-02-10 04:01:00,Display Ads,Discount Offer,1,1
61368,2025-02-10 19:30:00,Referral,Winter Sale,1,2
61368,2025-02-11 06:17:00,Social Media,Discount Offer,0,3
61368,2025-02-11 07:28:00,Search Ads,-,1,4
61401,2025-02-10 00:20:00,Direct Traffic,-,0,1
61401,2025-02-10 13:13:00,Display Ads,New Product Launch,1,2
61401,2025-02-10 23:32:00,Referral,-,1,3
61401,2025-02-11 22:08:00,Email,New Product Launch,0,4
61426,2025-02-10 07:47:00,Referral,Brand Awareness,1,1
61426,2025-02-10 09:54:00,Search Ads,-,1,2
61426,2025-02-10 11:53:00,Search Ads,New Product Launch,1,3
61426,2025-02-11 00:45:00,Direct Traffic,-,0,4
61426,2025-02-11 06:56:00,Social Media,Discount Offer,0,5
61426,2025-02-11 11:32:00,Direct Traffic,-,1,6
61462,2025-02-10 02:03:00,Direct Traffic,-,0,1
61462,2025-02-10 17:21:00,Display Ads,Winter Sale,0,2
61462,2025-02-11 03:57:00,Display Ads,New Product Launch,0,3
61462,2025-02-11 19:58:00,Social Media,New Product Launch,1,4
61489,2025-02-10 01:33:00,Search Ads,Discount Offer,1,1
61489,2025-02-10 06:01:00,Referral,-,1,2
61489,2025-02-11 08:31:00,Direct Traffic,-,1,3
61489,2025-02-11 12:12:00,Social Media,Winter Sale,1,4
61504,2025-02-10 01:28:00,Display Ads,-,1,1
61504,2025-02-10 13:04:00,Display Ads,Discount Offer,0,2
61504,2025-02-10 19:07:00,Search Ads,Winter Sale,1,3
61504,2025-02-11 16:10:00,Direct Traffic,-,0,4
61514,2025-02-10 00:16:00,Social Media,Brand Awareness,0,1
61514,2025-02-11 08:38:00,Email,Brand Awareness,1,2
61514,2025-02-11 22:07:00,Referral,New Product Launch,0,3
61522,2025-02-10 04:42:00,Email,Retargeting,1,1
61522,2025-02-10 10:05:00,Display Ads,New Product Launch,1,2
61522,2025-02-11 05:36:00,Search Ads,New Product Launch,1,3
61528,2025-02-10 01:11:00,Email,Brand Awareness,1,1
61528,2025-02-10 11:51:00,Referral,New Product Launch,1,2
61528,2025-02-10 16:42:00,Display Ads,-,0,3
61528,2025-02-11 07:13:00,Referral,Brand Awareness,1,4
61528,2025-02-11 17:49:00,Search Ads,Brand Awareness,1,5
61529,2025-02-10 23:56:00,Referral,Winter Sale,1,1
61529,2025-02-11 00:11:00,Direct Traffic,-,1,2
61529,2025-02-11 16:26:00,Email,Winter Sale,0,3
61537,2025-02-10 11:48:00,Email,Discount Offer,1,1
61537,2025-02-10 18:13:00,Referral,Discount Offer,1,2
61537,2025-02-10 19:05:00,Display Ads,New Product Launch,1,3
61537,2025-02-11 01:18:00,Display Ads,Winter Sale,1,4
61537,2025-02-11 06:25:00,Social Media,-,1,5
61537,2025-02-11 23:22:00,Direct Traffic,-,0,6
61578,2025-02-10 14:11:00,Display Ads,Winter Sale,0,1
61578,2025-02-10 21:52:00,Search Ads,Winter Sale,0,2
61578,2025-02-10 22:58:00,Email,Winter Sale,1,3
61578,2025-02-11 02:15:00,Email,New Product Launch,0,4
61594,2025-02-11 08:03:00,Direct Traffic,-,1,1
61594,2025-02-11 17:48:00,Social Media,New Product Launch,0,2
61594,2025-02-11 19:06:00,Referral,New Product Launch,1,3
61600,2025-02-10 18:44:00,Direct Traffic,-,1,1
61650,2025-02-10 16:30:00,Direct Traffic,-,1,1
61650,2025-02-10 20:04:00,Display Ads,Brand Awareness,1,2
61650,2025-02-11 00:15:00,Email,New Product Launch,0,3
61650,2025-02-11 17:50:00,Search Ads,Brand Awareness,1,4
61650,2025-02-11 23:20:00,Search Ads,New Product Launch,0,5
61655,2025-02-10 17:12:00,Direct Traffic,-,1,1
61655,2025-02-10 18:58:00,Email,New Product Launch,0,2
61655,2025-02-10 20:10:00,Email,Retargeting,1,3
61655,2025-02-10 21:28:00,Referral,Discount Offer,0,4
61655,2025-02-11 02:21:00,Email,-,1,5
61685,2025-02-10 11:56:00,Referral,New Product Launch,1,1
61685,2025-02-11 14:37:00,Social Media,Brand Awareness,1,2
61685,2025-02-11 15:17:00,Social Media,New Product Launch,1,3
61770,2025-02-10 03:24:00,Referral,New Product Launch,0,1
61770,2025-02-11 11:31:00,Referral,Winter Sale,1,2
61770,2025-02-11 14:30:00,Display Ads,New Product Launch,1,3
61770,2025-02-11 18:38:00,Direct Traffic,-,1,4
61828,2025-02-10 04:10:00,Referral,Retargeting,0,1
61828,2025-02-10 05:34:00,Referral,-,0,2
61829,2025-02-10 04:42:00,Display Ads,Retargeting,0,1
61829,2025-02-10 21:21:00,Display Ads,Winter Sale,1,2
61829,2025-02-11 00:48:00,Social Media,New Product Launch,1,3
61867,2025-02-10 02:27:00,Display Ads,Retargeting,0,1
61867,2025-02-10 05:35:00,Email,Retargeting,0,2
61867,2025-02-11 07:52:00,Referral,Winter Sale,0,3
61878,2025-02-10 18:23:00,Email,Brand Awareness,1,1
61878,2025-02-11 21:56:00,Search Ads,-,0,2
61878,2025-02-11 22:24:00,Referral,Retargeting,1,3
61905,2025-02-10 07:11:00,Display Ads,Discount Offer,0,1
61905,2025-02-10 10:47:00,Direct Traffic,-,0,2
61905,2025-02-10 23:54:00,Email,Winter Sale,1,3
61905,2025-02-11 07:09:00,Direct Traffic,-,1,4
61905,2025-02-11 10:56:00,Referral,Discount Offer,0,5
61947,2025-02-10 00:19:00,Email,New Product Launch,1,1
61947,2025-02-10 11:32:00,Search Ads,Brand Awareness,0,2
61947,2025-02-11 14:04:00,Display Ads,Brand Awareness,1,3
61947,2025-02-11 18:12:00,Referral,Winter Sale,0,4
61983,2025-02-11 13:51:00,Search Ads,Retargeting,0,1
61983,2025-02-11 14:41:00,Referral,Retargeting,1,2
61983,2025-02-11 16:09:00,Referral,Retargeting,1,3
61983,2025-02-11 23:41:00,Search Ads,Brand Awareness,1,4
61985,2025-02-10 00:39:00,Social Media,-,1,1
61985,2025-02-11 09:13:00,Search Ads,Discount Offer,0,2
62022,2025-02-11 04:37:00,Search Ads,Discount Offer,0,1
62035,2025-02-10 11:02:00,Direct Traffic,-,1,1
62035,2025-02-10 23:13:00,Direct Traffic,-,0,2
62035,2025-02-11 19:25:00,Referral,-,1,3
62061,2025-02-10 00:55:00,Direct Traffic,-,1,1
62061,2025-02-10 03:12:00,Display Ads,Retargeting,0,2
62061,2025-02-10 08:20:00,Display Ads,Discount Offer,0,3
62061,2025-02-10 14:56:00,Search Ads,Brand Awareness,1,4
62061,2025-02-11 02:27:00,Search Ads,-,1,5
62061,2025-02-11 18:16:00,Search Ads,Brand Awareness,0,6
62061,2025-02-11 18:51:00,Email,New Product Launch,0,7
62061,2025-02-11 23:54:00,Referral,Retargeting,1,8
62079,2025-02-10 00:18:00,Social Media,Retargeting,0,1
62079,2025-02-10 10:24:00,Email,Winter Sale,0,2
62079,2025-02-10 18:27:00,Referral,Retargeting,1,3
62079,2025-02-10 20:00:00,Direct Traffic,-,1,4
62079,2025-02-11 01:30:00,Search Ads,New Product Launch,0,5
62079,2025-02-11 08:54:00,Display Ads,Retargeting,1,6
62089,2025-02-11 01:12:00,Direct Traffic,-,0,1
62089,2025-02-11 02:33:00,Social Media,Winter Sale,0,2
62089,2025-02-11 02:42:00,Search Ads,Brand Awareness,0,3
62089,2025-02-11 11:16:00,Social Media,Winter Sale,1,4
62089,2025-02-11 19:47:00,Email,Winter Sale,0,5
62101,2025-02-10 01:14:00,Direct Traffic,-,1,1
62101,2025-02-10 18:11:00,Email,New Product Launch,0,2
62101,2025-02-10 18:36:00,Email,-,0,3
62101,2025-02-11 10:50:00,Direct Traffic,-,1,4
62101,2025-02-11 11:30:00,Referral,Winter Sale,1,5
62101,2025-02-11 16:40:00,Email,Discount Offer,1,6
62101,2025-02-11 18:20:00,Direct Traffic,-,1,7
62107,2025-02-10 01:55:00,Direct Traffic,-,1,1
62107,2025-02-10 13:50:00,Direct Traffic,-,0,2
62107,2025-02-10 14:46:00,Display Ads,New Product Launch,0,3
62107,2025-02-10 23:58:00,Display Ads,Winter Sale,1,4
62107,2025-02-11 09:05:00,Direct Traffic,-,0,5
62107,2025-02-11 21:35:00,Referral,Retargeting,1,6
62128,2025-02-10 02:19:00,Search Ads,-,0,1
62128,2025-02-10 16:31:00,Social Media,New Product Launch,1,2
62128,2025-02-11 14:42:00,Referral,-,0,3
62128,2025-02-11 21:26:00,Direct Traffic,-,0,4
62169,2025-02-10 04:38:00,Search Ads,Brand Awareness,1,1
62169,2025-02-10 05:00:00,Email,New Product Launch,0,2
62188,2025-02-10 16:24:00,Search Ads,-,0,1
62188,2025-02-11 00:11:00,Referral,-,0,2
62203,2025-02-10 21:26:00,Email,New Product Launch,1,1
62211,2025-02-11 19:49:00,Social Media,-,1,1
62212,2025-02-10 02:11:00,Referral,Winter Sale,1,1
62212,2025-02-11 23:29:00,Display Ads,New Product Launch,1,2
62225,2025-02-10 17:08:00,Direct Traffic,-,0,1
62225,2025-02-10 23:19:00,Display Ads,Winter Sale,0,2
62225,2025-02-11 05:12:00,Email,Brand Awareness,1,3
62225,2025-02-11 10:15:00,Referral,Discount Offer,0,4
62229,2025-02-10 08:01:00,Referral,-,1,1
62229,2025-02-10 15:46:00,Email,Brand Awareness,0,2
62229,2025-02-11 17:08:00,Search Ads,-,1,3
62229,2025-02-11 18:57:00,Referral,Discount Offer,1,4
62264,2025-02-10 01:54:00,Referral,-,1,1
62264,2025-02-10 02:16:00,Direct Traffic,-,1,2
62264,2025-02-10 10:10:00,Search Ads,-,0,3
62264,2025-02-10 15:24:00,Social Media,Winter Sale,1,4
62264,2025-02-11 11:13:00,Display Ads,Brand Awareness,0,5
62264,2025-02-11 16:13:00,Referral,Discount Offer,1,6
62264,2025-02-11 21:37:00,Referral,-,1,7
62298,2025-02-10 04:55:00,Display Ads,Brand Awareness,0,1
62298,2025-02-11 04:42:00,Email,-,1,2
62298,2025-02-11 11:29:00,Email,Brand Awareness,1,3
62324,2025-02-10 10:07:00,Social Media,Discount Offer,0,1
62422,2025-02-10 23:12:00,Referral,-,0,1
62422,2025-02-11 19:20:00,Display Ads,Brand Awareness,0,2
62422,2025-02-11 20:50:00,Direct Traffic,-,1,3
62446,2025-02-10 04:12:00,Email,Winter Sale,1,1
62446,2025-02-10 15:38:00,Email,-,1,2
62446,2025-02-10 20:23:00,Referral,New Product Launch,0,3
62446,2025-02-11 10:31:00,Referral,New Product Launch,1,4
62446,2025-02-11 17:40:00,Email,Discount Offer,1,5
62471,2025-02-10 12:16:00,Search Ads,Retargeting,1,1
62471,2025-02-11 13:34:00,Search Ads,Winter Sale,0,2
62471,2025-02-11 20:52:00,Email,Winter Sale,0,3
62478,2025-02-10 03:00:00,Display Ads,New Product Launch,1,1
62494,2025-02-10 06:10:00,Referral,Retargeting,0,1
62494,2025-02-10 10:49:00,Email,Discount Offer,1,2
62494,2025-02-10 19:31:00,Email,-,1,3
62558,2025-02-11 01:13:00,Referral,Winter Sale,1,1
62558,2025-02-11 11:46:00,Email,Retargeting,0,2
62558,2025-02-11 22:15:00,Referral,Retargeting,0,3
62564,2025-02-10 03:48:00,Social Media,Discount Offer,0,1
62564,2025-02-11 05:18:00,Search Ads,-,0,2
62564,2025-02-11 20:45:00,Email,New Product Launch,0,3
62564,2025-02-11 23:55:00,Email,Retargeting,1,4
62579,2025-02-10 11:16:00,Search Ads,New Product Launch,0,1
62579,2025-02-11 20:41:00,Social Media,-,1,2
62579,2025-02-11 21:39:00,Referral,Discount Offer,0,3
62579,2025-02-11 23:35:00,Display Ads,New Product Launch,0,4
62615,2025-02-10 00:34:00,Social Media,Brand Awareness,0,1
62615,2025-02-10 19:38:00,Email,-,1,2
62615,2025-02-11 08:14:00,Display Ads,Winter Sale,0,3
62615,2025-02-11 22:12:00,Referral,-,0,4
62697,2025-02-10 02:28:00,Referral,New Product Launch,0,1
62697,2025-02-10 02:37:00,Display Ads,Winter Sale,1,2
62697,2025-02-10 08:05:00,Email,New Product Launch,0,3
62697,2025-02-11 13:19:00,Email,Discount Offer,0,4
62748,2025-02-10 17:32:00,Social Media,New Product Launch,1,1
62843,2025-02-10 13:07:00,Email,Brand Awareness,1,1
62843,2025-02-10 23:42:00,Social Media,-,1,2
62843,2025-02-11 13:30:00,Email,-,0,3
62843,2025-02-11 15:12:00,Email,Brand Awareness,0,4
62843,2025-02-11 23:37:00,Display Ads,Brand Awareness,0,5
62862,2025-02-11 02:10:00,Referral,Discount Offer,1,1
62875,2025-02-11 09:32:00,Referral,Discount Offer,0,1
62875,2025-02-11 13:25:00,Display Ads,Winter Sale,0,2
62875,2025-02-11 16:13:00,Social Media,Winter Sale,0,3
62875,2025-02-11 16:32:00,Direct Traffic,-,0,4
62875,2025-02-11 20:01:00,Referral,Retargeting,0,5
62905,2025-02-10 04:39:00,Referral,New Product Launch,1,1
62905,2025-02-10 17:13:00,Display Ads,-,1,2
62905,2025-02-11 05:59:00,Direct Traffic,-,0,3
62907,2025-02-10 05:48:00,Search Ads,-,0,1
62907,2025-02-10 11:53:00,Search Ads,-,0,2
62907,2025-02-10 14:11:00,Display Ads,Retargeting,0,3
62907,2025-02-11 14:35:00,Referral,Winter Sale,1,4
62907,2025-02-11 15:31:00,Display Ads,New Product Launch,0,5
62979,2025-02-10 02:11:00,Email,-,0,1
62979,2025-02-10 06:44:00,Referral,Retargeting,1,2
62979,2025-02-11 03:29:00,Display Ads,-,1,3
62979,2025-02-11 16:34:00,Referral,Winter Sale,0,4
62979,2025-02-11 19:19:00,Social Media,Winter Sale,1,5
63029,2025-02-11 02:00:00,Search Ads,-,0,1
63029,2025-02-11 08:49:00,Search Ads,-,1,2
63062,2025-02-10 17:39:00,Email,Retargeting,1,1
63062,2025-02-10 22:27:00,Email,Brand Awareness,0,2
63064,2025-02-10 12:53:00,Referral,-,1,1
63072,2025-02-10 22:55:00,Social Media,Brand Awareness,0,1
63072,2025-02-11 14:50:00,Direct Traffic,-,1,2
63084,2025-02-11 20:42:00,Search Ads,New Product Launch,1,1
63091,2025-02-11 01:38:00,Email,New Product Launch,0,1
63095,2025-02-10 12:23:00,Social Media,Retargeting,0,1
63095,2025-02-10 16:50:00,Email,Retargeting,0,2
63095,2025-02-11 10:16:00,Email,Discount Offer,0,3
63095,2025-02-11 12:12:00,Social Media,New Product Launch,1,4
63095,2025-02-11 19:37:00,Social Media,Retargeting,1,5
63165,2025-02-10 12:58:00,Referral,Brand Awareness,1,1
63181,2025-02-10 05:37:00,Email,Discount Offer,0,1
63181,2025-02-11 19:13:00,Email,Winter Sale,1,2
63192,2025-02-10 08:39:00,Search Ads,Discount Offer,1,1
63192,2025-02-11 00:54:00,Display Ads,-,0,2
63192,2025-02-11 11:28:00,Email,-,0,3
63192,2025-02-11 21:52:00,Social Media,Brand Awareness,1,4
63243,2025-02-10 19:36:00,Referral,Brand Awareness,1,1
63243,2025-02-10 22:42:00,Social Media,Discount Offer,1,2
63243,2025-02-11 01:10:00,Direct Traffic,-,0,3
63243,2025-02-11 21:11:00,Referral,Brand Awareness,1,4
63250,2025-02-10 13:25:00,Direct Traffic,-,0,1
63250,2025-02-11 06:44:00,Direct Traffic,-,0,2
63250,2025-02-11 15:26:00,Social Media,Retargeting,1,3
63274,2025-02-10 16:11:00,Social Media,-,1,1
63274,2025-02-10 17:14:00,Display Ads,Retargeting,1,2
63274,2025-02-11 05:55:00,Social Media,Discount Offer,0,3
63274,2025-02-11 06:51:00,Social Media,Winter Sale,0,4
63274,2025-02-11 11:59:00,Social Media,Retargeting,0,5
63323,2025-02-10 13:36:00,Display Ads,-,0,1
63323,2025-02-10 20:53:00,Email,Discount Offer,0,2
63323,2025-02-11 03:44:00,Referral,-,1,3
63337,2025-02-10 01:00:00,Direct Traffic,-,0,1
63337,2025-02-10 10:19:00,Social Media,Discount Offer,0,2
63337,2025-02-11 00:54:00,Direct Traffic,-,0,3
63337,2025-02-11 05:22:00,Social Media,Discount Offer,0,4
63337,2025-02-11 20:50:00,Email,Brand Awareness,0,5
63337,2025-02-11 22:03:00,Search Ads,New Product Launch,0,6
63367,2025-02-10 14:12:00,Referral,-,1,1
63367,2025-02-11 07:29:00,Direct Traffic,-,0,2
63367,2025-02-11 17:12:00,Search Ads,Brand Awareness,1,3
63416,2025-02-10 10:38:00,Display Ads,Discount Offer,0,1
63416,2025-02-11 06:03:00,Referral,Retargeting,0,2
63416,2025-02-11 07:03:00,Direct Traffic,-,1,3
63416,2025-02-11 15:44:00,Referral,New Product Launch,1,4
63416,2025-02-11 23:59:00,Social Media,New Product Launch,0,5
63471,2025-02-10 01:14:00,Referral,Retargeting,0,1
63471,2025-02-10 06:23:00,Display Ads,-,1,2
63471,2025-02-11 09:03:00,Email,-,0,3
63471,2025-02-11 16:17:00,Display Ads,Winter Sale,1,4
63471,2025-02-11 19:25:00,Referral,Retargeting,0,5
63473,2025-02-10 10:35:00,Display Ads,Discount Offer,1,1
63473,2025-02-10 21:52:00,Search Ads,Brand Awareness,0,2
63473,2025-02-11 13:26:00,Social Media,Retargeting,0,3
63473,2025-02-11 21:55:00,Direct Traffic,-,1,4
63473,2025-02-11 23:19:00,Direct Traffic,-,0,5
63489,2025-02-10 13:01:00,Referral,Winter Sale,1,1
63489,2025-02-11 05:05:00,Email,Winter Sale,0,2
63489,2025-02-11 11:37:00,Display Ads,-,1,3
63496,2025-02-10 23:15:00,Social Media,Retargeting,0,1
63496,2025-02-11 06:53:00,Email,Winter Sale,1,2
63505,2025-02-10 07:29:00,Search Ads,Brand Awareness,1,1
63505,2025-02-10 13:11:00,Referral,Brand Awareness,1,2
63505,2025-02-10 15:00:00,Email,-,0,3
63505,2025-02-11 09:15:00,Social Media,Discount Offer,0,4
63505,2025-02-11 13:50:00,Social Media,New Product Launch,0,5
63511,2025-02-10 02:56:00,Direct Traffic,-,0,1
63511,2025-02-10 02:56:00,Email,New Product Launch,0,2
63511,2025-02-10 03:34:00,Search Ads,New Product Launch,0,3
63511,2025-02-10 14:18:00,Search Ads,New Product Launch,0,4
63511,2025-02-11 02:26:00,Social Media,Discount Offer,0,5
63511,2025-02-11 03:33:00,Direct Traffic,-,1,6
63527,2025-02-10 06:39:00,Social Media,Retargeting,0,1
63527,2025-02-11 18:23:00,Email,Winter Sale,0,2
63551,2025-02-10 09:54:00,Direct Traffic,-,0,1
63551,2025-02-10 21:53:00,Social Media,Winter Sale,1,2
63551,2025-02-11 14:10:00,Social Media,Retargeting,1,3
63551,2025-02-11 18:18:00,Direct Traffic,-,1,4
63551,2025-02-11 22:04:00,Email,Discount Offer,0,5
63618,2025-02-10 23:58:00,Referral,Discount Offer,0,1
63620,2025-02-10 06:21:00,Social Media,Winter Sale,0,1
63620,2025-02-10 06:46:00,Direct Traffic,-,1,2
63620,2025-02-10 12:54:00,Email,-,0,3
63620,2025-02-10 13:08:00,Email,Winter Sale,1,4
63620,2025-02-11 19:58:00,Search Ads,New Product Launch,1,5
63685,2025-02-10 01:46:00,Direct Traffic,-,1,1
63685,2025-02-10 23:44:00,Direct Traffic,-,1,2
63685,2025-02-11 02:37:00,Display Ads,Winter Sale,0,3
63685,2025-02-11 11:29:00,Display Ads,Winter Sale,1,4
63685,2025-02-11 20:03:00,Display Ads,Winter Sale,0,5
63709,2025-02-10 23:52:00,Email,-,1,1
63709,2025-02-11 00:22:00,Social Media,-,0,2
63709,2025-02-11 13:56:00,Direct Traffic,-,1,3
63710,2025-02-10 10:57:00,Display Ads,Discount Offer,0,1
63710,2025-02-10 19:36:00,Direct Traffic,-,1,2
63712,2025-02-10 02:53:00,Email,-,0,1
63712,2025-02-10 09:09:00,Email,New Product Launch,1,2
63712,2025-02-10 09:31:00,Referral,New Product Launch,1,3
63712,2025-02-10 15:22:00,Referral,Winter Sale,0,4
63712,2025-02-10 19:26:00,Social Media,Winter Sale,0,5
63712,2025-02-11 08:12:00,Referral,-,0,6
63751,2025-02-10 06:40:00,Search Ads,Discount Offer,1,1
63751,2025-02-10 07:14:00,Display Ads,New Product Launch,0,2
63751,2025-02-11 20:37:00,Display Ads,Discount Offer,1,3
63775,2025-02-10 10:37:00,Social Media,-,1,1
63775,2025-02-10 15:09:00,Social Media,Winter Sale,1,2
63775,2025-02-10 16:30:00,Direct Traffic,-,1,3
63775,2025-02-11 13:25:00,Search Ads,-,1,4
63781,2025-02-10 05:53:00,Search Ads,-,1,1
63781,2025-02-10 06:20:00,Social Media,Retargeting,1,2
63781,2025-02-10 15:45:00,Referral,New Product Launch,1,3
63781,2025-02-10 22:02:00,Social Media,New Product Launch,1,4
63781,2025-02-11 02:01:00,Direct Traffic,-,0,5
63781,2025-02-11 18:57:00,Display Ads,-,0,6
63781,2025-02-11 19:43:00,Search Ads,Retargeting,1,7
63781,2025-02-11 23:40:00,Referral,Winter Sale,0,8
63820,2025-02-10 05:55:00,Direct Traffic,-,1,1
63820,2025-02-10 14:26:00,Social Media,New Product Launch,0,2
63820,2025-02-11 04:34:00,Display Ads,Retargeting,0,3
63820,2025-02-11 07:03:00,Display Ads,-,0,4
63990,2025-02-10 16:21:00,Direct Traffic,-,1,1
63990,2025-02-11 01:49:00,Email,New Product Launch,0,2
63990,2025-02-11 09:04:00,Referral,New Product Launch,1,3
63990,2025-02-11 12:36:00,Email,Discount Offer,0,4
64032,2025-02-10 19:40:00,Referral,Discount Offer,1,1
64032,2025-02-11 00:24:00,Email,-,1,2
64032,2025-02-11 13:39:00,Display Ads,New Product Launch,1,3
64037,2025-02-10 06:35:00,Email,Retargeting,1,1
64037,2025-02-10 09:51:00,Email,Winter Sale,0,2
64037,2025-02-11 14:40:00,Social Media,-,0,3
64037,2025-02-11 20:17:00,Social Media,Brand Awareness,1,4
64068,2025-02-10 05:17:00,Display Ads,Discount Offer,1,1
64068,2025-02-10 12:39:00,Social Media,-,0,2
64075,2025-02-10 08:46:00,Social Media,Discount Offer,1,1
64075,2025-02-10 09:11:00,Email,Retargeting,1,2
64075,2025-02-10 16:20:00,Search Ads,Brand Awareness,0,3
64113,2025-02-10 07:40:00,Direct Traffic,-,1,1
64113,2025-02-10 20:49:00,Direct Traffic,-,1,2
64113,2025-02-10 22:29:00,Search Ads,Retargeting,0,3
64113,2025-02-11 07:52:00,Search Ads,-,0,4
64142,2025-02-10 01:46:00,Referral,Retargeting,1,1
64142,2025-02-10 03:19:00,Social Media,Winter Sale,0,2
64142,2025-02-10 03:58:00,Direct Traffic,-,0,3
64142,2025-02-10 09:00:00,Direct Traffic,-,1,4
64142,2025-02-10 14:14:00,Social Media,New Product Launch,1,5
64142,2025-02-10 18:07:00,Direct Traffic,-,0,6
64142,2025-02-11 02:42:00,Referral,Winter Sale,1,7
64142,2025-02-11 04:35:00,Direct Traffic,-,0,8
64147,2025-02-10 15:48:00,Direct Traffic,-,1,1
64153,2025-02-10 02:39:00,Referral,Brand Awareness,0,1
64153,2025-02-10 09:28:00,Direct Traffic,-,0,2
64153,2025-02-10 19:45:00,Social Media,New Product Launch,0,3
64153,2025-02-11 01:56:00,Social Media,-,0,4
64153,2025-02-11 19:48:00,Social Media,-,1,5
64157,2025-02-10 20:54:00,Social Media,New Product Launch,0,1
64157,2025-02-11 03:27:00,Referral,Discount Offer,0,2
64157,2025-02-11 06:17:00,Referral,Retargeting,1,3
64157,2025-02-11 10:14:00,Search Ads,Brand Awareness,0,4
64157,2025-02-11 11:31:00,Search Ads,New Product Launch,1,5
64157,2025-02-11 21:41:00,Email,Brand Awareness,0,6
64159,2025-02-10 21:35:00,Direct Traffic,-,0,1
64159,2025-02-11 09:39:00,Search Ads,Brand Awareness,0,2
64159,2025-02-11 21:34:00,Search Ads,-,0,3
64163,2025-02-10 03:06:00,Direct Traffic,-,0,1
64163,2025-02-10 06:56:00,Email,Retargeting,1,2
64163,2025-02-10 07:01:00,Direct Traffic,-,1,3
64163,2025-02-10 07:50:00,Referral,New Product Launch,1,4
64163,2025-02-10 10:41:00,Display Ads,Retargeting,1,5
64163,2025-02-10 18:40:00,Social Media,Winter Sale,1,6
64163,2025-02-11 05:30:00,Direct Traffic,-,1,7
64177,2025-02-10 17:02:00,Referral,Winter Sale,1,1
64177,2025-02-11 05:55:00,Email,New Product Launch,1,2
64177,2025-02-11 18:21:00,Search Ads,Retargeting,0,3
64204,2025-02-10 09:41:00,Social Media,Discount Offer,1,1
64204,2025-02-10 15:41:00,Social Media,Winter Sale,0,2
64228,2025-02-10 01:40:00,Direct Traffic,-,0,1
64228,2025-02-10 14:34:00,Email,Retargeting,1,2
64228,2025-02-11 22:24:00,Email,New Product Launch,1,3
64263,2025-02-10 00:35:00,Search Ads,Winter Sale,1,1
64263,2025-02-10 06:00:00,Search Ads,Winter Sale,0,2
64263,2025-02-10 10:15:00,Social Media,Brand Awareness,0,3
64263,2025-02-10 12:06:00,Direct Traffic,-,0,4
64263,2025-02-11 17:02:00,Display Ads,-,1,5
64294,2025-02-10 17:12:00,Referral,Discount Offer,0,1
64294,2025-02-11 16:31:00,Email,-,0,2
64325,2025-02-10 14:36:00,Social Media,New Product Launch,0,1
64436,2025-02-10 23:23:00,Display Ads,-,1,1
64436,2025-02-10 23:59:00,Direct Traffic,-,1,2
64436,2025-02-11 02:09:00,Social Media,Retargeting,1,3
64440,2025-02-10 01:43:00,Display Ads,Retargeting,0,1
64440,2025-02-11 12:31:00,Display Ads,Brand Awareness,0,2
64440,2025-02-11 18:58:00,Display Ads,Discount Offer,0,3
64488,2025-02-10 15:06:00,Search Ads,Retargeting,0,1
64521,2025-02-10 15:53:00,Referral,Retargeting,1,1
64521,2025-02-10 19:11:00,Search Ads,Retargeting,1,2
64521,2025-02-10 20:20:00,Direct Traffic,-,0,3
64521,2025-02-11 01:00:00,Display Ads,New Product Launch,0,4
64521,2025-02-11 04:48:00,Social Media,Winter Sale,0,5
64528,2025-02-10 00:17:00,Email,Winter Sale,0,1
64528,2025-02-10 17:25:00,Display Ads,New Product Launch,0,2
64528,2025-02-11 13:41:00,Social Media,New Product Launch,1,3
64541,2025-02-10 01:28:00,Social Media,-,0,1
64541,2025-02-10 02:26:00,Search Ads,Winter Sale,1,2
64541,2025-02-10 04:33:00,Social Media,Retargeting,0,3
64541,2025-02-10 15:34:00,Search Ads,New Product Launch,1,4
64541,2025-02-11 08:44:00,Display Ads,Discount Offer,1,5
64541,2025-02-11 11:21:00,Display Ads,Discount Offer,0,6
64553,2025-02-10 23:49:00,Search Ads,Brand Awareness,0,1
64665,2025-02-10 15:19:00,Email,Brand Awareness,0,1
64665,2025-02-10 19:06:00,Social Media,New Product Launch,0,2
64665,2025-02-10 22:07:00,Social Media,New Product Launch,0,3
64665,2025-02-11 07:16:00,Social Media,New Product Launch,1,4
64665,2025-02-11 22:06:00,Direct Traffic,-,1,5
64703,2025-02-10 00:09:00,Referral,Retargeting,1,1
64703,2025-02-10 02:19:00,Direct Traffic,-,0,2
64703,2025-02-10 03:54:00,Search Ads,Brand Awareness,1,3
64703,2025-02-11 00:21:00,Direct Traffic,-,0,4
64705,2025-02-10 23:27:00,Email,Brand Awareness,0,1
64705,2025-02-11 15:38:00,Social Media,New Product Launch,1,2
64712,2025-02-10 06:10:00,Social Media,Brand Awareness,1,1
64712,2025-02-11 18:53:00,Social Media,New Product Launch,1,2
64713,2025-02-10 01:50:00,Direct Traffic,-,0,1
64713,2025-02-10 22:02:00,Email,Discount Offer,1,2
64713,2025-02-11 10:09:00,Social Media,New Product Launch,0,3
64713,2025-02-11 15:38:00,Display Ads,Winter Sale,0,4
64742,2025-02-10 05:31:00,Referral,Brand Awareness,0,1
64742,2025-02-10 18:59:00,Search Ads,Retargeting,0,2
64742,2025-02-10 21:21:00,Referral,Retargeting,1,3
64742,2025-02-11 13:32:00,Social Media,Winter Sale,1,4
64747,2025-02-10 02:59:00,Direct Traffic,-,0,1
64747,2025-02-10 06:06:00,Social Media,-,0,2
64747,2025-02-10 07:34:00,Direct Traffic,-,0,3
64747,2025-02-11 01:30:00,Direct Traffic,-,0,4
64747,2025-02-11 04:22:00,Referral,Winter Sale,1,5
64747,2025-02-11 19:28:00,Search Ads,Discount Offer,1,6
64753,2025-02-10 01:46:00,Referral,Brand Awareness,0,1
64753,2025-02-11 11:24:00,Referral,-,0,2
64767,2025-02-10 05:27:00,Search Ads,Discount Offer,1,1
64767,2025-02-10 23:08:00,Social Media,Winter Sale,1,2
64767,2025-02-11 02:08:00,Direct Traffic,-,1,3
64767,2025-02-11 02:18:00,Display Ads,Brand Awareness,0,4
64767,2025-02-11 12:54:00,Direct Traffic,-,0,5
64767,2025-02-11 23:12:00,Social Media,-,1,6
64781,2025-02-10 21:47:00,Search Ads,Retargeting,1,1
64781,2025-02-11 03:29:00,Social Media,Retargeting,1,2
64781,2025-02-11 10:51:00,Referral,Brand Awareness,0,3
64781,2025-02-11 10:56:00,Email,-,0,4
64814,2025-02-10 00:02:00,Display Ads,Brand Awareness,0,1
64814,2025-02-10 23:34:00,Search Ads,Winter Sale,0,2
64814,2025-02-11 10:22:00,Display Ads,Brand Awareness,1,3
64847,2025-02-10 22:36:00,Social Media,Brand Awareness,1,1
64847,2025-02-10 22:46:00,Display Ads,Discount Offer,0,2
64847,2025-02-11 23:07:00,Email,New Product Launch,1,3
64867,2025-02-10 07:21:00,Search Ads,-,0,1
64867,2025-02-11 02:22:00,Email,New Product Launch,0,2
64867,2025-02-11 08:25:00,Direct Traffic,-,0,3
64867,2025-02-11 14:28:00,Email,Winter Sale,0,4
64867,2025-02-11 18:45:00,Social Media,-,0,5
64867,2025-02-11 21:48:00,Email,Brand Awareness,0,6
64870,2025-02-10 16:30:00,Email,Discount Offer,1,1
64870,2025-02-10 18:55:00,Search Ads,Winter Sale,0,2
64877,2025-02-10 00:29:00,Social Media,Discount Offer,1,1
64877,2025-02-11 15:09:00,Referral,Brand Awareness,1,2
64877,2025-02-11 18:26:00,Social Media,-,1,3
64901,2025-02-11 22:59:00,Direct Traffic,-,0,1
64907,2025-02-10 06:06:00,Display Ads,Retargeting,1,1
64907,2025-02-10 14:12:00,Email,Discount Offer,1,2
64907,2025-02-11 17:36:00,Direct Traffic,-,0,3
64955,2025-02-10 06:30:00,Referral,New Product Launch,0,1
64955,2025-02-10 21:33:00,Display Ads,Retargeting,1,2
64955,2025-02-10 22:05:00,Display Ads,Winter Sale,0,3
64956,2025-02-10 04:41:00,Referral,Brand Awareness,0,1
64956,2025-02-11 09:16:00,Social Media,New Product Launch,0,2
64956,2025-02-11 21:38:00,Search Ads,Brand Awareness,0,3
64972,2025-02-10 01:41:00,Referral,Retargeting,0,1
64972,2025-02-10 06:36:00,Social Media,Winter Sale,0,2
64972,2025-02-10 18:55:00,Email,-,0,3
64972,2025-02-10 20:06:00,Referral,New Product Launch,0,4
65026,2025-02-10 10:53:00,Search Ads,Winter Sale,1,1
65026,2025-02-10 17:25:00,Email,Winter Sale,0,2
65026,2025-02-11 00:12:00,Referral,New Product Launch,1,3
65026,2025-02-11 07:01:00,Social Media,Retargeting,0,4
65026,2025-02-11 09:14:00,Social Media,New Product Launch,1,5
65026,2025-02-11 11:07:00,Social Media,New Product Launch,0,6
65073,2025-02-10 17:15:00,Direct Traffic,-,0,1
65073,2025-02-11 11:50:00,Display Ads,Brand Awareness,1,2
65082,2025-02-10 02:20:00,Search Ads,Retargeting,1,1
65082,2025-02-10 02:28:00,Email,New Product Launch,0,2
65082,2025-02-10 07:35:00,Referral,-,1,3
65082,2025-02-10 17:15:00,Referral,Brand Awareness,1,4
65082,2025-02-11 05:01:00,Direct Traffic,-,0,5
65084,2025-02-10 04:45:00,Social Media,New Product Launch,1,1
65175,2025-02-10 07:02:00,Display Ads,Retargeting,1,1
65175,2025-02-10 17:34:00,Search Ads,Retargeting,1,2
65195,2025-02-11 21:39:00,Direct Traffic,-,0,1
65207,2025-02-10 06:22:00,Social Media,New Product Launch,0,1
65207,2025-02-11 00:32:00,Direct Traffic,-,0,2
65207,2025-02-11 05:57:00,Email,Winter Sale,1,3
65233,2025-02-10 01:26:00,Direct Traffic,-,0,1
65233,2025-02-10 06:13:00,Direct Traffic,-,1,2
65233,2025-02-11 00:41:00,Direct Traffic,-,1,3
65259,2025-02-10 16:37:00,Direct Traffic,-,1,1
65259,2025-02-11 07:13:00,Email,-,1,2
65283,2025-02-11 05:24:00,Direct Traffic,-,1,1
65383,2025-02-10 23:12:00,Social Media,Discount Offer,1,1
65383,2025-02-11 07:43:00,Referral,Brand Awareness,1,2
65453,2025-02-10 09:46:00,Email,Winter Sale,0,1
65453,2025-02-11 19:48:00,Social Media,Retargeting,1,2
65453,2025-02-11 19:50:00,Direct Traffic,-,1,3
65473,2025-02-10 07:14:00,Email,Retargeting,0,1
65473,2025-02-10 11:44:00,Referral,Winter Sale,0,2
65473,2025-02-10 16:05:00,Search Ads,New Product Launch,0,3
65473,2025-02-10 21:01:00,Email,Winter Sale,0,4
65473,2025-02-11 04:36:00,Display Ads,Retargeting,0,5
65473,2025-02-11 16:26:00,Display Ads,New Product Launch,1,6
65473,2025-02-11 19:32:00,Email,New Product Launch,0,7
65497,2025-02-10 09:30:00,Search Ads,Brand Awareness,1,1
65497,2025-02-11 01:32:00,Referral,New Product Launch,0,2
65497,2025-02-11 02:06:00,Email,Winter Sale,0,3
65497,2025-02-11 17:33:00,Direct Traffic,-,0,4
65497,2025-02-11 18:07:00,Direct Traffic,-,0,5
65514,2025-02-10 05:21:00,Display Ads,Discount Offer,0,1
65514,2025-02-10 06:43:00,Email,Discount Offer,0,2
65514,2025-02-11 06:55:00,Direct Traffic,-,0,3
65514,2025-02-11 08:31:00,Referral,-,0,4
65514,2025-02-11 15:58:00,Social Media,New Product Launch,0,5
65514,2025-02-11 21:35:00,Email,Brand Awareness,1,6
65575,2025-02-10 07:37:00,Direct Traffic,-,1,1
65575,2025-02-11 15:54:00,Display Ads,Retargeting,0,2
65626,2025-02-10 07:02:00,Social Media,Winter Sale,0,1
65626,2025-02-11 10:09:00,Display Ads,Brand Awareness,0,2
65626,2025-02-11 18:57:00,Social Media,Discount Offer,1,3
65708,2025-02-10 11:10:00,Social Media,Retargeting,0,1
65708,2025-02-10 16:50:00,Direct Traffic,-,0,2
65708,2025-02-11 09:46:00,Search Ads,Brand Awareness,0,3
65708,2025-02-11 18:46:00,Email,Retargeting,0,4
65726,2025-02-10 09:17:00,Search Ads,New Product Launch,0,1
65726,2025-02-11 04:12:00,Direct Traffic,-,0,2
65726,2025-02-11 12:05:00,Display Ads,New Product Launch,0,3
65726,2025-02-11 13:29:00,Display Ads,Winter Sale,0,4
65726,2025-02-11 15:12:00,Search Ads,Brand Awareness,0,5
65740,2025-02-10 00:46:00,Display Ads,-,1,1
65740,2025-02-10 06:07:00,Direct Traffic,-,0,2
65740,2025-02-11 09:25:00,Email,New Product Launch,1,3
65740,2025-02-11 09:25:00,Email,Brand Awareness,0,4
65743,2025-02-10 03:35:00,Social Media,Retargeting,0,1
65743,2025-02-11 06:51:00,Search Ads,Discount Offer,0,2
65812,2025-02-11 14:35:00,Display Ads,-,0,1
65812,2025-02-11 22:49:00,Social Media,Discount Offer,1,2
65820,2025-02-10 04:12:00,Display Ads,Brand Awareness,0,1
65820,2025-02-11 07:03:00,Search Ads,Brand Awareness,1,2
65820,2025-02-11 08:01:00,Direct Traffic,-,0,3
65832,2025-02-10 20:35:00,Search Ads,Winter Sale,1,1
65832,2025-02-11 17:17:00,Direct Traffic,-,1,2
65871,2025-02-11 02:24:00,Referral,Winter Sale,0,1
65871,2025-02-11 22:24:00,Search Ads,Retargeting,0,2
65881,2025-02-10 01:45:00,Display Ads,Retargeting,0,1
65881,2025-02-10 02:25:00,Display Ads,Retargeting,1,2
65881,2025-02-10 08:33:00,Direct Traffic,-,1,3
65881,2025-02-10 19:51:00,Display Ads,Discount Offer,0,4
65881,2025-02-11 01:36:00,Search Ads,Brand Awareness,1,5
65881,2025-02-11 08:52:00,Referral,-,1,6
65922,2025-02-10 12:39:00,Social Media,Retargeting,0,1
65922,2025-02-11 01:42:00,Search Ads,Brand Awareness,0,2
65922,2025-02-11 18:47:00,Display Ads,New Product Launch,0,3
65938,2025-02-10 20:56:00,Display Ads,Retargeting,0,1
65938,2025-02-11 06:09:00,Social Media,Discount Offer,0,2
65966,2025-02-10 20:56:00,Social Media,Winter Sale,1,1
65966,2025-02-10 22:21:00,Social Media,New Product Launch,1,2
65966,2025-02-11 06:05:00,Direct Traffic,-,0,3
65966,2025-02-11 08:24:00,Display Ads,Brand Awareness,1,4
66008,2025-02-10 04:10:00,Referral,Brand Awareness,1,1
66008,2025-02-10 05:01:00,Direct Traffic,-,1,2
66008,2025-02-10 18:32:00,Social Media,Winter Sale,0,3
66008,2025-02-10 23:28:00,Referral,Winter Sale,1,4
66008,2025-02-10 23:59:00,Email,Winter Sale,0,5
66042,2025-02-10 03:33:00,Direct Traffic,-,1,1
66042,2025-02-10 22:56:00,Referral,Winter Sale,1,2
66042,2025-02-10 23:13:00,Direct Traffic,-,0,3
66042,2025-02-11 06:19:00,Social Media,Brand Awareness,0,4
66060,2025-02-10 11:26:00,Email,-,0,1
66060,2025-02-10 12:13:00,Direct Traffic,-,0,2
66060,2025-02-10 23:14:00,Search Ads,Brand Awareness,1,3
66060,2025-02-11 20:16:00,Direct Traffic,-,1,4
66115,2025-02-11 03:26:00,Direct Traffic,-,0,1
66139,2025-02-11 05:26:00,Referral,Retargeting,1,1
66139,2025-02-11 14:51:00,Search Ads,New Product Launch,0,2
66238,2025-02-10 14:37:00,Referral,Discount Offer,0,1
66238,2025-02-10 19:07:00,Email,Winter Sale,0,2
66238,2025-02-10 20:12:00,Search Ads,Winter Sale,0,3
66286,2025-02-10 12:02:00,Referral,New Product Launch,1,1
66319,2025-02-10 05:09:00,Social Media,-,0,1
66319,2025-02-11 20:54:00,Social Media,Retargeting,1,2
66382,2025-02-10 06:27:00,Display Ads,Brand Awareness,1,1
66382,2025-02-10 11:37:00,Referral,New Product Launch,0,2
66382,2025-02-11 00:29:00,Social Media,New Product Launch,0,3
66382,2025-02-11 01:59:00,Search Ads,New Product Launch,1,4
66382,2025-02-11 12:06:00,Email,Discount Offer,1,5
66382,2025-02-11 12:12:00,Email,Retargeting,0,6
66382,2025-02-11 19:54:00,Email,Discount Offer,1,7
66408,2025-02-10 17:31:00,Display Ads,-,0,1
66408,2025-02-10 18:11:00,Direct Traffic,-,1,2
66408,2025-02-11 07:57:00,Search Ads,Brand Awareness,0,3
66408,2025-02-11 12:14:00,Display Ads,Discount Offer,1,4
66408,2025-02-11 14:19:00,Email,Winter Sale,0,5
66414,2025-02-10 09:35:00,Direct Traffic,-,1,1
66414,2025-02-11 07:41:00,Email,Winter Sale,1,2
66414,2025-02-11 14:22:00,Search Ads,Winter Sale,0,3
66454,2025-02-10 18:50:00,Referral,Brand Awareness,0,1
66454,2025-02-10 21:17:00,Direct Traffic,-,1,2
66454,2025-02-11 23:46:00,Social Media,New Product Launch,0,3
66625,2025-02-10 06:34:00,Referral,Winter Sale,0,1
66625,2025-02-10 13:52:00,Referral,-,0,2
66625,2025-02-11 04:30:00,Display Ads,New Product Launch,1,3
66625,2025-02-11 14:43:00,Display Ads,Discount Offer,0,4
66646,2025-02-11 01:27:00,Referral,Discount Offer,0,1
66646,2025-02-11 17:13:00,Search Ads,-,0,2
66646,2025-02-11 17:46:00,Direct Traffic,-,1,3
66646,2025-02-11 19:56:00,Email,New Product Launch,0,4
66664,2025-02-10 17:39:00,Email,Brand Awareness,0,1
66664,2025-02-11 03:13:00,Email,-,0,2
66664,2025-02-11 08:14:00,Social Media,Discount Offer,0,3
66748,2025-02-10 06:21:00,Direct Traffic,-,0,1
66748,2025-02-10 07:21:00,Direct Traffic,-,0,2
66748,2025-02-10 13:51:00,Direct Traffic,-,1,3
66748,2025-02-10 23:56:00,Display Ads,Brand Awareness,0,4
66748,2025-02-11 16:40:00,Direct Traffic,-,0,5
66758,2025-02-10 18:08:00,Display Ads,Retargeting,1,1
66758,2025-02-10 21:41:00,Display Ads,Retargeting,0,2
66758,2025-02-11 14:22:00,Social Media,New Product Launch,0,3
66758,2025-02-11 17:40:00,Referral,Brand Awareness,0,4
66785,2025-02-11 05:31:00,Search Ads,Discount Offer,1,1
66854,2025-02-10 20:23:00,Email,New Product Launch,1,1
66854,2025-02-11 14:43:00,Social Media,New Product Launch,0,2
66858,2025-02-10 19:02:00,Referral,Winter Sale,1,1
66863,2025-02-10 14:42:00,Display Ads,Brand Awareness,1,1
66863,2025-02-10 20:32:00,Email,-,0,2
66863,2025-02-11 10:56:00,Search Ads,Retargeting,1,3
66863,2025-02-11 11:33:00,Referral,New Product Launch,1,4
66863,2025-02-11 18:12:00,Referral,New Product Launch,1,5
66866,2025-02-10 01:12:00,Referral,Winter Sale,0,1
66866,2025-02-10 15:01:00,Search Ads,Retargeting,0,2
66881,2025-02-10 01:16:00,Social Media,Winter Sale,1,1
66881,2025-02-11 08:31:00,Referral,-,1,2
66881,2025-02-11 18:44:00,Direct Traffic,-,0,3
66962,2025-02-10 10:31:00,Referral,Retargeting,0,1
66962,2025-02-10 16:57:00,Display Ads,Winter Sale,0,2
66986,2025-02-10 15:46:00,Email,Discount Offer,0,1
66986,2025-02-10 21:30:00,Search Ads,Discount Offer,0,2
66986,2025-02-11 15:27:00,Email,Brand Awareness,1,3
66986,2025-02-11 22:47:00,Search Ads,Retargeting,1,4
66986,2025-02-11 23:21:00,Direct Traffic,-,0,5
66986,2025-02-11 23:55:00,Referral,-,1,6
67005,2025-02-11 01:52:00,Social Media,Brand Awareness,1,1
67005,2025-02-11 03:49:00,Social Media,Winter Sale,1,2
67005,2025-02-11 10:16:00,Email,Brand Awareness,1,3
67005,2025-02-11 15:46:00,Search Ads,Retargeting,1,4
67051,2025-02-10 23:47:00,Email,Winter Sale,1,1
67074,2025-02-10 07:14:00,Referral,New Product Launch,0,1
67074,2025-02-10 08:27:00,Email,Winter Sale,0,2
67074,2025-02-10 20:20:00,Direct Traffic,-,0,3
67074,2025-02-11 03:51:00,Search Ads,-,1,4
67155,2025-02-10 06:13:00,Direct Traffic,-,0,1
67155,2025-02-10 07:07:00,Referral,New Product Launch,0,2
67155,2025-02-11 23:40:00,Referral,Winter Sale,1,3
67175,2025-02-10 13:06:00,Referral,Brand Awareness,0,1
67175,2025-02-10 19:24:00,Display Ads,Winter Sale,1,2
67211,2025-02-10 14:53:00,Email,New Product Launch,1,1
67211,2025-02-10 20:03:00,Display Ads,-,1,2
67211,2025-02-11 05:41:00,Search Ads,New Product Launch,0,3
67211,2025-02-11 12:24:00,Social Media,Winter Sale,1,4
67211,2025-02-11 15:15:00,Social Media,New Product Launch,0,5
67211,2025-02-11 17:56:00,Referral,Discount Offer,1,6
67253,2025-02-10 05:59:00,Social Media,Winter Sale,0,1
67253,2025-02-10 08:21:00,Social Media,Retargeting,0,2
67253,2025-02-10 21:12:00,Direct Traffic,-,0,3
67253,2025-02-11 12:49:00,Display Ads,-,1,4
67274,2025-02-11 09:53:00,Email,Brand Awareness,1,1
67283,2025-02-10 05:45:00,Referral,New Product Launch,1,1
67283,2025-02-11 01:35:00,Social Media,New Product Launch,1,2
67283,2025-02-11 07:04:00,Email,-,1,3
67283,2025-02-11 22:40:00,Direct Traffic,-,0,4
67330,2025-02-10 21:11:00,Search Ads,Discount Offer,0,1
67398,2025-02-10 03:37:00,Display Ads,Retargeting,0,1
67398,2025-02-11 12:01:00,Display Ads,-,0,2
67398,2025-02-11 16:22:00,Direct Traffic,-,0,3
67419,2025-02-10 03:31:00,Display Ads,-,1,1
67419,2025-02-10 04:32:00,Email,Discount Offer,1,2
67419,2025-02-11 10:42:00,Direct Traffic,-,1,3
67419,2025-02-11 11:59:00,Direct Traffic,-,1,4
67419,2025-02-11 18:17:00,Social Media,Winter Sale,0,5
67454,2025-02-10 21:15:00,Search Ads,New Product Launch,1,1
67454,2025-02-11 13:58:00,Display Ads,New Product Launch,1,2
67454,2025-02-11 18:33:00,Direct Traffic,-,0,3
67455,2025-02-10 00:44:00,Search Ads,Discount Offer,1,1
67455,2025-02-10 03:13:00,Email,Brand Awareness,0,2
67455,2025-02-10 15:58:00,Search Ads,New Product Launch,0,3
67455,2025-02-10 20:54:00,Social Media,Brand Awareness,0,4
67466,2025-02-10 07:29:00,Display Ads,Brand Awareness,1,1
67466,2025-02-10 15:46:00,Email,Retargeting,0,2
67466,2025-02-11 01:20:00,Social Media,Retargeting,1,3
67466,2025-02-11 04:12:00,Email,New Product Launch,1,4
67466,2025-02-11 09:28:00,Search Ads,Discount Offer,0,5
67466,2025-02-11 11:22:00,Search Ads,Discount Offer,0,6
67525,2025-02-10 11:17:00,Email,-,0,1
67525,2025-02-10 13:39:00,Email,Retargeting,1,2
67525,2025-02-11 04:54:00,Social Media,Discount Offer,1,3
67525,2025-02-11 10:36:00,Direct Traffic,-,1,4
67525,2025-02-11 19:49:00,Social Media,Brand Awareness,1,5
67608,2025-02-10 15:31:00,Email,Brand Awareness,0,1
67658,2025-02-10 01:39:00,Direct Traffic,-,0,1
67658,2025-02-10 08:20:00,Email,Winter Sale,0,2
67658,2025-02-10 13:14:00,Search Ads,Brand Awareness,1,3
67658,2025-02-11 08:48:00,Display Ads,Retargeting,1,4
67722,2025-02-10 00:06:00,Social Media,New Product Launch,0,1
67722,2025-02-10 06:28:00,Social Media,Discount Offer,1,2
67722,2025-02-10 10:17:00,Referral,Retargeting,0,3
67722,2025-02-10 19:28:00,Display Ads,Brand Awareness,0,4
67722,2025-02-11 02:42:00,Referral,-,0,5
67722,2025-02-11 05:34:00,Display Ads,Retargeting,0,6
67722,2025-02-11 09:30:00,Display Ads,Discount Offer,1,7
67722,2025-02-11 20:59:00,Display Ads,New Product Launch,0,8
67765,2025-02-10 04:48:00,Social Media,Retargeting,0,1
67765,2025-02-11 05:57:00,Referral,-,1,2
67765,2025-02-11 15:20:00,Direct Traffic,-,1,3
67809,2025-02-10 00:48:00,Social Media,Retargeting,1,1
67809,2025-02-10 05:15:00,Referral,New Product Launch,0,2
67809,2025-02-10 11:45:00,Search Ads,New Product Launch,0,3
67809,2025-02-11 09:45:00,Referral,Retargeting,0,4
67809,2025-02-11 20:10:00,Referral,Discount Offer,1,5
67860,2025-02-10 05:10:00,Search Ads,Discount Offer,1,1
67860,2025-02-10 07:13:00,Display Ads,Discount Offer,0,2
67860,2025-02-10 10:19:00,Display Ads,Brand Awareness,1,3
67860,2025-02-11 03:34:00,Social Media,New Product Launch,0,4
67860,2025-02-11 11:02:00,Social Media,Discount Offer,0,5
67860,2025-02-11 12:28:00,Display Ads,Winter Sale,0,6
67860,2025-02-11 21:55:00,Referral,Winter Sale,0,7
67882,2025-02-10 00:10:00,Referral,Discount Offer,0,1
67882,2025-02-10 19:15:00,Search Ads,-,0,2
67882,2025-02-11 04:41:00,Referral,Discount Offer,1,3
67882,2025-02-11 21:52:00,Referral,Discount Offer,0,4
67893,2025-02-10 11:57:00,Search Ads,-,0,1
67893,2025-02-11 07:10:00,Display Ads,Discount Offer,0,2
67893,2025-02-11 11:28:00,Email,New Product Launch,1,3
67893,2025-02-11 22:17:00,Display Ads,Winter Sale,0,4
67893,2025-02-11 23:59:00,Search Ads,New Product Launch,1,5
67914,2025-02-10 14:24:00,Direct Traffic,-,1,1
67914,2025-02-10 19:40:00,Email,Discount Offer,0,2
67914,2025-02-11 08:33:00,Search Ads,-,0,3
67935,2025-02-10 02:49:00,Social Media,New Product Launch,0,1
67935,2025-02-10 12:52:00,Referral,Discount Offer,0,2
67935,2025-02-10 21:12:00,Social Media,Winter Sale,0,3
67935,2025-02-10 22:15:00,Display Ads,Winter Sale,1,4
68042,2025-02-11 07:39:00,Email,-,0,1
68042,2025-02-11 17:45:00,Email,-,0,2
68047,2025-02-10 20:01:00,Display Ads,Winter Sale,0,1
68071,2025-02-10 10:42:00,Email,-,1,1
68071,2025-02-10 23:38:00,Search Ads,Winter Sale,0,2
68071,2025-02-11 02:10:00,Display Ads,New Product Launch,0,3
68071,2025-02-11 09:15:00,Referral,New Product Launch,0,4
68071,2025-02-11 13:37:00,Referral,Winter Sale,1,5
68071,2025-02-11 17:07:00,Display Ads,Discount Offer,0,6
68071,2025-02-11 21:44:00,Display Ads,-,0,7
68119,2025-02-10 20:41:00,Direct Traffic,-,1,1
68180,2025-02-10 03:07:00,Search Ads,Discount Offer,1,1
68180,2025-02-11 02:05:00,Email,New Product Launch,0,2
68180,2025-02-11 02:31:00,Email,-,0,3
68180,2025-02-11 09:44:00,Referral,Winter Sale,1,4
68180,2025-02-11 10:38:00,Direct Traffic,-,1,5
68180,2025-02-11 12:31:00,Social Media,Winter Sale,0,6
68180,2025-02-11 23:27:00,Search Ads,-,1,7
68285,2025-02-11 20:16:00,Email,Brand Awareness,0,1
68285,2025-02-11 20:28:00,Search Ads,Winter Sale,1,2
68343,2025-02-10 19:01:00,Social Media,New Product Launch,1,1
68343,2025-02-11 21:53:00,Referral,Retargeting,0,2
68367,2025-02-10 15:43:00,Direct Traffic,-,0,1
68367,2025-02-11 04:10:00,Email,New Product Launch,1,2
68367,2025-02-11 13:39:00,Direct Traffic,-,0,3
68367,2025-02-11 19:35:00,Social Media,New Product Launch,1,4
68381,2025-02-10 18:09:00,Direct Traffic,-,1,1
68381,2025-02-11 15:39:00,Referral,Retargeting,1,2
68384,2025-02-11 15:51:00,Email,-,0,1
68571,2025-02-10 04:34:00,Display Ads,New Product Launch,0,1
68585,2025-02-10 16:16:00,Email,-,0,1
68585,2025-02-10 20:52:00,Display Ads,Discount Offer,1,2
68585,2025-02-11 21:30:00,Referral,-,0,3
68585,2025-02-11 23:39:00,Search Ads,Winter Sale,0,4
68610,2025-02-10 13:21:00,Search Ads,Brand Awareness,1,1
68610,2025-02-11 14:55:00,Email,Discount Offer,0,2
68615,2025-02-10 04:20:00,Direct Traffic,-,0,1
68615,2025-02-10 04:29:00,Email,Retargeting,1,2
68615,2025-02-10 16:58:00,Social Media,New Product Launch,1,3
68615,2025-02-11 07:27:00,Referral,Brand Awareness,0,4
68626,2025-02-10 05:40:00,Direct Traffic,-,0,1
68632,2025-02-10 04:09:00,Referral,-,1,1
68632,2025-02-10 12:35:00,Referral,Brand Awareness,1,2
68632,2025-02-10 15:27:00,Direct Traffic,-,0,3
68632,2025-02-10 22:51:00,Search Ads,-,0,4
68632,2025-02-11 14:05:00,Social Media,Winter Sale,1,5
68632,2025-02-11 20:00:00,Referral,Brand Awareness,0,6
68641,2025-02-10 20:01:00,Display Ads,New Product Launch,1,1
68641,2025-02-11 19:13:00,Direct Traffic,-,0,2
68649,2025-02-10 05:23:00,Display Ads,New Product Launch,0,1
68649,2025-02-10 05:24:00,Display Ads,Retargeting,1,2
68649,2025-02-10 11:20:00,Email,-,1,3
68649,2025-02-10 23:42:00,Direct Traffic,-,1,4
68649,2025-02-11 13:37:00,Direct Traffic,-,0,5
68649,2025-02-11 15:54:00,Display Ads,-,0,6
68657,2025-02-10 01:59:00,Display Ads,Winter Sale,0,1
68657,2025-02-10 03:05:00,Direct Traffic,-,1,2
68657,2025-02-10 08:50:00,Referral,-,1,3
68681,2025-02-11 00:51:00,Display Ads,Discount Offer,1,1
68681,2025-02-11 05:03:00,Social Media,-,1,2
68681,2025-02-11 06:55:00,Social Media,Retargeting,1,3
68681,2025-02-11 18:53:00,Social Media,Winter Sale,1,4
68681,2025-02-11 20:49:00,Email,Brand Awareness,1,5
68700,2025-02-10 01:06:00,Direct Traffic,-,1,1
68700,2025-02-11 09:40:00,Social Media,-,1,2
68700,2025-02-11 19:09:00,Email,Brand Awareness,1,3
68700,2025-02-11 19:33:00,Search Ads,Winter Sale,0,4
68708,2025-02-10 09:07:00,Search Ads,Retargeting,0,1
68708,2025-02-11 13:17:00,Referral,Winter Sale,0,2
68721,2025-02-11 07:55:00,Display Ads,-,1,1
68721,2025-02-11 15:37:00,Referral,Retargeting,0,2
68751,2025-02-10 23:15:00,Direct Traffic,-,1,1
68751,2025-02-11 04:24:00,Display Ads,Discount Offer,0,2
68751,2025-02-11 11:57:00,Referral,Brand Awareness,0,3
68751,2025-02-11 17:18:00,Direct Traffic,-,0,4
68762,2025-02-10 14:54:00,Search Ads,New Product Launch,0,1
68762,2025-02-11 04:47:00,Display Ads,-,0,2
68762,2025-02-11 10:10:00,Display Ads,Winter Sale,1,3
68762,2025-02-11 12:17:00,Direct Traffic,-,1,4
68774,2025-02-11 03:22:00,Display Ads,New Product Launch,1,1
68787,2025-02-10 04:58:00,Direct Traffic,-,0,1
68787,2025-02-11 00:33:00,Email,New Product Launch,0,2
68838,2025-02-10 20:10:00,Email,-,0,1
68838,2025-02-11 00:29:00,Referral,Retargeting,1,2
68838,2025-02-11 05:59:00,Search Ads,Brand Awareness,0,3
68838,2025-02-11 20:29:00,Email,Brand Awareness,0,4
68838,2025-02-11 21:30:00,Direct Traffic,-,1,5
68841,2025-02-11 16:29:00,Social Media,New Product Launch,0,1
68849,2025-02-10 05:51:00,Display Ads,Retargeting,0,1
68849,2025-02-10 06:31:00,Referral,New Product Launch,1,2
68849,2025-02-10 22:09:00,Referral,Retargeting,1,3
68849,2025-02-11 01:56:00,Social Media,-,0,4
68849,2025-02-11 12:10:00,Direct Traffic,-,1,5
68891,2025-02-10 08:13:00,Social Media,New Product Launch,0,1
68891,2025-02-10 11:13:00,Referral,Brand Awareness,1,2
68891,2025-02-11 08:57:00,Display Ads,Retargeting,0,3
68891,2025-02-11 10:23:00,Social Media,New Product Launch,0,4
68891,2025-02-11 16:44:00,Referral,-,0,5
68891,2025-02-11 17:30:00,Social Media,Brand Awareness,1,6
68900,2025-02-10 06:42:00,Email,Brand Awareness,1,1
68900,2025-02-10 12:29:00,Email,Retargeting,1,2
68900,2025-02-11 08:54:00,Display Ads,Winter Sale,0,3
68900,2025-02-11 09:33:00,Referral,New Product Launch,1,4
68998,2025-02-10 03:09:00,Social Media,Winter Sale,0,1
68998,2025-02-10 21:21:00,Display Ads,-,0,2
69010,2025-02-10 11:13:00,Referral,Winter Sale,1,1
69010,2025-02-11 06:32:00,Email,New Product Launch,0,2
69039,2025-02-10 21:48:00,Search Ads,Winter Sale,0,1
69090,2025-02-10 00:04:00,Social Media,Retargeting,1,1
69090,2025-02-10 15:35:00,Direct Traffic,-,1,2
69090,2025-02-11 14:18:00,Direct Traffic,-,1,3
69137,2025-02-11 20:18:00,Social Media,Discount Offer,1,1
69144,2025-02-11 17:14:00,Referral,Discount Offer,1,1
69144,2025-02-11 19:45:00,Email,-,1,2
69153,2025-02-10 00:45:00,Direct Traffic,-,0,1
69153,2025-02-10 10:24:00,Email,New Product Launch,0,2
69153,2025-02-10 21:48:00,Email,Retargeting,0,3
69192,2025-02-10 07:41:00,Referral,-,1,1
69192,2025-02-11 07:01:00,Social Media,Retargeting,1,2
69192,2025-02-11 14:28:00,Search Ads,Discount Offer,0,3
69194,2025-02-10 08:59:00,Referral,New Product Launch,1,1
69194,2025-02-10 16:45:00,Referral,-,0,2
69194,2025-02-10 23:47:00,Direct Traffic,-,0,3
69194,2025-02-11 20:56:00,Email,-,0,4
69202,2025-02-10 21:13:00,Social Media,New Product Launch,1,1
69202,2025-02-11 13:16:00,Display Ads,New Product Launch,1,2
69217,2025-02-10 01:09:00,Referral,Winter Sale,1,1
69217,2025-02-11 14:52:00,Email,Discount Offer,0,2
69217,2025-02-11 18:01:00,Search Ads,Brand Awareness,0,3
69248,2025-02-10 03:02:00,Referral,New Product Launch,1,1
69248,2025-02-10 08:08:00,Social Media,New Product Launch,0,2
69282,2025-02-10 01:50:00,Email,Winter Sale,1,1
69282,2025-02-10 08:56:00,Email,New Product Launch,0,2
69282,2025-02-10 10:26:00,Search Ads,Brand Awareness,1,3
69301,2025-02-10 10:28:00,Display Ads,-,1,1
69301,2025-02-10 15:40:00,Display Ads,Discount Offer,1,2
69301,2025-02-11 04:13:00,Referral,-,1,3
69301,2025-02-11 14:16:00,Email,-,0,4
69301,2025-02-11 18:35:00,Social Media,Discount Offer,0,5
69316,2025-02-10 06:41:00,Display Ads,-,1,1
69316,2025-02-10 12:48:00,Referral,-,1,2
69316,2025-02-10 22:13:00,Referral,Brand Awareness,0,3
69316,2025-02-11 06:14:00,Direct Traffic,-,1,4
69316,2025-02-11 15:15:00,Direct Traffic,-,0,5
69351,2025-02-10 04:43:00,Direct Traffic,-,1,1
69351,2025-02-11 06:03:00,Social Media,Winter Sale,1,2
69351,2025-02-11 06:35:00,Social Media,-,1,3
69351,2025-02-11 22:14:00,Display Ads,Winter Sale,1,4
69415,2025-02-11 00:44:00,Referral,Discount Offer,1,1
69415,2025-02-11 12:36:00,Email,Discount Offer,1,2
69421,2025-02-10 01:37:00,Direct Traffic,-,0,1
69421,2025-02-10 21:18:00,Social Media,New Product Launch,0,2
69421,2025-02-11 10:10:00,Search Ads,New Product Launch,0,3
69421,2025-02-11 13:01:00,Email,Brand Awareness,1,4
69433,2025-02-10 00:39:00,Social Media,New Product Launch,0,1
69433,2025-02-10 22:25:00,Referral,Retargeting,1,2
69460,2025-02-10 09:06:00,Email,Retargeting,0,1
69460,2025-02-10 16:55:00,Search Ads,Winter Sale,0,2
69460,2025-02-11 01:06:00,Email,New Product Launch,0,3
69460,2025-02-11 08:40:00,Email,Discount Offer,1,4
69460,2025-02-11 13:43:00,Direct Traffic,-,0,5
69460,2025-02-11 13:47:00,Direct Traffic,-,1,6
69478,2025-02-10 19:31:00,Email,Brand Awareness,0,1
69561,2025-02-10 04:43:00,Search Ads,Discount Offer,1,1
69561,2025-02-11 22:41:00,Referral,New Product Launch,0,2
69579,2025-02-10 15:42:00,Referral,Brand Awareness,0,1
69579,2025-02-10 22:47:00,Email,Brand Awareness,1,2
69579,2025-02-11 17:55:00,Search Ads,-,0,3
69579,2025-02-11 21:49:00,Direct Traffic,-,1,4
69602,2025-02-10 20:16:00,Email,Retargeting,1,1
69602,2025-02-10 20:33:00,Referral,Retargeting,0,2
69602,2025-02-11 02:19:00,Referral,Discount Offer,0,3
69602,2025-02-11 06:28:00,Email,Brand Awareness,0,4
69619,2025-02-10 10:52:00,Referral,Discount Offer,1,1
69619,2025-02-11 16:09:00,Direct Traffic,-,1,2
69729,2025-02-10 16:35:00,Display Ads,-,1,1
69729,2025-02-10 18:23:00,Direct Traffic,-,0,2
69729,2025-02-11 10:32:00,Referral,Discount Offer,0,3
69729,2025-02-11 13:08:00,Social Media,-,0,4
69737,2025-02-10 00:18:00,Display Ads,-,0,1
69737,2025-02-10 14:30:00,Referral,New Product Launch,1,2
69737,2025-02-10 20:17:00,Social Media,Discount Offer,1,3
69737,2025-02-11 00:32:00,Search Ads,Discount Offer,1,4
69737,2025-02-11 02:14:00,Referral,New Product Launch,0,5
69737,2025-02-11 12:55:00,Direct Traffic,-,0,6
69737,2025-02-11 14:34:00,Direct Traffic,-,1,7
69737,2025-02-11 19:13:00,Referral,Retargeting,0,8
69737,2025-02-11 23:43:00,Referral,Brand Awareness,1,9
69761,2025-02-10 07:40:00,Search Ads,New Product Launch,0,1
69761,2025-02-10 18:55:00,Referral,Winter Sale,1,2
69761,2025-02-11 02:51:00,Direct Traffic,-,0,3
69761,2025-02-11 06:47:00,Social Media,Winter Sale,0,4
69761,2025-02-11 19:56:00,Email,-,0,5
69761,2025-02-11 20:22:00,Social Media,Retargeting,1,6
69775,2025-02-10 06:41:00,Social Media,New Product Launch,1,1
69775,2025-02-10 10:53:00,Email,New Product Launch,1,2
69775,2025-02-10 13:00:00,Direct Traffic,-,1,3
69775,2025-02-11 22:32:00,Email,Brand Awareness,1,4
69779,2025-02-11 15:15:00,Search Ads,Discount Offer,1,1
69781,2025-02-10 04:52:00,Display Ads,Winter Sale,1,1
69781,2025-02-10 07:23:00,Search Ads,-,0,2
69781,2025-02-10 15:06:00,Social Media,Discount Offer,0,3
69781,2025-02-11 01:00:00,Social Media,New Product Launch,0,4
69827,2025-02-11 15:31:00,Email,Winter Sale,1,1
69838,2025-02-10 07:21:00,Referral,Brand Awareness,1,1
69838,2025-02-11 08:58:00,Social Media,Discount Offer,0,2
69847,2025-02-10 02:33:00,Direct Traffic,-,1,1
69847,2025-02-10 13:08:00,Social Media,Retargeting,0,2
69847,2025-02-11 06:22:00,Direct Traffic,-,0,3
69904,2025-02-10 02:01:00,Direct Traffic,-,0,1
69904,2025-02-10 06:18:00,Email,New Product Launch,0,2
69904,2025-02-10 10:47:00,Email,Brand Awareness,0,3
69904,2025-02-11 00:56:00,Referral,Winter Sale,1,4
69904,2025-02-11 07:21:00,Display Ads,-,0,5
69904,2025-02-11 07:40:00,Search Ads,Winter Sale,1,6
69904,2025-02-11 16:04:00,Search Ads,-,1,7
69942,2025-02-10 01:06:00,Display Ads,Winter Sale,1,1
69942,2025-02-10 17:28:00,Direct Traffic,-,1,2
69942,2025-02-11 01:04:00,Referral,New Product Launch,0,3
69942,2025-02-11 06:52:00,Social Media,New Product Launch,1,4
69942,2025-02-11 14:54:00,Direct Traffic,-,1,5
70016,2025-02-11 07:17:00,Search Ads,Winter Sale,1,1
70016,2025-02-11 14:41:00,Direct Traffic,-,1,2
70093,2025-02-10 02:24:00,Display Ads,Brand Awareness,1,1
70093,2025-02-10 05:03:00,Display Ads,Winter Sale,1,2
70093,2025-02-10 13:54:00,Social Media,New Product Launch,0,3
70093,2025-02-11 04:35:00,Email,Winter Sale,0,4
70094,2025-02-10 08:52:00,Display Ads,Retargeting,1,1
70094,2025-02-10 20:34:00,Search Ads,Brand Awareness,0,2
70094,2025-02-11 05:41:00,Social Media,Winter Sale,0,3
70222,2025-02-10 03:05:00,Display Ads,Retargeting,0,1
70222,2025-02-10 20:23:00,Referral,Retargeting,0,2
70222,2025-02-11 08:22:00,Search Ads,Retargeting,1,3
70222,2025-02-11 18:26:00,Referral,-,0,4
70222,2025-02-11 18:48:00,Search Ads,Brand Awareness,0,5
70237,2025-02-10 04:31:00,Display Ads,Retargeting,1,1
70237,2025-02-10 17:14:00,Search Ads,New Product Launch,0,2
70237,2025-02-10 20:07:00,Referral,New Product Launch,0,3
70237,2025-02-11 13:56:00,Direct Traffic,-,0,4
70237,2025-02-11 15:36:00,Search Ads,Brand Awareness,1,5
70272,2025-02-11 00:06:00,Email,Brand Awareness,0,1
70272,2025-02-11 21:09:00,Referral,Discount Offer,0,2
70378,2025-02-10 02:11:00,Email,Winter Sale,0,1
70378,2025-02-10 06:19:00,Email,Discount Offer,1,2
70378,2025-02-10 06:56:00,Display Ads,New Product Launch,0,3
70378,2025-02-11 01:30:00,Search Ads,Winter Sale,0,4
70378,2025-02-11 09:49:00,Referral,Winter Sale,1,5
70378,2025-02-11 13:54:00,Referral,Discount Offer,1,6
70378,2025-02-11 14:11:00,Email,-,0,7
70378,2025-02-11 18:28:00,Referral,Discount Offer,0,8
70442,2025-02-10 03:23:00,Email,Retargeting,0,1
70442,2025-02-10 05:39:00,Social Media,Retargeting,0,2
70492,2025-02-10 12:15:00,Display Ads,-,0,1
70492,2025-02-10 12:24:00,Email,Brand Awareness,1,2
70492,2025-02-10 19:43:00,Display Ads,-,0,3
70492,2025-02-11 01:24:00,Email,Discount Offer,0,4
70492,2025-02-11 18:21:00,Referral,Winter Sale,1,5
70492,2025-02-11 22:40:00,Search Ads,-,0,6
70502,2025-02-10 04:55:00,Search Ads,New Product Launch,0,1
70502,2025-02-10 07:48:00,Social Media,-,1,2
70502,2025-02-10 10:43:00,Direct Traffic,-,1,3
70502,2025-02-10 17:07:00,Email,New Product Launch,0,4
70502,2025-02-10 21:23:00,Email,Discount Offer,1,5
70576,2025-02-10 05:14:00,Display Ads,Winter Sale,1,1
70576,2025-02-10 14:17:00,Search Ads,Retargeting,0,2
70576,2025-02-11 03:43:00,Direct Traffic,-,0,3
70576,2025-02-11 12:12:00,Search Ads,Retargeting,0,4
70604,2025-02-10 04:19:00,Email,Brand Awareness,1,1
70604,2025-02-10 16:56:00,Direct Traffic,-,1,2
70604,2025-02-11 03:08:00,Display Ads,-,1,3
70632,2025-02-10 00:29:00,Direct Traffic,-,0,1
70659,2025-02-10 02:22:00,Display Ads,Brand Awareness,0,1
70659,2025-02-10 12:17:00,Display Ads,Retargeting,0,2
70659,2025-02-10 22:24:00,Email,Discount Offer,0,3
70659,2025-02-11 23:26:00,Referral,Brand Awareness,0,4
70697,2025-02-10 16:55:00,Search Ads,New Product Launch,0,1
70697,2025-02-11 04:22:00,Social Media,New Product Launch,1,2
70697,2025-02-11 20:30:00,Display Ads,Discount Offer,1,3
70698,2025-02-10 13:18:00,Email,-,0,1
70698,2025-02-11 13:38:00,Email,-,0,2
70719,2025-02-10 04:39:00,Social Media,-,1,1
70773,2025-02-10 09:12:00,Search Ads,New Product Launch,0,1
70773,2025-02-11 01:22:00,Direct Traffic,-,1,2
70834,2025-02-10 21:03:00,Search Ads,New Product Launch,0,1
70850,2025-02-10 03:16:00,Social Media,Discount Offer,1,1
70850,2025-02-11 18:55:00,Display Ads,-,0,2
70850,2025-02-11 23:21:00,Direct Traffic,-,0,3
70948,2025-02-11 17:16:00,Display Ads,Discount Offer,0,1
70949,2025-02-10 15:46:00,Display Ads,New Product Launch,1,1
70949,2025-02-10 20:45:00,Direct Traffic,-,1,2
70949,2025-02-11 01:11:00,Direct Traffic,-,1,3
70949,2025-02-11 04:56:00,Direct Traffic,-,0,4
70949,2025-02-11 12:37:00,Direct Traffic,-,1,5
70949,2025-02-11 12:51:00,Referral,-,1,6
70949,2025-02-11 22:43:00,Social Media,New Product Launch,1,7
71026,2025-02-10 08:19:00,Direct Traffic,-,1,1
71026,2025-02-10 15:16:00,Referral,-,0,2
71026,2025-02-11 11:27:00,Email,Retargeting,0,3
71026,2025-02-11 23:01:00,Email,Winter Sale,1,4
71027,2025-02-11 06:13:00,Display Ads,New Product Launch,0,1
71036,2025-02-10 03:54:00,Search Ads,Discount Offer,0,1
71036,2025-02-10 06:49:00,Direct Traffic,-,1,2
71036,2025-02-10 15:14:00,Social Media,-,0,3
71036,2025-02-11 12:06:00,Search Ads,New Product Launch,0,4
71036,2025-02-11 12:53:00,Email,Retargeting,1,5
71036,2025-02-11 17:28:00,Social Media,Retargeting,0,6
71078,2025-02-10 08:03:00,Email,Retargeting,1,1
71078,2025-02-10 17:59:00,Social Media,Discount Offer,0,2
71078,2025-02-11 15:11:00,Social Media,Brand Awareness,1,3
71094,2025-02-10 21:37:00,Direct Traffic,-,0,1
71094,2025-02-10 21:48:00,Display Ads,Winter Sale,1,2
71094,2025-02-11 17:25:00,Direct Traffic,-,1,3
71094,2025-02-11 19:39:00,Social Media,Brand Awareness,1,4
71094,2025-02-11 21:59:00,Search Ads,Brand Awareness,0,5
71235,2025-02-10 01:29:00,Email,Discount Offer,0,1
71235,2025-02-11 04:31:00,Referral,Brand Awareness,0,2
71235,2025-02-11 06:36:00,Email,Brand Awareness,1,3
71235,2025-02-11 09:18:00,Email,-,0,4
71259,2025-02-11 02:42:00,Direct Traffic,-,1,1
71259,2025-02-11 03:49:00,Search Ads,Brand Awareness,1,2
71292,2025-02-10 03:58:00,Display Ads,Discount Offer,1,1
71292,2025-02-10 18:50:00,Search Ads,-,1,2
71292,2025-02-11 05:54:00,Referral,New Product Launch,1,3
71292,2025-02-11 12:12:00,Social Media,New Product Launch,0,4
71292,2025-02-11 21:56:00,Social Media,Brand Awareness,1,5
71306,2025-02-10 09:12:00,Search Ads,-,0,1
71306,2025-02-10 17:08:00,Email,-,0,2
71306,2025-02-11 06:00:00,Social Media,Retargeting,1,3
71306,2025-02-11 10:31:00,Social Media,Winter Sale,0,4
71306,2025-02-11 13:12:00,Referral,Retargeting,1,5
71306,2025-02-11 20:49:00,Email,New Product Launch,0,6
71410,2025-02-10 06:04:00,Direct Traffic,-,0,1
71410,2025-02-10 16:08:00,Direct Traffic,-,1,2
71410,2025-02-10 17:22:00,Email,Discount Offer,1,3
71410,2025-02-11 05:52:00,Email,Retargeting,1,4
71410,2025-02-11 10:14:00,Direct Traffic,-,0,5
71410,2025-02-11 13:20:00,Email,New Product Launch,1,6
71460,2025-02-10 07:16:00,Search Ads,-,0,1
71460,2025-02-10 13:21:00,Search Ads,New Product Launch,0,2
71460,2025-02-11 15:42:00,Search Ads,Winter Sale,0,3
71460,2025-02-11 17:17:00,Direct Traffic,-,1,4
71460,2025-02-11 20:01:00,Direct Traffic,-,1,5
71469,2025-02-10 23:34:00,Email,-,1,1
71469,2025-02-10 23:52:00,Email,Winter Sale,1,2
71469,2025-02-11 11:16:00,Display Ads,Discount Offer,1,3
71469,2025-02-11 20:25:00,Search Ads,-,0,4
71469,2025-02-11 23:16:00,Direct Traffic,-,0,5
71478,2025-02-10 05:29:00,Social Media,-,1,1
71478,2025-02-11 00:47:00,Direct Traffic,-,0,2
71478,2025-02-11 05:55:00,Social Media,New Product Launch,0,3
71478,2025-02-11 09:04:00,Display Ads,Discount Offer,1,4
71478,2025-02-11 09:25:00,Referral,Discount Offer,1,5
71497,2025-02-10 16:18:00,Direct Traffic,-,0,1
71497,2025-02-10 23:07:00,Referral,Brand Awareness,0,2
71565,2025-02-10 18:43:00,Search Ads,Winter Sale,0,1
71565,2025-02-11 17:24:00,Email,Retargeting,1,2
71570,2025-02-10 13:32:00,Search Ads,New Product Launch,0,1
71570,2025-02-10 14:12:00,Social Media,Discount Offer,0,2
71570,2025-02-10 15:20:00,Referral,-,0,3
71570,2025-02-10 20:30:00,Referral,Brand Awareness,0,4
71570,2025-02-11 02:48:00,Referral,Retargeting,1,5
71570,2025-02-11 03:12:00,Social Media,New Product Launch,0,6
71570,2025-02-11 14:44:00,Email,Discount Offer,0,7
71655,2025-02-10 19:30:00,Display Ads,Winter Sale,1,1
71655,2025-02-11 04:38:00,Social Media,-,1,2
71655,2025-02-11 06:59:00,Referral,New Product Launch,0,3
71753,2025-02-10 06:19:00,Social Media,Retargeting,0,1
71753,2025-02-10 23:23:00,Email,Winter Sale,0,2
71753,2025-02-11 18:57:00,Search Ads,Winter Sale,0,3
71797,2025-02-11 00:07:00,Email,-,0,1
71797,2025-02-11 15:06:00,Email,Discount Offer,1,2
71797,2025-02-11 15:31:00,Direct Traffic,-,1,3
71827,2025-02-10 07:44:00,Direct Traffic,-,0,1
71827,2025-02-11 00:19:00,Social Media,Winter Sale,0,2
71827,2025-02-11 05:37:00,Social Media,New Product Launch,1,3
71827,2025-02-11 10:57:00,Referral,New Product Launch,1,4
71839,2025-02-10 21:58:00,Email,New Product Launch,1,1
71839,2025-02-11 21:15:00,Display Ads,Winter Sale,0,2
71893,2025-02-11 04:37:00,Direct Traffic,-,1,1
71911,2025-02-10 08:26:00,Display Ads,Winter Sale,0,1
71911,2025-02-10 09:46:00,Direct Traffic,-,0,2
71911,2025-02-10 22:04:00,Social Media,Brand Awareness,0,3
71911,2025-02-11 01:33:00,Referral,Retargeting,1,4
71911,2025-02-11 05:38:00,Search Ads,Winter Sale,0,5
71911,2025-02-11 20:18:00,Email,Discount Offer,1,6
71927,2025-02-10 02:05:00,Display Ads,-,1,1
71927,2025-02-10 03:06:00,Direct Traffic,-,0,2
71932,2025-02-10 06:03:00,Social Media,-,1,1
71932,2025-02-10 09:25:00,Direct Traffic,-,0,2
71932,2025-02-10 13:18:00,Referral,New Product Launch,1,3
71932,2025-02-11 07:15:00,Social Media,Brand Awareness,1,4
71938,2025-02-10 17:05:00,Direct Traffic,-,0,1
71941,2025-02-10 12:06:00,Display Ads,Retargeting,1,1
71941,2025-02-11 05:39:00,Email,New Product Launch,1,2
71979,2025-02-10 05:17:00,Search Ads,Brand Awareness,0,1
71979,2025-02-11 04:01:00,Search Ads,Retargeting,1,2
71979,2025-02-11 08:01:00,Social Media,Winter Sale,0,3
71979,2025-02-11 08:24:00,Social Media,Brand Awareness,0,4
71979,2025-02-11 08:36:00,Referral,Winter Sale,0,5
71979,2025-02-11 12:42:00,Search Ads,Brand Awareness,0,6
71979,2025-02-11 17:13:00,Email,New Product Launch,0,7
71979,2025-02-11 21:59:00,Direct Traffic,-,0,8
71985,2025-02-10 04:08:00,Email,New Product Launch,1,1
72009,2025-02-10 02:40:00,Social Media,New Product Launch,1,1
72009,2025-02-11 19:37:00,Referral,Brand Awareness,1,2
72028,2025-02-10 04:57:00,Email,Retargeting,1,1
72028,2025-02-10 06:52:00,Social Media,Brand Awareness,1,2
72028,2025-02-10 12:10:00,Referral,Winter Sale,1,3
72028,2025-02-10 19:44:00,Social Media,-,1,4
72040,2025-02-11 04:07:00,Search Ads,Winter Sale,1,1
72040,2025-02-11 07:19:00,Social Media,Brand Awareness,0,2
72040,2025-02-11 12:33:00,Social Media,Discount Offer,0,3
72040,2025-02-11 18:56:00,Search Ads,Brand Awareness,0,4
72045,2025-02-10 02:09:00,Email,Discount Offer,1,1
72045,2025-02-10 05:39:00,Referral,New Product Launch,0,2
72045,2025-02-10 16:20:00,Social Media,Brand Awareness,1,3
72045,2025-02-11 12:36:00,Email,Discount Offer,0,4
72045,2025-02-11 18:39:00,Referral,Retargeting,0,5
72045,2025-02-11 21:29:00,Social Media,Discount Offer,1,6
72045,2025-02-11 22:03:00,Social Media,New Product Launch,1,7
72077,2025-02-10 03:19:00,Direct Traffic,-,0,1
72077,2025-02-10 06:14:00,Search Ads,New Product Launch,1,2
72077,2025-02-10 17:43:00,Email,-,0,3
72077,2025-02-11 16:19:00,Direct Traffic,-,1,4
72077,2025-02-11 18:45:00,Direct Traffic,-,1,5
72095,2025-02-10 14:14:00,Direct Traffic,-,1,1
72095,2025-02-10 23:56:00,Search Ads,Brand Awareness,0,2
72095,2025-02-11 03:45:00,Social Media,Winter Sale,0,3
72095,2025-02-11 08:18:00,Referral,Retargeting,1,4
72118,2025-02-10 07:46:00,Email,Retargeting,0,1
72118,2025-02-10 22:28:00,Search Ads,New Product Launch,0,2
72118,2025-02-11 04:17:00,Search Ads,Discount Offer,0,3
72118,2025-02-11 07:03:00,Social Media,-,1,4
72118,2025-02-11 14:46:00,Email,Discount Offer,0,5
72118,2025-02-11 19:04:00,Search Ads,Retargeting,1,6
72118,2025-02-11 20:20:00,Search Ads,Brand Awareness,1,7
72118,2025-02-11 22:12:00,Email,-,1,8
72122,2025-02-10 07:29:00,Social Media,Winter Sale,1,1
72122,2025-02-11 07:32:00,Display Ads,Winter Sale,0,2
72122,2025-02-11 14:32:00,Display Ads,-,1,3
72122,2025-02-11 15:40:00,Referral,-,1,4
72122,2025-02-11 16:46:00,Direct Traffic,-,1,5
72122,2025-02-11 18:06:00,Email,Retargeting,0,6
72122,2025-02-11 18:31:00,Email,Winter Sale,1,7
72122,2025-02-11 19:02:00,Display Ads,Brand Awareness,1,8
72179,2025-02-10 02:18:00,Direct Traffic,-,1,1
72179,2025-02-10 11:42:00,Display Ads,Winter Sale,0,2
72179,2025-02-10 23:52:00,Referral,Brand Awareness,0,3
72179,2025-02-11 15:43:00,Display Ads,Brand Awareness,1,4
72185,2025-02-10 12:34:00,Social Media,Winter Sale,0,1
72244,2025-02-10 14:57:00,Direct Traffic,-,0,1
72244,2025-02-11 03:22:00,Email,Discount Offer,1,2
72244,2025-02-11 07:05:00,Email,-,0,3
72337,2025-02-10 10:49:00,Referral,Brand Awareness,1,1
72337,2025-02-10 23:20:00,Social Media,-,1,2
72337,2025-02-11 00:42:00,Direct Traffic,-,0,3
72337,2025-02-11 04:29:00,Search Ads,Retargeting,0,4
72337,2025-02-11 06:58:00,Search Ads,New Product Launch,1,5
72337,2025-02-11 14:06:00,Display Ads,Discount Offer,1,6
72349,2025-02-11 16:32:00,Direct Traffic,-,0,1
72379,2025-02-10 17:18:00,Social Media,Brand Awareness,1,1
72379,2025-02-11 02:19:00,Referral,New Product Launch,1,2
72379,2025-02-11 04:48:00,Email,Brand Awareness,0,3
72379,2025-02-11 11:28:00,Social Media,Discount Offer,1,4
72389,2025-02-11 01:37:00,Email,Discount Offer,0,1
72389,2025-02-11 17:59:00,Email,Discount Offer,1,2
72389,2025-02-11 22:11:00,Display Ads,-,1,3
72415,2025-02-10 00:53:00,Display Ads,Retargeting,1,1
72415,2025-02-10 06:24:00,Email,Discount Offer,1,2
72415,2025-02-10 22:37:00,Social Media,Discount Offer,1,3
72415,2025-02-11 08:53:00,Display Ads,Brand Awareness,0,4
72415,2025-02-11 10:35:00,Search Ads,-,0,5
72415,2025-02-11 12:53:00,Direct Traffic,-,0,6
72457,2025-02-10 05:26:00,Display Ads,Retargeting,1,1
72457,2025-02-10 23:27:00,Email,Brand Awareness,0,2
72457,2025-02-11 01:44:00,Email,Brand Awareness,1,3
72457,2025-02-11 11:32:00,Social Media,Brand Awareness,1,4
72479,2025-02-11 20:31:00,Email,Brand Awareness,0,1
72518,2025-02-10 01:38:00,Direct Traffic,-,1,1
72518,2025-02-10 01:54:00,Social Media,-,1,2
72518,2025-02-10 08:19:00,Search Ads,Discount Offer,1,3
72518,2025-02-11 08:56:00,Direct Traffic,-,1,4
72518,2025-02-11 12:56:00,Display Ads,-,0,5
72532,2025-02-10 03:21:00,Display Ads,-,1,1
72532,2025-02-10 14:00:00,Search Ads,-,1,2
72532,2025-02-10 20:50:00,Email,Winter Sale,0,3
72532,2025-02-11 09:11:00,Email,New Product Launch,1,4
72532,2025-02-11 17:31:00,Display Ads,Retargeting,0,5
72561,2025-02-10 08:42:00,Email,New Product Launch,1,1
72561,2025-02-10 08:55:00,Display Ads,Brand Awareness,1,2
72561,2025-02-10 17:10:00,Social Media,Brand Awareness,1,3
72561,2025-02-11 02:24:00,Direct Traffic,-,1,4
72561,2025-02-11 19:11:00,Search Ads,Retargeting,0,5
72577,2025-02-10 02:56:00,Referral,Brand Awareness,1,1
72577,2025-02-10 03:45:00,Email,Brand Awareness,0,2
72577,2025-02-10 18:06:00,Search Ads,Discount Offer,0,3
72612,2025-02-10 02:15:00,Referral,Winter Sale,0,1
72612,2025-02-10 10:13:00,Search Ads,Winter Sale,1,2
72612,2025-02-10 12:22:00,Direct Traffic,-,1,3
72612,2025-02-10 18:22:00,Direct Traffic,-,0,4
72612,2025-02-10 21:17:00,Direct Traffic,-,1,5
72612,2025-02-11 02:38:00,Display Ads,-,0,6
72612,2025-02-11 08:51:00,Search Ads,-,1,7
72612,2025-02-11 13:45:00,Search Ads,New Product Launch,0,8
72612,2025-02-11 14:05:00,Social Media,Retargeting,0,9
72636,2025-02-10 00:32:00,Search Ads,New Product Launch,0,1
72636,2025-02-10 03:17:00,Email,Winter Sale,1,2
72645,2025-02-10 09:04:00,Social Media,-,0,1
72645,2025-02-10 21:21:00,Display Ads,Discount Offer,0,2
72645,2025-02-11 00:39:00,Direct Traffic,-,1,3
72645,2025-02-11 04:04:00,Email,Brand Awareness,1,4
72645,2025-02-11 17:10:00,Referral,Brand Awareness,1,5
72645,2025-02-11 23:38:00,Referral,Winter Sale,1,6
72741,2025-02-10 05:13:00,Direct Traffic,-,0,1
72741,2025-02-11 02:13:00,Social Media,Brand Awareness,1,2
72741,2025-02-11 07:25:00,Display Ads,Brand Awareness,0,3
72741,2025-02-11 13:15:00,Display Ads,-,0,4
72815,2025-02-10 01:52:00,Display Ads,Discount Offer,0,1
72815,2025-02-10 10:10:00,Search Ads,New Product Launch,1,2
72815,2025-02-10 17:19:00,Search Ads,Brand Awareness,1,3
72815,2025-02-10 18:07:00,Search Ads,Retargeting,1,4
72815,2025-02-11 03:09:00,Search Ads,Discount Offer,1,5
72815,2025-02-11 19:40:00,Referral,-,1,6
72819,2025-02-10 05:29:00,Direct Traffic,-,1,1
72819,2025-02-10 13:25:00,Social Media,-,0,2
72819,2025-02-10 13:58:00,Email,Brand Awareness,1,3
72819,2025-02-11 19:05:00,Email,Discount Offer,1,4
72842,2025-02-10 04:53:00,Referral,-,1,1
72842,2025-02-10 20:11:00,Search Ads,Brand Awareness,1,2
72842,2025-02-10 22:17:00,Email,Discount Offer,1,3
72842,2025-02-11 04:29:00,Direct Traffic,-,0,4
72842,2025-02-11 10:46:00,Email,New Product Launch,1,5
72842,2025-02-11 18:03:00,Social Media,Winter Sale,0,6
72843,2025-02-10 12:18:00,Email,Winter Sale,0,1
72843,2025-02-11 12:33:00,Display Ads,Winter Sale,1,2
72843,2025-02-11 17:44:00,Display Ads,Brand Awareness,0,3
72892,2025-02-10 04:05:00,Referral,Discount Offer,0,1
72892,2025-02-11 01:37:00,Search Ads,-,0,2
72892,2025-02-11 15:39:00,Display Ads,New Product Launch,1,3
72929,2025-02-11 04:57:00,Social Media,Discount Offer,0,1
72929,2025-02-11 09:07:00,Search Ads,Brand Awareness,1,2
72929,2025-02-11 09:31:00,Social Media,-,1,3
72929,2025-02-11 11:58:00,Social Media,Brand Awareness,1,4
72959,2025-02-10 07:25:00,Email,Discount Offer,0,1
72959,2025-02-10 20:08:00,Direct Traffic,-,0,2
72959,2025-02-11 05:56:00,Social Media,Winter Sale,1,3
72959,2025-02-11 12:12:00,Direct Traffic,-,0,4
73006,2025-02-10 14:12:00,Referral,Discount Offer,1,1
73006,2025-02-10 14:52:00,Search Ads,Brand Awareness,0,2
73006,2025-02-11 06:45:00,Email,Brand Awareness,1,3
73023,2025-02-10 08:20:00,Email,Brand Awareness,0,1
73023,2025-02-10 13:23:00,Social Media,-,0,2
73023,2025-02-10 19:34:00,Email,Winter Sale,0,3
73023,2025-02-11 06:36:00,Display Ads,Discount Offer,0,4
73029,2025-02-10 10:16:00,Email,-,0,1
73029,2025-02-11 04:29:00,Direct Traffic,-,1,2
73055,2025-02-10 03:47:00,Display Ads,Discount Offer,1,1
73055,2025-02-10 09:59:00,Referral,Retargeting,1,2
73055,2025-02-10 22:40:00,Direct Traffic,-,0,3
73055,2025-02-11 00:55:00,Referral,-,0,4
73055,2025-02-11 04:47:00,Email,Brand Awareness,0,5
73105,2025-02-10 05:33:00,Referral,New Product Launch,0,1
73105,2025-02-10 16:16:00,Email,Winter Sale,0,2
73105,2025-02-10 17:18:00,Referral,Winter Sale,1,3
73105,2025-02-10 20:59:00,Search Ads,Discount Offer,1,4
73105,2025-02-11 00:02:00,Display Ads,Winter Sale,0,5
73105,2025-02-11 11:11:00,Display Ads,-,1,6
73105,2025-02-11 13:20:00,Search Ads,New Product Launch,0,7
73105,2025-02-11 17:13:00,Display Ads,-,1,8
73105,2025-02-11 17:23:00,Social Media,Retargeting,0,9
73105,2025-02-11 18:15:00,Referral,Discount Offer,0,10
73118,2025-02-10 11:13:00,Display Ads,Retargeting,0,1
73118,2025-02-10 12:05:00,Referral,-,1,2
73132,2025-02-10 03:09:00,Direct Traffic,-,1,1
73132,2025-02-10 04:23:00,Email,Brand Awareness,0,2
73141,2025-02-10 08:14:00,Direct Traffic,-,0,1
73141,2025-02-10 09:57:00,Referral,New Product Launch,0,2
73141,2025-02-10 14:12:00,Search Ads,Discount Offer,1,3
73141,2025-02-11 09:55:00,Social Media,Discount Offer,1,4
73141,2025-02-11 12:24:00,Display Ads,New Product Launch,1,5
73183,2025-02-10 02:31:00,Display Ads,New Product Launch,0,1
73183,2025-02-10 04:27:00,Social Media,Brand Awareness,0,2
73183,2025-02-11 01:08:00,Display Ads,-,0,3
73216,2025-02-10 16:07:00,Email,-,1,1
73216,2025-02-11 23:54:00,Referral,New Product Launch,0,2
73264,2025-02-10 01:16:00,Referral,Retargeting,1,1
73264,2025-02-10 12:46:00,Social Media,Brand Awareness,0,2
73286,2025-02-10 05:22:00,Display Ads,Retargeting,0,1
73286,2025-02-11 00:10:00,Search Ads,Retargeting,0,2
73286,2025-02-11 04:18:00,Referral,Brand Awareness,1,3
73302,2025-02-10 18:48:00,Social Media,Winter Sale,1,1
73302,2025-02-11 04:00:00,Email,Winter Sale,0,2
73302,2025-02-11 05:00:00,Search Ads,Discount Offer,1,3
73302,2025-02-11 21:20:00,Display Ads,Winter Sale,0,4
73311,2025-02-10 03:21:00,Direct Traffic,-,1,1
73311,2025-02-11 12:38:00,Social Media,-,0,2
73311,2025-02-11 21:01:00,Referral,Winter Sale,0,3
73368,2025-02-10 07:11:00,Social Media,Brand Awareness,0,1
73368,2025-02-10 17:06:00,Social Media,Discount Offer,0,2
73368,2025-02-11 00:30:00,Social Media,Discount Offer,0,3
73373,2025-02-10 11:06:00,Email,Retargeting,1,1
73373,2025-02-11 00:17:00,Display Ads,Discount Offer,0,2
73373,2025-02-11 16:16:00,Referral,Winter Sale,0,3
73373,2025-02-11 19:19:00,Email,Brand Awareness,1,4
73412,2025-02-10 00:46:00,Referral,Brand Awareness,1,1
73412,2025-02-11 04:17:00,Display Ads,Discount Offer,1,2
73412,2025-02-11 21:42:00,Search Ads,-,1,3
73412,2025-02-11 22:05:00,Direct Traffic,-,1,4
73412,2025-02-11 22:50:00,Display Ads,New Product Launch,0,5
73457,2025-02-10 03:54:00,Search Ads,New Product Launch,1,1
73457,2025-02-10 04:23:00,Direct Traffic,-,1,2
73457,2025-02-11 01:34:00,Direct Traffic,-,0,3
73457,2025-02-11 03:53:00,Search Ads,Retargeting,1,4
73457,2025-02-11 20:50:00,Referral,Brand Awareness,0,5
73458,2025-02-10 17:34:00,Direct Traffic,-,1,1
73458,2025-02-11 03:51:00,Email,Winter Sale,0,2
73459,2025-02-10 17:00:00,Search Ads,Winter Sale,1,1
73459,2025-02-10 18:22:00,Direct Traffic,-,0,2
73459,2025-02-11 16:25:00,Search Ads,Retargeting,0,3
73459,2025-02-11 17:35:00,Direct Traffic,-,1,4
73459,2025-02-11 19:08:00,Email,Winter Sale,0,5
73487,2025-02-10 02:58:00,Email,Discount Offer,1,1
73487,2025-02-10 20:35:00,Search Ads,-,1,2
73487,2025-02-10 23:04:00,Direct Traffic,-,0,3
73487,2025-02-11 05:44:00,Search Ads,Retargeting,1,4
73527,2025-02-11 00:48:00,Referral,-,0,1
73527,2025-02-11 12:10:00,Display Ads,Winter Sale,0,2
73527,2025-02-11 19:29:00,Referral,Brand Awareness,0,3
73566,2025-02-10 03:38:00,Display Ads,Winter Sale,0,1
73566,2025-02-10 08:00:00,Social Media,Discount Offer,0,2
73566,2025-02-11 01:36:00,Display Ads,Winter Sale,1,3
73566,2025-02-11 04:00:00,Display Ads,Discount Offer,0,4
73566,2025-02-11 13:50:00,Display Ads,Brand Awareness,0,5
73654,2025-02-10 02:42:00,Search Ads,Brand Awareness,1,1
73654,2025-02-10 03:01:00,Email,Winter Sale,0,2
73654,2025-02-10 09:34:00,Direct Traffic,-,0,3
73677,2025-02-11 09:30:00,Social Media,Brand Awareness,1,1
73721,2025-02-10 14:24:00,Email,Brand Awareness,0,1
73721,2025-02-11 04:56:00,Social Media,Brand Awareness,1,2
73721,2025-02-11 08:24:00,Social Media,Discount Offer,0,3
73721,2025-02-11 12:51:00,Search Ads,Winter Sale,0,4
73762,2025-02-10 17:17:00,Direct Traffic,-,1,1
73762,2025-02-10 22:39:00,Direct Traffic,-,0,2
73762,2025-02-11 14:17:00,Email,Brand Awareness,1,3
73762,2025-02-11 21:59:00,Direct Traffic,-,0,4
73762,2025-02-11 23:17:00,Direct Traffic,-,1,5
73814,2025-02-10 11:24:00,Direct Traffic,-,1,1
73814,2025-02-11 00:03:00,Social Media,Brand Awareness,1,2
73814,2025-02-11 03:57:00,Referral,-,0,3
73814,2025-02-11 20:51:00,Referral,-,1,4
73835,2025-02-10 02:57:00,Direct Traffic,-,0,1
73835,2025-02-10 13:13:00,Social Media,Discount Offer,1,2
73835,2025-02-10 20:58:00,Referral,Retargeting,1,3
73838,2025-02-10 11:01:00,Referral,New Product Launch,0,1
73838,2025-02-10 21:20:00,Email,Winter Sale,1,2
73838,2025-02-11 11:39:00,Search Ads,New Product Launch,0,3
73838,2025-02-11 23:57:00,Social Media,New Product Launch,0,4
73905,2025-02-10 21:59:00,Email,Discount Offer,1,1
73905,2025-02-11 15:15:00,Direct Traffic,-,1,2
73905,2025-02-11 21:15:00,Email,Discount Offer,0,3
73945,2025-02-10 09:55:00,Display Ads,Retargeting,0,1
73945,2025-02-10 17:51:00,Email,Retargeting,0,2
73945,2025-02-10 18:27:00,Display Ads,Retargeting,1,3
73945,2025-02-10 20:29:00,Display Ads,-,1,4
73945,2025-02-11 11:31:00,Email,Brand Awareness,0,5
73945,2025-02-11 13:10:00,Search Ads,New Product Launch,1,6
73951,2025-02-11 14:46:00,Social Media,Retargeting,0,1
73951,2025-02-11 20:18:00,Search Ads,Retargeting,1,2
73999,2025-02-10 01:48:00,Direct Traffic,-,0,1
73999,2025-02-10 04:28:00,Social Media,-,1,2
73999,2025-02-11 08:20:00,Email,-,0,3
74028,2025-02-11 01:42:00,Display Ads,Discount Offer,1,1
74032,2025-02-10 11:35:00,Direct Traffic,-,0,1
74032,2025-02-10 15:39:00,Email,Winter Sale,0,2
74032,2025-02-11 05:36:00,Direct Traffic,-,0,3
74032,2025-02-11 11:27:00,Social Media,Winter Sale,1,4
74032,2025-02-11 19:32:00,Direct Traffic,-,1,5
74035,2025-02-10 03:29:00,Display Ads,Discount Offer,1,1
74035,2025-02-10 08:04:00,Search Ads,-,1,2
74035,2025-02-11 18:09:00,Email,-,1,3
74104,2025-02-10 01:45:00,Search Ads,Discount Offer,1,1
74104,2025-02-10 02:33:00,Referral,New Product Launch,0,2
74104,2025-02-10 03:11:00,Social Media,New Product Launch,0,3
74104,2025-02-11 00:23:00,Search Ads,New Product Launch,0,4
74104,2025-02-11 11:54:00,Search Ads,-,0,5
74139,2025-02-10 15:13:00,Direct Traffic,-,1,1
74139,2025-02-11 07:03:00,Search Ads,Brand Awareness,1,2
74192,2025-02-10 00:02:00,Email,Retargeting,1,1
74192,2025-02-10 14:04:00,Email,Retargeting,0,2
74192,2025-02-11 00:00:00,Search Ads,Winter Sale,0,3
74192,2025-02-11 00:07:00,Referral,Winter Sale,1,4
74192,2025-02-11 00:43:00,Display Ads,Discount Offer,1,5
74192,2025-02-11 08:14:00,Social Media,Discount Offer,0,6
74223,2025-02-11 05:10:00,Search Ads,-,0,1
74272,2025-02-10 21:54:00,Email,-,1,1
74272,2025-02-10 23:47:00,Direct Traffic,-,1,2
74272,2025-02-10 23:55:00,Direct Traffic,-,1,3
74300,2025-02-10 05:31:00,Search Ads,Retargeting,1,1
74300,2025-02-10 07:41:00,Direct Traffic,-,0,2
74300,2025-02-10 09:52:00,Social Media,Winter Sale,1,3
74300,2025-02-10 14:11:00,Social Media,Brand Awareness,1,4
74300,2025-02-11 15:56:00,Display Ads,Discount Offer,1,5
74300,2025-02-11 16:33:00,Display Ads,Winter Sale,1,6
74300,2025-02-11 22:48:00,Display Ads,New Product Launch,0,7
74350,2025-02-10 04:30:00,Search Ads,Discount Offer,0,1
74350,2025-02-10 10:49:00,Referral,Brand Awareness,0,2
74381,2025-02-10 03:27:00,Direct Traffic,-,1,1
74381,2025-02-11 08:53:00,Display Ads,Brand Awareness,1,2
74413,2025-02-10 09:56:00,Direct Traffic,-,1,1
74413,2025-02-10 22:30:00,Referral,Winter Sale,0,2
74413,2025-02-11 07:57:00,Display Ads,-,1,3
74413,2025-02-11 11:51:00,Email,-,0,4
74413,2025-02-11 20:54:00,Referral,Retargeting,1,5
74464,2025-02-10 11:53:00,Email,Winter Sale,0,1
74464,2025-02-10 13:39:00,Direct Traffic,-,0,2
74464,2025-02-11 08:02:00,Search Ads,-,0,3
74513,2025-02-10 03:11:00,Email,Discount Offer,0,1
74513,2025-02-10 08:03:00,Search Ads,Brand Awareness,0,2
74513,2025-02-11 01:12:00,Direct Traffic,-,0,3
74513,2025-02-11 18:44:00,Email,-,0,4
74534,2025-02-10 01:34:00,Search Ads,New Product Launch,0,1
74534,2025-02-10 05:12:00,Search Ads,Brand Awareness,0,2
74534,2025-02-10 18:09:00,Direct Traffic,-,1,3
74534,2025-02-10 23:53:00,Display Ads,Winter Sale,0,4
74534,2025-02-11 13:09:00,Email,Winter Sale,0,5
74549,2025-02-10 12:32:00,Search Ads,Retargeting,1,1
74549,2025-02-11 23:38:00,Referral,Discount Offer,0,2
74627,2025-02-10 08:02:00,Display Ads,New Product Launch,0,1
74627,2025-02-11 04:24:00,Email,-,1,2
74627,2025-02-11 20:54:00,Direct Traffic,-,0,3
74627,2025-02-11 21:32:00,Display Ads,Winter Sale,1,4
74629,2025-02-10 03:00:00,Referral,Discount Offer,0,1
74629,2025-02-10 05:43:00,Direct Traffic,-,1,2
74629,2025-02-10 18:36:00,Social Media,Winter Sale,1,3
74629,2025-02-11 10:39:00,Email,New Product Launch,0,4
74664,2025-02-11 03:55:00,Display Ads,Retargeting,1,1
74664,2025-02-11 07:43:00,Direct Traffic,-,1,2
74686,2025-02-10 01:24:00,Search Ads,Winter Sale,1,1
74686,2025-02-10 04:58:00,Social Media,Retargeting,0,2
74686,2025-02-10 22:00:00,Display Ads,Winter Sale,0,3
74686,2025-02-11 00:16:00,Direct Traffic,-,1,4
74686,2025-02-11 00:46:00,Email,Retargeting,1,5
74686,2025-02-11 04:38:00,Display Ads,Brand Awareness,1,6
74738,2025-02-10 06:33:00,Referral,Brand Awareness,1,1
74738,2025-02-10 10:47:00,Direct Traffic,-,0,2
74738,2025-02-10 17:49:00,Direct Traffic,-,0,3
74738,2025-02-11 01:49:00,Display Ads,Discount Offer,1,4
74738,2025-02-11 13:31:00,Direct Traffic,-,0,5
74763,2025-02-10 17:01:00,Search Ads,Retargeting,0,1
74763,2025-02-11 03:52:00,Display Ads,-,1,2
74772,2025-02-10 01:17:00,Referral,Discount Offer,0,1
74772,2025-02-10 14:36:00,Referral,Retargeting,1,2
74772,2025-02-10 19:36:00,Email,Discount Offer,0,3
74772,2025-02-10 21:10:00,Display Ads,Winter Sale,1,4
74772,2025-02-11 01:50:00,Email,Discount Offer,0,5
74784,2025-02-11 07:01:00,Search Ads,Retargeting,0,1
74876,2025-02-10 14:42:00,Search Ads,Discount Offer,0,1
74876,2025-02-10 17:29:00,Direct Traffic,-,0,2
74876,2025-02-10 23:27:00,Referral,Discount Offer,0,3
74876,2025-02-11 03:14:00,Email,New Product Launch,1,4
74876,2025-02-11 21:48:00,Search Ads,Retargeting,1,5
74884,2025-02-10 15:01:00,Direct Traffic,-,1,1
74884,2025-02-10 22:26:00,Referral,Retargeting,1,2
74884,2025-02-11 05:06:00,Display Ads,-,0,3
74884,2025-02-11 15:39:00,Referral,Retargeting,1,4
74894,2025-02-11 05:04:00,Direct Traffic,-,0,1
74894,2025-02-11 19:21:00,Email,Retargeting,0,2
74913,2025-02-10 02:16:00,Direct Traffic,-,1,1
74913,2025-02-10 04:06:00,Display Ads,Discount Offer,0,2
74913,2025-02-11 21:18:00,Search Ads,Winter Sale,1,3
74915,2025-02-10 14:38:00,Search Ads,Brand Awareness,1,1
74915,2025-02-10 15:56:00,Display Ads,Discount Offer,0,2
74915,2025-02-10 16:45:00,Email,New Product Launch,0,3
74984,2025-02-11 21:16:00,Search Ads,New Product Launch,1,1
74984,2025-02-11 22:01:00,Display Ads,Retargeting,0,2
75027,2025-02-10 07:24:00,Referral,New Product Launch,0,1
75027,2025-02-11 07:44:00,Display Ads,-,0,2
75033,2025-02-11 08:55:00,Direct Traffic,-,1,1
75033,2025-02-11 22:37:00,Direct Traffic,-,0,2
75095,2025-02-10 20:23:00,Email,Winter Sale,0,1
75095,2025-02-11 17:13:00,Social Media,Retargeting,0,2
75137,2025-02-10 09:38:00,Search Ads,Winter Sale,1,1
75137,2025-02-10 12:00:00,Search Ads,-,1,2
75137,2025-02-10 19:07:00,Email,New Product Launch,0,3
75137,2025-02-11 15:11:00,Direct Traffic,-,0,4
75201,2025-02-10 14:12:00,Display Ads,-,0,1
75201,2025-02-10 22:41:00,Social Media,New Product Launch,1,2
75201,2025-02-11 15:31:00,Direct Traffic,-,0,3
75201,2025-02-11 17:05:00,Social Media,Discount Offer,0,4
75208,2025-02-10 02:22:00,Email,New Product Launch,1,1
75208,2025-02-10 06:01:00,Search Ads,Discount Offer,0,2
75208,2025-02-10 09:59:00,Social Media,New Product Launch,0,3
75208,2025-02-10 13:07:00,Social Media,Retargeting,0,4
75208,2025-02-10 14:05:00,Referral,-,1,5
75208,2025-02-11 07:30:00,Display Ads,Discount Offer,0,6
75250,2025-02-10 04:51:00,Referral,Winter Sale,1,1
75250,2025-02-11 08:38:00,Search Ads,-,0,2
75293,2025-02-10 15:49:00,Social Media,-,0,1
75293,2025-02-10 17:08:00,Social Media,Discount Offer,0,2
75293,2025-02-11 11:02:00,Display Ads,Brand Awareness,0,3
75302,2025-02-10 23:36:00,Email,New Product Launch,0,1
75302,2025-02-11 00:06:00,Referral,Discount Offer,0,2
75302,2025-02-11 15:45:00,Referral,-,1,3
75302,2025-02-11 15:51:00,Search Ads,Retargeting,1,4
75302,2025-02-11 16:16:00,Social Media,New Product Launch,1,5
75302,2025-02-11 18:54:00,Email,Retargeting,0,6
75328,2025-02-10 22:32:00,Search Ads,New Product Launch,1,1
75328,2025-02-11 09:35:00,Email,-,1,2
75328,2025-02-11 09:58:00,Referral,Winter Sale,1,3
75328,2025-02-11 17:33:00,Social Media,Retargeting,0,4
75328,2025-02-11 22:29:00,Display Ads,Winter Sale,1,5
75352,2025-02-10 12:29:00,Direct Traffic,-,0,1
75352,2025-02-11 15:39:00,Referral,Discount Offer,0,2
75405,2025-02-10 09:11:00,Display Ads,-,1,1
75405,2025-02-11 09:12:00,Search Ads,Winter Sale,1,2
75470,2025-02-10 12:51:00,Email,Retargeting,1,1
75470,2025-02-10 13:49:00,Social Media,New Product Launch,0,2
75470,2025-02-11 05:35:00,Search Ads,Winter Sale,0,3
75470,2025-02-11 19:19:00,Display Ads,-,1,4
75473,2025-02-10 01:40:00,Display Ads,Discount Offer,0,1
75473,2025-02-10 03:09:00,Direct Traffic,-,0,2
75557,2025-02-11 21:15:00,Direct Traffic,-,0,1
75557,2025-02-11 21:47:00,Social Media,-,1,2
75595,2025-02-10 19:55:00,Social Media,-,1,1
75595,2025-02-11 12:46:00,Display Ads,Discount Offer,1,2
75637,2025-02-10 01:49:00,Referral,New Product Launch,0,1
75637,2025-02-10 13:26:00,Display Ads,New Product Launch,0,2
75637,2025-02-11 09:17:00,Display Ads,Discount Offer,1,3
75637,2025-02-11 23:59:00,Display Ads,Brand Awareness,0,4
75656,2025-02-10 00:48:00,Referral,New Product Launch,0,1
75656,2025-02-10 03:46:00,Email,Winter Sale,0,2
75656,2025-02-10 07:24:00,Display Ads,Winter Sale,1,3
75656,2025-02-10 17:40:00,Email,Discount Offer,0,4
75656,2025-02-10 17:54:00,Display Ads,Retargeting,1,5
75656,2025-02-11 01:15:00,Social Media,Winter Sale,0,6
75656,2025-02-11 21:43:00,Display Ads,New Product Launch,0,7
75700,2025-02-11 01:24:00,Display Ads,Retargeting,0,1
75700,2025-02-11 07:54:00,Direct Traffic,-,0,2
75700,2025-02-11 20:39:00,Email,-,1,3
75712,2025-02-10 01:34:00,Search Ads,Winter Sale,0,1
75751,2025-02-11 14:40:00,Display Ads,New Product Launch,0,1
75751,2025-02-11 22:44:00,Referral,Winter Sale,1,2
75802,2025-02-11 03:46:00,Search Ads,Winter Sale,0,1
75802,2025-02-11 04:51:00,Referral,Brand Awareness,0,2
75802,2025-02-11 07:01:00,Display Ads,-,1,3
75804,2025-02-10 14:40:00,Direct Traffic,-,0,1
75804,2025-02-11 01:43:00,Display Ads,Brand Awareness,0,2
75804,2025-02-11 04:26:00,Social Media,-,1,3
75804,2025-02-11 23:22:00,Referral,New Product Launch,1,4
75841,2025-02-11 01:44:00,Referral,Winter Sale,0,1
75841,2025-02-11 04:25:00,Social Media,Brand Awareness,1,2
75841,2025-02-11 05:54:00,Social Media,Winter Sale,0,3
75841,2025-02-11 12:29:00,Display Ads,-,1,4
75865,2025-02-10 19:33:00,Referral,Discount Offer,0,1
75960,2025-02-10 09:13:00,Social Media,New Product Launch,0,1
75960,2025-02-11 06:04:00,Social Media,Winter Sale,0,2
76003,2025-02-10 02:42:00,Email,-,0,1
76003,2025-02-11 05:55:00,Search Ads,Discount Offer,1,2
76029,2025-02-10 12:32:00,Display Ads,Winter Sale,0,1
76029,2025-02-10 16:05:00,Email,Retargeting,1,2
76029,2025-02-10 19:04:00,Social Media,-,1,3
76029,2025-02-11 13:31:00,Email,Brand Awareness,1,4
76040,2025-02-10 12:09:00,Email,Brand Awareness,1,1
76040,2025-02-10 19:13:00,Email,Winter Sale,1,2
76040,2025-02-10 20:16:00,Search Ads,Brand Awareness,0,3
76040,2025-02-10 20:54:00,Direct Traffic,-,1,4
76040,2025-02-11 02:58:00,Referral,New Product Launch,0,5
76040,2025-02-11 18:07:00,Direct Traffic,-,0,6
76040,2025-02-11 18:16:00,Display Ads,Brand Awareness,0,7
76055,2025-02-10 00:10:00,Referral,Discount Offer,0,1
76055,2025-02-11 21:56:00,Search Ads,-,1,2
76065,2025-02-10 05:50:00,Referral,Brand Awareness,1,1
76065,2025-02-10 14:04:00,Display Ads,-,1,2
76066,2025-02-11 14:53:00,Social Media,New Product Launch,1,1
76127,2025-02-10 19:33:00,Search Ads,Brand Awareness,0,1
76127,2025-02-11 21:40:00,Social Media,Discount Offer,0,2
76181,2025-02-10 21:00:00,Display Ads,Brand Awareness,1,1
76240,2025-02-10 01:24:00,Direct Traffic,-,0,1
76240,2025-02-10 05:12:00,Social Media,Winter Sale,1,2
76240,2025-02-10 05:45:00,Display Ads,Discount Offer,0,3
76240,2025-02-10 18:37:00,Referral,Retargeting,0,4
76240,2025-02-11 08:17:00,Direct Traffic,-,0,5
76240,2025-02-11 10:17:00,Direct Traffic,-,0,6
76240,2025-02-11 19:42:00,Search Ads,-,1,7
76276,2025-02-10 11:04:00,Direct Traffic,-,0,1
76276,2025-02-10 16:01:00,Social Media,Brand Awareness,0,2
76276,2025-02-11 01:35:00,Search Ads,Brand Awareness,1,3
76288,2025-02-10 14:50:00,Display Ads,Discount Offer,1,1
76288,2025-02-10 17:27:00,Email,Retargeting,1,2
76288,2025-02-11 04:54:00,Search Ads,Retargeting,1,3
76303,2025-02-11 11:34:00,Search Ads,Retargeting,1,1
76303,2025-02-11 14:59:00,Direct Traffic,-,0,2
76303,2025-02-11 16:59:00,Social Media,Brand Awareness,0,3
76328,2025-02-10 07:06:00,Social Media,-,1,1
76328,2025-02-11 06:22:00,Email,Discount Offer,0,2
76328,2025-02-11 16:36:00,Email,Discount Offer,1,3
76328,2025-02-11 21:24:00,Email,Retargeting,0,4
76358,2025-02-10 01:44:00,Display Ads,Retargeting,1,1
76358,2025-02-10 05:26:00,Direct Traffic,-,1,2
76358,2025-02-10 06:37:00,Display Ads,Retargeting,0,3
76451,2025-02-10 01:47:00,Display Ads,Winter Sale,0,1
76452,2025-02-10 15:08:00,Display Ads,New Product Launch,0,1
76452,2025-02-11 15:26:00,Search Ads,Discount Offer,0,2
76452,2025-02-11 16:03:00,Search Ads,New Product Launch,0,3
76514,2025-02-10 14:29:00,Search Ads,New Product Launch,0,1
76514,2025-02-10 15:40:00,Referral,New Product Launch,1,2
76514,2025-02-11 02:47:00,Display Ads,-,0,3
76514,2025-02-11 19:45:00,Search Ads,New Product Launch,1,4
76541,2025-02-11 07:49:00,Email,Discount Offer,0,1
76541,2025-02-11 09:23:00,Email,Winter Sale,1,2
76541,2025-02-11 20:37:00,Display Ads,Retargeting,0,3
76584,2025-02-10 05:18:00,Social Media,New Product Launch,1,1
76584,2025-02-10 09:12:00,Direct Traffic,-,0,2
76584,2025-02-10 10:53:00,Referral,Retargeting,1,3
76584,2025-02-11 05:20:00,Display Ads,Brand Awareness,0,4
76601,2025-02-10 04:01:00,Display Ads,New Product Launch,1,1
76601,2025-02-10 14:33:00,Search Ads,New Product Launch,0,2
76601,2025-02-11 21:14:00,Display Ads,Discount Offer,1,3
76601,2025-02-11 21:46:00,Display Ads,Discount Offer,0,4
76622,2025-02-11 02:16:00,Display Ads,Discount Offer,0,1
76645,2025-02-10 00:08:00,Direct Traffic,-,1,1
76645,2025-02-10 11:18:00,Search Ads,Discount Offer,0,2
76645,2025-02-11 11:34:00,Search Ads,Winter Sale,1,3
76645,2025-02-11 17:10:00,Email,Winter Sale,0,4
76669,2025-02-10 01:00:00,Email,Discount Offer,0,1
76669,2025-02-10 13:11:00,Referral,Retargeting,0,2
76689,2025-02-10 02:49:00,Email,New Product Launch,0,1
76689,2025-02-10 10:22:00,Search Ads,-,0,2
76689,2025-02-11 06:10:00,Display Ads,-,1,3
76702,2025-02-10 12:09:00,Display Ads,Discount Offer,0,1
76702,2025-02-11 22:14:00,Direct Traffic,-,1,2
76711,2025-02-10 03:14:00,Social Media,-,0,1
76711,2025-02-10 03:42:00,Display Ads,Discount Offer,1,2
76711,2025-02-11 14:26:00,Display Ads,Retargeting,0,3
76717,2025-02-10 02:50:00,Referral,New Product Launch,0,1
76717,2025-02-11 03:36:00,Referral,Winter Sale,1,2
76732,2025-02-10 09:29:00,Search Ads,Discount Offer,1,1
76732,2025-02-10 14:01:00,Social Media,Winter Sale,1,2
76732,2025-02-10 19:17:00,Direct Traffic,-,0,3
76732,2025-02-11 01:42:00,Referral,New Product Launch,0,4
76743,2025-02-10 02:09:00,Direct Traffic,-,0,1
76743,2025-02-10 06:44:00,Display Ads,New Product Launch,0,2
76743,2025-02-10 14:17:00,Direct Traffic,-,0,3
76743,2025-02-11 18:59:00,Direct Traffic,-,0,4
76743,2025-02-11 22:22:00,Direct Traffic,-,0,5
76806,2025-02-10 03:36:00,Search Ads,Winter Sale,0,1
76806,2025-02-10 11:42:00,Referral,Retargeting,1,2
76806,2025-02-10 18:31:00,Social Media,Winter Sale,0,3
76806,2025-02-11 00:29:00,Display Ads,Retargeting,0,4
76806,2025-02-11 08:13:00,Search Ads,Brand Awareness,1,5
76821,2025-02-10 14:09:00,Direct Traffic,-,1,1
76821,2025-02-10 16:13:00,Display Ads,Discount Offer,1,2
76850,2025-02-10 16:29:00,Referral,Winter Sale,1,1
76850,2025-02-11 21:05:00,Social Media,Discount Offer,1,2
76850,2025-02-11 23:21:00,Direct Traffic,-,0,3
76871,2025-02-10 09:24:00,Direct Traffic,-,0,1
76871,2025-02-10 13:08:00,Direct Traffic,-,0,2
76871,2025-02-10 15:01:00,Display Ads,Winter Sale,0,3
76871,2025-02-10 17:12:00,Social Media,New Product Launch,0,4
76871,2025-02-10 21:16:00,Social Media,Winter Sale,0,5
76871,2025-02-11 15:51:00,Social Media,New Product Launch,0,6
76909,2025-02-10 01:44:00,Social Media,Brand Awareness,0,1
76909,2025-02-10 07:41:00,Display Ads,Retargeting,0,2
76909,2025-02-10 11:44:00,Direct Traffic,-,1,3
76909,2025-02-11 02:40:00,Display Ads,Retargeting,1,4
76909,2025-02-11 11:34:00,Social Media,Brand Awareness,1,5
76909,2025-02-11 13:19:00,Referral,-,0,6
76909,2025-02-11 17:00:00,Social Media,Winter Sale,0,7
76911,2025-02-10 01:48:00,Search Ads,Brand Awareness,1,1
76911,2025-02-10 08:31:00,Display Ads,Brand Awareness,1,2
76940,2025-02-10 01:15:00,Referral,New Product Launch,0,1
76940,2025-02-10 06:48:00,Search Ads,New Product Launch,0,2
76940,2025-02-10 09:55:00,Search Ads,Retargeting,1,3
76940,2025-02-11 02:54:00,Referral,-,0,4
76940,2025-02-11 06:20:00,Direct Traffic,-,1,5
76940,2025-02-11 19:46:00,Email,New Product Launch,1,6
76957,2025-02-10 07:28:00,Social Media,New Product Launch,1,1
76957,2025-02-11 12:23:00,Referral,Discount Offer,1,2
76967,2025-02-10 10:54:00,Search Ads,New Product Launch,1,1
76967,2025-02-11 23:17:00,Search Ads,Winter Sale,1,2
77091,2025-02-10 04:00:00,Display Ads,Brand Awareness,0,1
77091,2025-02-10 09:20:00,Direct Traffic,-,0,2
77091,2025-02-11 04:50:00,Direct Traffic,-,0,3
77091,2025-02-11 14:22:00,Display Ads,Brand Awareness,1,4
77091,2025-02-11 16:19:00,Search Ads,-,0,5
77098,2025-02-10 12:14:00,Direct Traffic,-,1,1
77098,2025-02-10 19:32:00,Referral,-,1,2
77098,2025-02-10 22:08:00,Direct Traffic,-,1,3
77098,2025-02-11 00:04:00,Social Media,New Product Launch,0,4
77120,2025-02-10 00:10:00,Referral,Discount Offer,0,1
77120,2025-02-10 07:13:00,Display Ads,Retargeting,1,2
77120,2025-02-10 14:31:00,Referral,New Product Launch,0,3
77184,2025-02-11 03:02:00,Referral,Retargeting,0,1
77184,2025-02-11 07:44:00,Display Ads,Discount Offer,0,2
77184,2025-02-11 13:18:00,Referral,Discount Offer,0,3
77184,2025-02-11 20:18:00,Search Ads,Retargeting,0,4
77184,2025-02-11 20:27:00,Social Media,Retargeting,0,5
77230,2025-02-11 16:29:00,Direct Traffic,-,1,1
77231,2025-02-10 03:03:00,Display Ads,-,0,1
77231,2025-02-10 03:45:00,Search Ads,New Product Launch,1,2
77231,2025-02-10 17:08:00,Display Ads,Discount Offer,0,3
77231,2025-02-11 09:46:00,Search Ads,Winter Sale,0,4
77231,2025-02-11 14:17:00,Display Ads,New Product Launch,1,5
77231,2025-02-11 16:33:00,Search Ads,Winter Sale,1,6
77231,2025-02-11 20:47:00,Search Ads,Winter Sale,0,7
77231,2025-02-11 21:14:00,Search Ads,New Product Launch,0,8
77286,2025-02-10 03:27:00,Referral,Retargeting,1,1
77286,2025-02-10 08:12:00,Direct Traffic,-,1,2
77286,2025-02-10 10:43:00,Search Ads,Winter Sale,1,3
77286,2025-02-10 22:03:00,Search Ads,Discount Offer,1,4
77286,2025-02-11 09:25:00,Social Media,Retargeting,1,5
77289,2025-02-10 10:28:00,Social Media,Winter Sale,0,1
77289,2025-02-10 16:42:00,Search Ads,Discount Offer,1,2
77289,2025-02-11 15:44:00,Search Ads,Brand Awareness,0,3
77294,2025-02-10 08:17:00,Direct Traffic,-,1,1
77294,2025-02-10 15:24:00,Display Ads,Discount Offer,1,2
77294,2025-02-11 05:35:00,Social Media,New Product Launch,1,3
77294,2025-02-11 09:28:00,Social Media,Discount Offer,0,4
77294,2025-02-11 15:28:00,Display Ads,Winter Sale,0,5
77294,2025-02-11 18:34:00,Direct Traffic,-,1,6
77310,2025-02-10 00:08:00,Display Ads,Winter Sale,0,1
77310,2025-02-11 16:02:00,Email,New Product Launch,0,2
77328,2025-02-10 07:49:00,Email,Discount Offer,0,1
77374,2025-02-10 15:30:00,Social Media,Discount Offer,1,1
77374,2025-02-10 22:36:00,Direct Traffic,-,1,2
77483,2025-02-10 03:02:00,Display Ads,Winter Sale,1,1
77483,2025-02-10 21:19:00,Email,Brand Awareness,0,2
77483,2025-02-11 13:45:00,Display Ads,Brand Awareness,0,3
77483,2025-02-11 15:39:00,Social Media,-,1,4
77597,2025-02-10 16:58:00,Direct Traffic,-,0,1
77597,2025-02-10 20:08:00,Social Media,Discount Offer,0,2
77597,2025-02-11 10:05:00,Social Media,New Product Launch,0,3
77597,2025-02-11 10:57:00,Social Media,Discount Offer,1,4
77681,2025-02-10 02:50:00,Display Ads,New Product Launch,1,1
77681,2025-02-11 04:49:00,Direct Traffic,-,1,2
77681,2025-02-11 11:44:00,Display Ads,Discount Offer,0,3
77681,2025-02-11 17:22:00,Search Ads,Winter Sale,1,4
77688,2025-02-10 01:30:00,Direct Traffic,-,1,1
77688,2025-02-10 19:29:00,Direct Traffic,-,1,2
77688,2025-02-11 21:50:00,Referral,Discount Offer,0,3
77688,2025-02-11 21:51:00,Social Media,Retargeting,1,4
77748,2025-02-10 08:17:00,Search Ads,Discount Offer,1,1
77748,2025-02-11 00:29:00,Display Ads,Discount Offer,1,2
77790,2025-02-10 10:05:00,Social Media,New Product Launch,0,1
77790,2025-02-10 18:06:00,Direct Traffic,-,0,2
77828,2025-02-10 07:30:00,Direct Traffic,-,1,1
77831,2025-02-10 14:33:00,Direct Traffic,-,1,1
77845,2025-02-11 21:14:00,Referral,Retargeting,1,1
77873,2025-02-11 09:07:00,Social Media,-,0,1
77873,2025-02-11 18:04:00,Search Ads,Retargeting,1,2
77873,2025-02-11 21:29:00,Display Ads,Brand Awareness,0,3
77908,2025-02-10 01:53:00,Search Ads,Brand Awareness,0,1
77908,2025-02-10 02:15:00,Direct Traffic,-,1,2
77908,2025-02-10 21:51:00,Direct Traffic,-,0,3
77908,2025-02-11 03:12:00,Display Ads,-,1,4
77908,2025-02-11 11:03:00,Email,New Product Launch,0,5
77908,2025-02-11 15:51:00,Social Media,Discount Offer,1,6
77908,2025-02-11 21:31:00,Social Media,Discount Offer,1,7
77968,2025-02-10 01:34:00,Direct Traffic,-,1,1
77968,2025-02-10 08:52:00,Social Media,-,0,2
77968,2025-02-11 04:19:00,Display Ads,New Product Launch,1,3
77968,2025-02-11 17:25:00,Referral,New Product Launch,1,4
77968,2025-02-11 23:18:00,Email,Winter Sale,1,5
77968,2025-02-11 23:53:00,Direct Traffic,-,0,6
77992,2025-02-11 12:15:00,Search Ads,Discount Offer,0,1
78044,2025-02-10 09:44:00,Display Ads,Winter Sale,0,1
78059,2025-02-11 04:46:00,Email,New Product Launch,0,1
78076,2025-02-10 20:32:00,Email,-,1,1
78076,2025-02-11 12:51:00,Direct Traffic,-,0,2
78083,2025-02-10 10:37:00,Social Media,Brand Awareness,1,1
78083,2025-02-10 12:50:00,Display Ads,Discount Offer,0,2
78083,2025-02-11 06:15:00,Display Ads,-,1,3
78083,2025-02-11 13:09:00,Search Ads,Winter Sale,0,4
78168,2025-02-11 06:19:00,Referral,Discount Offer,1,1
78183,2025-02-10 08:51:00,Search Ads,-,1,1
78183,2025-02-10 16:12:00,Social Media,Winter Sale,1,2
78241,2025-02-10 05:00:00,Social Media,Brand Awareness,1,1
78241,2025-02-11 02:04:00,Display Ads,New Product Launch,1,2
78241,2025-02-11 11:24:00,Display Ads,Brand Awareness,1,3
78262,2025-02-11 01:20:00,Email,Retargeting,1,1
78262,2025-02-11 17:34:00,Referral,Brand Awareness,0,2
78262,2025-02-11 18:45:00,Direct Traffic,-,0,3
78282,2025-02-10 07:00:00,Email,Brand Awareness,1,1
78282,2025-02-10 09:20:00,Social Media,New Product Launch,1,2
78282,2025-02-10 10:08:00,Search Ads,Retargeting,0,3
78282,2025-02-10 20:02:00,Direct Traffic,-,1,4
78282,2025-02-10 21:59:00,Display Ads,Discount Offer,0,5
78282,2025-02-11 11:31:00,Social Media,Brand Awareness,0,6
78282,2025-02-11 13:13:00,Social Media,-,0,7
78282,2025-02-11 18:56:00,Social Media,-,1,8
78284,2025-02-10 07:13:00,Search Ads,-,0,1
78284,2025-02-11 05:25:00,Search Ads,-,1,2
78284,2025-02-11 08:08:00,Referral,New Product Launch,1,3
78296,2025-02-10 19:23:00,Display Ads,Retargeting,0,1
78296,2025-02-11 04:29:00,Search Ads,New Product Launch,1,2
78296,2025-02-11 11:54:00,Display Ads,Retargeting,1,3
78348,2025-02-10 23:16:00,Referral,Brand Awareness,0,1
78348,2025-02-11 06:30:00,Direct Traffic,-,1,2
78348,2025-02-11 06:43:00,Direct Traffic,-,0,3
78348,2025-02-11 19:21:00,Direct Traffic,-,0,4
78374,2025-02-11 06:06:00,Direct Traffic,-,0,1
78374,2025-02-11 08:28:00,Search Ads,New Product Launch,0,2
78374,2025-02-11 21:52:00,Email,Brand Awareness,0,3
78381,2025-02-10 03:47:00,Display Ads,Brand Awareness,0,1
78381,2025-02-10 05:51:00,Direct Traffic,-,0,2
78381,2025-02-10 13:17:00,Social Media,New Product Launch,1,3
78381,2025-02-11 20:41:00,Social Media,Discount Offer,0,4
78420,2025-02-10 20:11:00,Search Ads,Retargeting,0,1
78420,2025-02-11 14:57:00,Search Ads,New Product Launch,0,2
78420,2025-02-11 21:34:00,Search Ads,Brand Awareness,0,3
78441,2025-02-10 05:18:00,Display Ads,Brand Awareness,1,1
78441,2025-02-10 18:04:00,Email,New Product Launch,0,2
78441,2025-02-10 20:02:00,Email,Brand Awareness,1,3
78514,2025-02-10 16:03:00,Email,Winter Sale,0,1
78514,2025-02-10 18:43:00,Display Ads,New Product Launch,1,2
78514,2025-02-10 23:03:00,Email,Winter Sale,0,3
78514,2025-02-11 12:57:00,Email,New Product Launch,1,4
78514,2025-02-11 18:19:00,Referral,Retargeting,1,5
78560,2025-02-10 07:58:00,Search Ads,Retargeting,0,1
78560,2025-02-10 09:46:00,Referral,Retargeting,0,2
78574,2025-02-10 00:01:00,Referral,Brand Awareness,1,1
78574,2025-02-10 23:57:00,Referral,Discount Offer,0,2
78574,2025-02-11 05:13:00,Direct Traffic,-,1,3
78574,2025-02-11 06:38:00,Social Media,New Product Launch,0,4
78574,2025-02-11 16:56:00,Search Ads,Retargeting,0,5
78604,2025-02-10 08:04:00,Search Ads,Discount Offer,0,1
78604,2025-02-11 04:36:00,Email,New Product Launch,0,2
78604,2025-02-11 14:52:00,Search Ads,Discount Offer,0,3
78646,2025-02-11 03:22:00,Display Ads,Winter Sale,0,1
78646,2025-02-11 16:09:00,Display Ads,Brand Awareness,0,2
78712,2025-02-10 20:04:00,Display Ads,Brand Awareness,1,1
78712,2025-02-11 23:09:00,Search Ads,Retargeting,0,2
78752,2025-02-10 09:40:00,Referral,Discount Offer,0,1
78752,2025-02-10 13:41:00,Display Ads,New Product Launch,1,2
78752,2025-02-10 21:03:00,Email,Winter Sale,1,3
78752,2025-02-11 09:47:00,Social Media,Discount Offer,1,4
78752,2025-02-11 10:50:00,Referral,-,1,5
78752,2025-02-11 19:12:00,Search Ads,New Product Launch,0,6
78804,2025-02-11 14:00:00,Social Media,Brand Awareness,0,1
78804,2025-02-11 19:41:00,Referral,-,1,2
78830,2025-02-10 11:07:00,Direct Traffic,-,0,1
78830,2025-02-10 14:51:00,Direct Traffic,-,0,2
78830,2025-02-11 01:07:00,Display Ads,Brand Awareness,1,3
78830,2025-02-11 04:05:00,Display Ads,New Product Launch,1,4
78830,2025-02-11 09:46:00,Email,-,0,5
78830,2025-02-11 13:27:00,Display Ads,Winter Sale,1,6
78831,2025-02-10 14:49:00,Search Ads,Discount Offer,0,1
78831,2025-02-10 21:34:00,Social Media,New Product Launch,0,2
78831,2025-02-11 01:41:00,Referral,New Product Launch,1,3
78831,2025-02-11 05:03:00,Email,Brand Awareness,1,4
78831,2025-02-11 14:48:00,Direct Traffic,-,0,5
78862,2025-02-10 05:03:00,Email,-,1,1
78882,2025-02-10 00:02:00,Search Ads,-,1,1
78882,2025-02-10 14:36:00,Referral,-,0,2
78882,2025-02-10 15:42:00,Referral,Brand Awareness,0,3
78882,2025-02-10 23:29:00,Email,Retargeting,1,4
78925,2025-02-10 02:27:00,Social Media,Retargeting,0,1
78925,2025-02-10 17:39:00,Search Ads,-,1,2
78932,2025-02-10 12:21:00,Direct Traffic,-,1,1
78932,2025-02-10 17:48:00,Social Media,Brand Awareness,0,2
78932,2025-02-11 09:19:00,Email,New Product Launch,0,3
78945,2025-02-11 04:32:00,Social Media,-,1,1
78945,2025-02-11 11:40:00,Social Media,New Product Launch,0,2
78980,2025-02-10 19:03:00,Email,-,0,1
78980,2025-02-10 19:13:00,Display Ads,New Product Launch,0,2
78980,2025-02-10 19:22:00,Display Ads,Retargeting,0,3
78980,2025-02-11 17:37:00,Direct Traffic,-,1,4
79019,2025-02-10 07:10:00,Direct Traffic,-,1,1
79019,2025-02-10 10:32:00,Search Ads,Winter Sale,1,2
79019,2025-02-10 13:19:00,Email,Discount Offer,1,3
79019,2025-02-11 22:39:00,Display Ads,Retargeting,0,4
79087,2025-02-10 17:30:00,Direct Traffic,-,0,1
79087,2025-02-11 06:20:00,Search Ads,Retargeting,1,2
79091,2025-02-10 06:31:00,Social Media,New Product Launch,1,1
79091,2025-02-10 12:36:00,Referral,New Product Launch,0,2
79091,2025-02-10 21:12:00,Social Media,New Product Launch,0,3
79091,2025-02-11 09:27:00,Referral,-,0,4
79091,2025-02-11 12:42:00,Email,-,1,5
79091,2025-02-11 23:13:00,Social Media,-,0,6
79100,2025-02-10 15:51:00,Direct Traffic,-,0,1
79100,2025-02-10 16:34:00,Search Ads,New Product Launch,0,2
79131,2025-02-11 13:00:00,Social Media,Winter Sale,0,1
79131,2025-02-11 15:34:00,Direct Traffic,-,1,2
79162,2025-02-10 03:19:00,Email,New Product Launch,1,1
79162,2025-02-11 17:01:00,Email,Retargeting,1,2
79162,2025-02-11 22:25:00,Display Ads,Discount Offer,0,3
79163,2025-02-10 00:56:00,Search Ads,Winter Sale,1,1
79163,2025-02-10 07:17:00,Email,-,0,2
79163,2025-02-10 14:54:00,Referral,-,0,3
79163,2025-02-11 07:08:00,Referral,-,1,4
79163,2025-02-11 14:17:00,Display Ads,Brand Awareness,1,5
79163,2025-02-11 16:34:00,Social Media,Brand Awareness,1,6
79164,2025-02-11 01:57:00,Email,-,1,1
79164,2025-02-11 11:59:00,Social Media,-,0,2
79164,2025-02-11 23:35:00,Email,Brand Awareness,1,3
79181,2025-02-10 05:30:00,Display Ads,Winter Sale,0,1
79181,2025-02-10 06:34:00,Display Ads,Brand Awareness,0,2
79181,2025-02-10 08:13:00,Email,-,1,3
79181,2025-02-10 16:13:00,Search Ads,New Product Launch,0,4
79181,2025-02-11 14:48:00,Referral,Winter Sale,0,5
79181,2025-02-11 15:44:00,Social Media,New Product Launch,1,6
79189,2025-02-10 01:41:00,Referral,Retargeting,1,1
79189,2025-02-10 03:13:00,Display Ads,Winter Sale,1,2
79192,2025-02-10 00:03:00,Display Ads,Brand Awareness,0,1
79192,2025-02-10 11:44:00,Referral,-,1,2
79192,2025-02-10 18:45:00,Referral,Winter Sale,0,3
79192,2025-02-10 23:30:00,Referral,New Product Launch,0,4
79192,2025-02-11 13:56:00,Email,-,1,5
79192,2025-02-11 16:08:00,Social Media,Winter Sale,0,6
79192,2025-02-11 19:28:00,Search Ads,Winter Sale,0,7
79207,2025-02-10 15:48:00,Social Media,Brand Awareness,1,1
79207,2025-02-10 17:33:00,Referral,New Product Launch,0,2
79207,2025-02-11 05:08:00,Referral,-,1,3
79207,2025-02-11 10:17:00,Direct Traffic,-,1,4
79207,2025-02-11 18:13:00,Direct Traffic,-,1,5
79268,2025-02-10 23:01:00,Referral,Winter Sale,1,1
79268,2025-02-11 07:22:00,Search Ads,Discount Offer,1,2
79268,2025-02-11 07:49:00,Direct Traffic,-,0,3
79268,2025-02-11 15:08:00,Email,Discount Offer,0,4
79268,2025-02-11 20:40:00,Social Media,Brand Awareness,1,5
79268,2025-02-11 23:08:00,Email,Brand Awareness,0,6
79304,2025-02-10 02:05:00,Search Ads,New Product Launch,0,1
79304,2025-02-10 03:06:00,Direct Traffic,-,0,2
79304,2025-02-10 06:55:00,Direct Traffic,-,1,3
79304,2025-02-10 13:16:00,Referral,Discount Offer,1,4
79304,2025-02-10 21:38:00,Direct Traffic,-,0,5
79304,2025-02-11 06:52:00,Display Ads,Discount Offer,0,6
79304,2025-02-11 14:53:00,Direct Traffic,-,1,7
79307,2025-02-11 05:37:00,Email,Discount Offer,0,1
79384,2025-02-11 01:57:00,Display Ads,Brand Awareness,1,1
79384,2025-02-11 19:06:00,Email,New Product Launch,1,2
79404,2025-02-10 00:36:00,Social Media,Winter Sale,1,1
79404,2025-02-10 08:21:00,Social Media,New Product Launch,0,2
79404,2025-02-10 14:00:00,Search Ads,-,0,3
79404,2025-02-11 01:15:00,Direct Traffic,-,0,4
79404,2025-02-11 13:54:00,Social Media,Brand Awareness,0,5
79408,2025-02-10 03:41:00,Referral,Brand Awareness,1,1
79408,2025-02-10 18:36:00,Display Ads,New Product Launch,1,2
79408,2025-02-11 13:21:00,Display Ads,Discount Offer,0,3
79408,2025-02-11 22:26:00,Display Ads,Winter Sale,0,4
79444,2025-02-10 03:26:00,Referral,Winter Sale,1,1
79444,2025-02-10 18:00:00,Email,Retargeting,0,2
79461,2025-02-10 08:38:00,Email,Retargeting,1,1
79461,2025-02-10 18:48:00,Search Ads,New Product Launch,1,2
79461,2025-02-10 23:22:00,Social Media,New Product Launch,1,3
79461,2025-02-11 17:49:00,Display Ads,-,1,4
79493,2025-02-11 03:00:00,Email,-,0,1
79571,2025-02-10 00:02:00,Search Ads,Retargeting,0,1
79571,2025-02-10 11:00:00,Social Media,Winter Sale,1,2
79602,2025-02-10 16:34:00,Referral,-,0,1
79602,2025-02-11 04:45:00,Search Ads,Retargeting,0,2
79602,2025-02-11 10:05:00,Email,Discount Offer,0,3
79634,2025-02-10 00:59:00,Display Ads,Discount Offer,1,1
79634,2025-02-11 09:02:00,Search Ads,-,1,2
79692,2025-02-11 22:34:00,Search Ads,Retargeting,0,1
79781,2025-02-10 04:25:00,Social Media,Winter Sale,0,1
79781,2025-02-10 19:05:00,Direct Traffic,-,1,2
79781,2025-02-11 07:26:00,Referral,New Product Launch,0,3
79781,2025-02-11 22:51:00,Referral,New Product Launch,1,4
79789,2025-02-10 15:07:00,Direct Traffic,-,0,1
79789,2025-02-10 17:42:00,Display Ads,Winter Sale,0,2
79789,2025-02-11 14:57:00,Social Media,Retargeting,0,3
79789,2025-02-11 23:22:00,Direct Traffic,-,0,4
79796,2025-02-10 15:02:00,Display Ads,Brand Awareness,0,1
79796,2025-02-11 08:23:00,Email,Discount Offer,1,2
79796,2025-02-11 09:49:00,Social Media,New Product Launch,0,3
79796,2025-02-11 15:38:00,Email,-,1,4
79823,2025-02-10 11:40:00,Email,-,1,1
79823,2025-02-10 16:04:00,Display Ads,Retargeting,0,2
79823,2025-02-10 19:54:00,Direct Traffic,-,0,3
79823,2025-02-11 15:51:00,Social Media,Winter Sale,1,4
79835,2025-02-10 08:08:00,Display Ads,New Product Launch,1,1
79835,2025-02-10 10:21:00,Search Ads,Winter Sale,0,2
79835,2025-02-11 03:13:00,Referral,-,0,3
79835,2025-02-11 20:14:00,Referral,Brand Awareness,0,4
79863,2025-02-10 06:48:00,Display Ads,Discount Offer,1,1
79863,2025-02-10 08:42:00,Social Media,New Product Launch,0,2
79863,2025-02-11 06:53:00,Display Ads,Retargeting,1,3
79863,2025-02-11 12:14:00,Social Media,Retargeting,0,4
79863,2025-02-11 17:51:00,Direct Traffic,-,1,5
79863,2025-02-11 19:24:00,Direct Traffic,-,1,6
79863,2025-02-11 21:09:00,Display Ads,New Product Launch,0,7
79880,2025-02-10 20:26:00,Social Media,Brand Awareness,0,1
79880,2025-02-11 11:27:00,Direct Traffic,-,0,2
79880,2025-02-11 13:01:00,Referral,Discount Offer,0,3
79883,2025-02-10 01:29:00,Display Ads,-,1,1
79883,2025-02-10 01:38:00,Search Ads,Discount Offer,1,2
79883,2025-02-10 09:22:00,Referral,Winter Sale,1,3
79883,2025-02-10 16:16:00,Email,-,1,4
79883,2025-02-10 22:09:00,Display Ads,Retargeting,0,5
79883,2025-02-11 02:30:00,Search Ads,Brand Awareness,1,6
79883,2025-02-11 20:39:00,Referral,New Product Launch,1,7
79891,2025-02-10 05:52:00,Search Ads,Retargeting,1,1
79891,2025-02-10 11:58:00,Referral,Retargeting,1,2
79891,2025-02-11 14:24:00,Search Ads,-,1,3
79894,2025-02-10 09:49:00,Social Media,Winter Sale,0,1
79894,2025-02-10 19:11:00,Email,Winter Sale,1,2
79894,2025-02-10 23:47:00,Referral,Brand Awareness,1,3
79894,2025-02-11 12:07:00,Direct Traffic,-,1,4
79906,2025-02-10 01:29:00,Display Ads,Brand Awareness,1,1
79906,2025-02-10 05:26:00,Direct Traffic,-,0,2
79906,2025-02-11 04:12:00,Email,-,0,3
79906,2025-02-11 13:06:00,Display Ads,Brand Awareness,1,4
79907,2025-02-10 01:41:00,Display Ads,Retargeting,1,1
79907,2025-02-10 17:14:00,Social Media,Discount Offer,0,2
79907,2025-02-10 19:22:00,Email,-,1,3
79941,2025-02-10 04:36:00,Social Media,Winter Sale,0,1
79941,2025-02-10 17:57:00,Email,Discount Offer,1,2
79941,2025-02-10 18:37:00,Display Ads,Retargeting,0,3
79941,2025-02-10 22:29:00,Search Ads,Discount Offer,1,4
79941,2025-02-11 15:18:00,Email,Brand Awareness,0,5
79969,2025-02-10 01:12:00,Display Ads,New Product Launch,0,1
79969,2025-02-10 14:05:00,Email,New Product Launch,1,2
79969,2025-02-10 18:43:00,Social Media,Retargeting,0,3
79969,2025-02-11 11:13:00,Direct Traffic,-,0,4
80046,2025-02-11 08:59:00,Social Media,Retargeting,0,1
80046,2025-02-11 18:12:00,Search Ads,-,1,2
80070,2025-02-10 03:42:00,Display Ads,New Product Launch,0,1
80097,2025-02-10 14:18:00,Social Media,Discount Offer,1,1
80097,2025-02-11 20:46:00,Social Media,Brand Awareness,0,2
80133,2025-02-10 02:48:00,Social Media,-,0,1
80133,2025-02-10 04:28:00,Search Ads,Winter Sale,1,2
80133,2025-02-11 04:47:00,Referral,Retargeting,0,3
80133,2025-02-11 12:01:00,Search Ads,Discount Offer,1,4
80133,2025-02-11 15:40:00,Email,Retargeting,0,5
80202,2025-02-10 04:46:00,Direct Traffic,-,1,1
80202,2025-02-11 05:28:00,Display Ads,Brand Awareness,1,2
80202,2025-02-11 18:00:00,Referral,Winter Sale,0,3
80204,2025-02-10 01:28:00,Display Ads,Discount Offer,0,1
80204,2025-02-11 00:06:00,Email,-,0,2
80259,2025-02-10 16:50:00,Direct Traffic,-,0,1
80259,2025-02-11 04:34:00,Direct Traffic,-,0,2
80259,2025-02-11 14:57:00,Referral,Winter Sale,0,3
80259,2025-02-11 16:22:00,Direct Traffic,-,1,4
80259,2025-02-11 21:28:00,Email,Winter Sale,1,5
80259,2025-02-11 21:47:00,Email,Winter Sale,0,6
80267,2025-02-10 00:45:00,Referral,-,0,1
80267,2025-02-11 08:30:00,Display Ads,New Product Launch,1,2
80282,2025-02-10 06:57:00,Social Media,Retargeting,0,1
80282,2025-02-10 16:06:00,Referral,Winter Sale,0,2
80282,2025-02-11 07:15:00,Display Ads,Retargeting,1,3
80282,2025-02-11 23:52:00,Email,Retargeting,1,4
80298,2025-02-10 02:15:00,Referral,Retargeting,0,1
80298,2025-02-10 07:23:00,Social Media,-,1,2
80298,2025-02-10 22:46:00,Direct Traffic,-,1,3
80324,2025-02-10 03:24:00,Social Media,Brand Awareness,0,1
80368,2025-02-10 17:10:00,Direct Traffic,-,0,1
80368,2025-02-10 23:14:00,Email,Discount Offer,0,2
80368,2025-02-11 08:30:00,Social Media,Discount Offer,1,3
80368,2025-02-11 21:46:00,Search Ads,Retargeting,0,4
80392,2025-02-10 18:44:00,Social Media,Brand Awareness,0,1
80392,2025-02-11 02:25:00,Search Ads,Brand Awareness,1,2
80392,2025-02-11 10:13:00,Direct Traffic,-,1,3
80392,2025-02-11 17:32:00,Social Media,Discount Offer,1,4
80471,2025-02-10 07:21:00,Display Ads,-,0,1
80471,2025-02-11 12:48:00,Search Ads,Retargeting,0,2
80471,2025-02-11 14:49:00,Display Ads,Discount Offer,1,3
80471,2025-02-11 17:01:00,Email,Discount Offer,0,4
80474,2025-02-10 08:50:00,Search Ads,Winter Sale,1,1
80474,2025-02-11 05:13:00,Search Ads,Winter Sale,1,2
80474,2025-02-11 13:45:00,Referral,-,0,3
80481,2025-02-11 04:14:00,Social Media,Discount Offer,1,1
80481,2025-02-11 15:31:00,Social Media,New Product Launch,0,2
80481,2025-02-11 21:36:00,Display Ads,Winter Sale,0,3
80503,2025-02-10 16:53:00,Social Media,-,1,1
80503,2025-02-11 05:19:00,Search Ads,Brand Awareness,1,2
80527,2025-02-11 04:01:00,Social Media,-,0,1
80527,2025-02-11 08:49:00,Social Media,-,1,2
80527,2025-02-11 15:35:00,Email,Retargeting,0,3
80527,2025-02-11 23:52:00,Direct Traffic,-,1,4
80549,2025-02-10 16:05:00,Referral,Brand Awareness,1,1
80549,2025-02-10 16:41:00,Direct Traffic,-,0,2
80549,2025-02-10 18:28:00,Email,Discount Offer,0,3
80549,2025-02-10 19:26:00,Search Ads,Winter Sale,0,4
80549,2025-02-11 13:36:00,Referral,Winter Sale,0,5
80549,2025-02-11 16:45:00,Display Ads,New Product Launch,0,6
80551,2025-02-10 00:01:00,Direct Traffic,-,1,1
80551,2025-02-10 20:00:00,Direct Traffic,-,1,2
80551,2025-02-11 07:40:00,Referral,Retargeting,0,3
80551,2025-02-11 09:03:00,Social Media,Winter Sale,1,4
80552,2025-02-10 11:20:00,Email,-,0,1
80552,2025-02-11 02:23:00,Email,Brand Awareness,1,2
80575,2025-02-10 04:08:00,Social Media,Retargeting,1,1
80575,2025-02-11 08:12:00,Display Ads,-,0,2
80575,2025-02-11 08:42:00,Direct Traffic,-,1,3
80602,2025-02-10 00:02:00,Display Ads,-,0,1
80602,2025-02-10 10:42:00,Social Media,New Product Launch,0,2
80602,2025-02-10 20:31:00,Display Ads,New Product Launch,0,3
80602,2025-02-11 12:27:00,Display Ads,Discount Offer,0,4
80602,2025-02-11 17:35:00,Direct Traffic,-,0,5
80604,2025-02-10 00:55:00,Referral,Discount Offer,0,1
80604,2025-02-10 02:20:00,Search Ads,Brand Awareness,1,2
80604,2025-02-10 03:26:00,Social Media,Winter Sale,0,3
80604,2025-02-10 22:22:00,Email,-,0,4
80604,2025-02-10 22:28:00,Social Media,Winter Sale,0,5
80604,2025-02-11 00:56:00,Social Media,Brand Awareness,1,6
80604,2025-02-11 04:57:00,Display Ads,Discount Offer,0,7
80604,2025-02-11 11:00:00,Direct Traffic,-,0,8
80623,2025-02-10 03:49:00,Search Ads,Discount Offer,0,1
80623,2025-02-10 07:29:00,Display Ads,Brand Awareness,1,2
80623,2025-02-10 17:40:00,Social Media,-,1,3
80623,2025-02-11 07:29:00,Display Ads,-,0,4
80623,2025-02-11 08:42:00,Email,Winter Sale,0,5
80623,2025-02-11 15:53:00,Email,New Product Launch,1,6
80631,2025-02-10 18:29:00,Search Ads,Brand Awareness,0,1
80631,2025-02-11 15:16:00,Social Media,New Product Launch,0,2
80653,2025-02-10 17:01:00,Search Ads,New Product Launch,1,1
80653,2025-02-10 20:52:00,Display Ads,New Product Launch,1,2
80670,2025-02-11 03:04:00,Email,Discount Offer,1,1
80683,2025-02-10 00:19:00,Direct Traffic,-,1,1
80683,2025-02-11 06:21:00,Direct Traffic,-,1,2
80731,2025-02-10 02:29:00,Display Ads,Retargeting,0,1
80731,2025-02-11 05:46:00,Email,Retargeting,1,2
80731,2025-02-11 14:58:00,Direct Traffic,-,0,3
80731,2025-02-11 16:11:00,Search Ads,Discount Offer,0,4
80731,2025-02-11 22:59:00,Email,Retargeting,1,5
80739,2025-02-10 04:43:00,Display Ads,New Product Launch,0,1
80739,2025-02-10 05:09:00,Referral,Discount Offer,1,2
80739,2025-02-10 11:08:00,Referral,-,1,3
80739,2025-02-10 16:16:00,Referral,-,1,4
80739,2025-02-10 18:20:00,Referral,Winter Sale,0,5
80739,2025-02-11 15:58:00,Search Ads,Discount Offer,0,6
80769,2025-02-10 12:36:00,Display Ads,Discount Offer,0,1
80769,2025-02-10 23:32:00,Direct Traffic,-,1,2
80769,2025-02-11 00:08:00,Direct Traffic,-,0,3
80769,2025-02-11 04:59:00,Search Ads,Retargeting,0,4
80769,2025-02-11 15:47:00,Social Media,Brand Awareness,1,5
80804,2025-02-10 05:18:00,Social Media,Retargeting,0,1
80804,2025-02-10 10:10:00,Social Media,New Product Launch,0,2
80804,2025-02-10 14:12:00,Search Ads,Brand Awareness,1,3
80804,2025-02-10 18:53:00,Display Ads,Brand Awareness,0,4
80804,2025-02-11 01:24:00,Display Ads,Retargeting,1,5
80804,2025-02-11 22:19:00,Referral,New Product Launch,0,6
80892,2025-02-10 19:23:00,Referral,-,0,1
80892,2025-02-11 22:56:00,Display Ads,Retargeting,0,2
80904,2025-02-10 12:04:00,Direct Traffic,-,1,1
80904,2025-02-11 05:29:00,Search Ads,New Product Launch,0,2
80904,2025-02-11 06:13:00,Display Ads,Retargeting,0,3
80938,2025-02-10 02:09:00,Search Ads,New Product Launch,0,1
80938,2025-02-10 14:22:00,Social Media,-,1,2
80938,2025-02-11 08:06:00,Social Media,New Product Launch,1,3
80938,2025-02-11 09:48:00,Direct Traffic,-,0,4
80944,2025-02-10 13:35:00,Referral,Discount Offer,1,1
80944,2025-02-11 02:17:00,Direct Traffic,-,0,2
80944,2025-02-11 03:34:00,Referral,-,1,3
80960,2025-02-10 17:29:00,Direct Traffic,-,1,1
80960,2025-02-11 22:36:00,Search Ads,Retargeting,0,2
80967,2025-02-10 19:36:00,Social Media,-,1,1
80967,2025-02-11 00:07:00,Email,-,1,2
80967,2025-02-11 13:50:00,Social Media,Winter Sale,1,3
80999,2025-02-10 02:00:00,Referral,Winter Sale,1,1
80999,2025-02-10 04:43:00,Display Ads,Winter Sale,1,2
80999,2025-02-10 11:16:00,Display Ads,Retargeting,0,3
80999,2025-02-10 13:36:00,Social Media,-,0,4
81053,2025-02-10 00:17:00,Display Ads,-,0,1
81053,2025-02-10 06:42:00,Display Ads,Discount Offer,1,2
81053,2025-02-10 09:33:00,Direct Traffic,-,1,3
81053,2025-02-10 12:41:00,Referral,Winter Sale,0,4
81053,2025-02-10 14:00:00,Search Ads,Discount Offer,0,5
81053,2025-02-11 13:41:00,Referral,Brand Awareness,1,6
81103,2025-02-10 02:49:00,Email,Discount Offer,1,1
81103,2025-02-11 02:04:00,Referral,New Product Launch,0,2
81103,2025-02-11 04:37:00,Direct Traffic,-,0,3
81103,2025-02-11 10:19:00,Social Media,Brand Awareness,1,4
81152,2025-02-11 17:37:00,Display Ads,Retargeting,0,1
81152,2025-02-11 19:49:00,Direct Traffic,-,1,2
81168,2025-02-10 04:00:00,Referral,New Product Launch,1,1
81168,2025-02-10 10:22:00,Search Ads,-,0,2
81168,2025-02-11 03:24:00,Social Media,Winter Sale,1,3
81168,2025-02-11 21:09:00,Email,Brand Awareness,0,4
81190,2025-02-10 03:07:00,Display Ads,-,0,1
81190,2025-02-10 18:23:00,Direct Traffic,-,0,2
81190,2025-02-11 08:11:00,Social Media,Retargeting,0,3
81212,2025-02-10 21:45:00,Email,New Product Launch,0,1
81244,2025-02-10 10:03:00,Social Media,New Product Launch,1,1
81244,2025-02-10 11:53:00,Direct Traffic,-,0,2
81244,2025-02-11 10:37:00,Social Media,Discount Offer,1,3
81244,2025-02-11 21:23:00,Referral,Retargeting,0,4
81291,2025-02-11 16:59:00,Search Ads,Brand Awareness,1,1
81299,2025-02-10 21:09:00,Search Ads,-,0,1
81300,2025-02-10 12:57:00,Email,Retargeting,0,1
81300,2025-02-11 08:27:00,Email,-,1,2
81300,2025-02-11 12:44:00,Search Ads,Winter Sale,0,3
81316,2025-02-11 02:38:00,Search Ads,New Product Launch,1,1
81316,2025-02-11 12:47:00,Display Ads,Retargeting,0,2
81316,2025-02-11 13:56:00,Display Ads,Brand Awareness,1,3
81316,2025-02-11 15:07:00,Email,New Product Launch,0,4
81371,2025-02-10 04:28:00,Search Ads,Brand Awareness,0,1
81371,2025-02-10 13:08:00,Social Media,Winter Sale,1,2
81371,2025-02-11 05:13:00,Email,Brand Awareness,0,3
81371,2025-02-11 05:54:00,Direct Traffic,-,0,4
81371,2025-02-11 08:10:00,Direct Traffic,-,0,5
81406,2025-02-10 06:46:00,Email,Winter Sale,1,1
81406,2025-02-10 16:07:00,Search Ads,Retargeting,1,2
81406,2025-02-10 18:19:00,Referral,Brand Awareness,1,3
81406,2025-02-11 20:17:00,Direct Traffic,-,1,4
81446,2025-02-11 21:31:00,Social Media,Winter Sale,0,1
81446,2025-02-11 23:22:00,Display Ads,Discount Offer,0,2
81470,2025-02-10 04:51:00,Search Ads,Retargeting,1,1
81470,2025-02-10 11:21:00,Direct Traffic,-,0,2
81470,2025-02-10 14:30:00,Search Ads,Winter Sale,1,3
81470,2025-02-10 18:06:00,Referral,Retargeting,1,4
81470,2025-02-11 07:05:00,Social Media,-,0,5
81470,2025-02-11 20:59:00,Referral,Discount Offer,0,6
81479,2025-02-10 07:12:00,Display Ads,New Product Launch,0,1
81479,2025-02-11 08:43:00,Social Media,Retargeting,1,2
81493,2025-02-11 14:59:00,Social Media,-,1,1
81493,2025-02-11 17:26:00,Display Ads,Brand Awareness,0,2
81530,2025-02-10 02:21:00,Display Ads,Brand Awareness,1,1
81531,2025-02-10 04:58:00,Display Ads,New Product Launch,0,1
81531,2025-02-11 18:37:00,Email,-,1,2
81545,2025-02-10 05:27:00,Referral,-,0,1
81545,2025-02-11 15:42:00,Search Ads,Retargeting,0,2
81545,2025-02-11 16:26:00,Display Ads,-,1,3
81563,2025-02-10 19:29:00,Display Ads,Discount Offer,1,1
81563,2025-02-11 07:47:00,Display Ads,Brand Awareness,1,2
81563,2025-02-11 16:49:00,Referral,Discount Offer,0,3
81563,2025-02-11 23:15:00,Referral,Winter Sale,0,4
81582,2025-02-10 12:29:00,Direct Traffic,-,1,1
81689,2025-02-10 00:11:00,Display Ads,New Product Launch,0,1
81689,2025-02-10 11:45:00,Email,Winter Sale,1,2
81689,2025-02-11 15:01:00,Display Ads,Winter Sale,1,3
81689,2025-02-11 18:13:00,Direct Traffic,-,0,4
81711,2025-02-10 03:20:00,Display Ads,-,0,1
81711,2025-02-10 04:36:00,Referral,Winter Sale,0,2
81711,2025-02-10 06:47:00,Social Media,New Product Launch,1,3
81711,2025-02-10 18:39:00,Social Media,-,0,4
81847,2025-02-10 02:48:00,Search Ads,Brand Awareness,0,1
81847,2025-02-10 07:28:00,Referral,-,1,2
81847,2025-02-10 11:50:00,Social Media,Brand Awareness,1,3
81847,2025-02-10 13:00:00,Referral,Discount Offer,0,4
81847,2025-02-10 19:26:00,Search Ads,-,1,5
81847,2025-02-11 01:51:00,Social Media,Brand Awareness,1,6
81851,2025-02-10 17:10:00,Social Media,Discount Offer,1,1
81851,2025-02-10 21:43:00,Referral,-,0,2
81851,2025-02-11 07:14:00,Direct Traffic,-,1,3
81851,2025-02-11 23:38:00,Display Ads,Retargeting,0,4
81855,2025-02-10 00:44:00,Referral,Retargeting,0,1
81855,2025-02-10 19:24:00,Direct Traffic,-,0,2
81855,2025-02-11 03:56:00,Search Ads,Retargeting,0,3
81888,2025-02-10 23:36:00,Social Media,Retargeting,0,1
81888,2025-02-11 00:28:00,Email,Retargeting,1,2
81888,2025-02-11 03:56:00,Direct Traffic,-,1,3
81908,2025-02-10 11:51:00,Display Ads,-,1,1
81908,2025-02-11 01:22:00,Display Ads,Winter Sale,1,2
81908,2025-02-11 07:54:00,Direct Traffic,-,0,3
81937,2025-02-10 00:02:00,Display Ads,Retargeting,1,1
81937,2025-02-11 04:06:00,Display Ads,-,1,2
81943,2025-02-11 19:39:00,Search Ads,-,0,1
81952,2025-02-10 06:07:00,Search Ads,-,1,1
81952,2025-02-10 18:28:00,Direct Traffic,-,0,2
81952,2025-02-10 20:35:00,Social Media,Discount Offer,1,3
81952,2025-02-11 20:41:00,Social Media,New Product Launch,0,4
81964,2025-02-10 13:30:00,Email,New Product Launch,0,1
81964,2025-02-11 12:57:00,Email,Discount Offer,0,2
81964,2025-02-11 19:53:00,Social Media,Brand Awareness,1,3
81974,2025-02-10 08:35:00,Display Ads,Discount Offer,1,1
81974,2025-02-11 03:50:00,Email,New Product Launch,0,2
81974,2025-02-11 10:29:00,Direct Traffic,-,0,3
81974,2025-02-11 15:28:00,Search Ads,Winter Sale,1,4
82005,2025-02-11 05:26:00,Social Media,Discount Offer,1,1
82005,2025-02-11 07:28:00,Search Ads,Winter Sale,1,2
82005,2025-02-11 11:39:00,Search Ads,Winter Sale,0,3
82038,2025-02-10 10:52:00,Search Ads,Winter Sale,0,1
82038,2025-02-10 22:20:00,Direct Traffic,-,0,2
82038,2025-02-11 05:35:00,Direct Traffic,-,0,3
82044,2025-02-10 10:31:00,Referral,Brand Awareness,0,1
82044,2025-02-10 10:51:00,Email,New Product Launch,1,2
82044,2025-02-10 11:48:00,Referral,New Product Launch,1,3
82044,2025-02-10 15:47:00,Referral,Brand Awareness,1,4
82044,2025-02-11 19:45:00,Social Media,Brand Awareness,0,5
82045,2025-02-10 09:21:00,Referral,Retargeting,1,1
82045,2025-02-10 11:48:00,Email,New Product Launch,0,2
82050,2025-02-10 03:15:00,Referral,Retargeting,0,1
82050,2025-02-10 08:39:00,Search Ads,Retargeting,1,2
82050,2025-02-10 11:22:00,Display Ads,Retargeting,1,3
82050,2025-02-10 12:30:00,Display Ads,Discount Offer,0,4
82050,2025-02-10 22:04:00,Referral,Discount Offer,1,5
82050,2025-02-11 22:27:00,Referral,Brand Awareness,0,6
82058,2025-02-10 00:21:00,Search Ads,Brand Awareness,0,1
82058,2025-02-10 01:46:00,Display Ads,Retargeting,1,2
82058,2025-02-10 05:47:00,Referral,Winter Sale,0,3
82064,2025-02-10 10:15:00,Social Media,New Product Launch,0,1
82064,2025-02-10 17:57:00,Referral,Winter Sale,0,2
82064,2025-02-10 23:05:00,Email,-,1,3
82064,2025-02-11 05:19:00,Search Ads,New Product Launch,1,4
82064,2025-02-11 09:48:00,Email,Discount Offer,0,5
82118,2025-02-10 07:41:00,Referral,Retargeting,0,1
82118,2025-02-11 18:15:00,Referral,Retargeting,1,2
82125,2025-02-10 00:27:00,Email,Discount Offer,1,1
82125,2025-02-10 10:30:00,Direct Traffic,-,1,2
82125,2025-02-10 18:58:00,Email,New Product Launch,0,3
82125,2025-02-11 02:55:00,Search Ads,Retargeting,1,4
82125,2025-02-11 14:18:00,Referral,Discount Offer,1,5
82125,2025-02-11 14:35:00,Direct Traffic,-,0,6
82125,2025-02-11 22:54:00,Display Ads,Retargeting,0,7
82159,2025-02-10 11:30:00,Social Media,New Product Launch,0,1
82159,2025-02-10 21:05:00,Social Media,Winter Sale,0,2
82159,2025-02-10 22:00:00,Email,-,0,3
82159,2025-02-11 12:32:00,Direct Traffic,-,1,4
82166,2025-02-10 06:56:00,Search Ads,Discount Offer,0,1
82166,2025-02-10 09:47:00,Search Ads,Winter Sale,0,2
82166,2025-02-11 02:32:00,Email,Discount Offer,1,3
82166,2025-02-11 08:45:00,Referral,New Product Launch,0,4
82166,2025-02-11 12:55:00,Referral,Winter Sale,1,5
82166,2025-02-11 13:27:00,Email,Discount Offer,1,6
82166,2025-02-11 14:29:00,Search Ads,Winter Sale,0,7
82182,2025-02-10 16:39:00,Display Ads,-,1,1
82182,2025-02-10 21:15:00,Email,New Product Launch,0,2
82182,2025-02-11 05:30:00,Search Ads,Discount Offer,1,3
82225,2025-02-10 08:15:00,Display Ads,Winter Sale,1,1
82225,2025-02-11 10:07:00,Display Ads,-,1,2
82225,2025-02-11 12:14:00,Direct Traffic,-,1,3
82225,2025-02-11 18:58:00,Display Ads,-,1,4
82225,2025-02-11 20:17:00,Email,New Product Launch,1,5
82259,2025-02-10 23:25:00,Referral,Retargeting,1,1
82259,2025-02-11 13:08:00,Referral,Discount Offer,0,2
82330,2025-02-10 15:22:00,Social Media,Retargeting,0,1
82330,2025-02-10 17:03:00,Email,Retargeting,0,2
82330,2025-02-11 02:32:00,Referral,Retargeting,0,3
82330,2025-02-11 07:32:00,Direct Traffic,-,0,4
82338,2025-02-11 05:37:00,Email,-,1,1
82338,2025-02-11 18:10:00,Display Ads,Discount Offer,1,2
82338,2025-02-11 20:45:00,Email,Discount Offer,1,3
82427,2025-02-10 02:03:00,Display Ads,New Product Launch,1,1
82427,2025-02-11 03:02:00,Social Media,-,0,2
82427,2025-02-11 06:18:00,Display Ads,Winter Sale,0,3
82446,2025-02-11 02:49:00,Social Media,Brand Awareness,0,1
82495,2025-02-10 01:32:00,Direct Traffic,-,1,1
82495,2025-02-10 06:21:00,Display Ads,Winter Sale,1,2
82495,2025-02-10 06:55:00,Social Media,Retargeting,0,3
82495,2025-02-11 00:00:00,Social Media,Winter Sale,0,4
82495,2025-02-11 08:06:00,Search Ads,Winter Sale,0,5
82497,2025-02-10 05:58:00,Display Ads,Brand Awareness,0,1
82497,2025-02-10 18:23:00,Direct Traffic,-,0,2
82505,2025-02-10 02:26:00,Direct Traffic,-,0,1
82505,2025-02-10 18:14:00,Social Media,-,1,2
82505,2025-02-10 23:09:00,Email,Brand Awareness,0,3
82505,2025-02-11 00:01:00,Display Ads,New Product Launch,0,4
82505,2025-02-11 08:27:00,Email,New Product Launch,0,5
82505,2025-02-11 09:00:00,Email,Retargeting,0,6
82551,2025-02-10 05:29:00,Email,Discount Offer,0,1
82551,2025-02-11 11:16:00,Email,-,1,2
82557,2025-02-10 21:42:00,Social Media,Winter Sale,1,1
82557,2025-02-11 15:19:00,Social Media,Retargeting,0,2
82557,2025-02-11 21:47:00,Referral,-,1,3
82581,2025-02-11 01:31:00,Direct Traffic,-,1,1
82581,2025-02-11 21:17:00,Direct Traffic,-,1,2
82610,2025-02-11 12:22:00,Direct Traffic,-,0,1
82667,2025-02-10 07:37:00,Display Ads,-,0,1
82667,2025-02-10 12:56:00,Email,Winter Sale,1,2
82667,2025-02-11 11:10:00,Display Ads,Brand Awareness,1,3
82667,2025-02-11 18:05:00,Social Media,Discount Offer,1,4
82668,2025-02-10 07:47:00,Referral,Discount Offer,0,1
82668,2025-02-10 22:01:00,Referral,Retargeting,1,2
82701,2025-02-10 12:37:00,Direct Traffic,-,0,1
82701,2025-02-11 07:29:00,Social Media,Winter Sale,0,2
82701,2025-02-11 14:20:00,Email,Brand Awareness,0,3
82708,2025-02-10 04:00:00,Email,Brand Awareness,0,1
82708,2025-02-10 14:17:00,Direct Traffic,-,0,2
82708,2025-02-10 14:48:00,Search Ads,Winter Sale,1,3
82708,2025-02-10 23:22:00,Social Media,-,0,4
82712,2025-02-10 04:38:00,Referral,-,0,1
82712,2025-02-11 03:38:00,Direct Traffic,-,1,2
82764,2025-02-10 00:37:00,Referral,Retargeting,0,1
82764,2025-02-10 03:20:00,Email,Winter Sale,0,2
82764,2025-02-10 17:27:00,Email,Brand Awareness,0,3
82764,2025-02-11 20:35:00,Direct Traffic,-,0,4
82764,2025-02-11 23:19:00,Referral,Brand Awareness,1,5
82774,2025-02-11 04:27:00,Search Ads,Winter Sale,0,1
82774,2025-02-11 06:36:00,Email,-,0,2
82774,2025-02-11 11:49:00,Referral,New Product Launch,0,3
82783,2025-02-10 08:20:00,Display Ads,Retargeting,1,1
82783,2025-02-10 19:37:00,Social Media,Retargeting,0,2
82798,2025-02-10 08:12:00,Display Ads,New Product Launch,0,1
82798,2025-02-10 08:57:00,Display Ads,New Product Launch,1,2
82798,2025-02-11 09:35:00,Email,Winter Sale,1,3
82798,2025-02-11 14:49:00,Email,New Product Launch,1,4
82862,2025-02-10 01:39:00,Direct Traffic,-,0,1
82862,2025-02-10 06:03:00,Referral,Retargeting,0,2
82862,2025-02-10 09:23:00,Display Ads,Discount Offer,0,3
82862,2025-02-10 21:08:00,Email,Winter Sale,0,4
82862,2025-02-11 07:26:00,Social Media,Discount Offer,1,5
82862,2025-02-11 10:45:00,Direct Traffic,-,0,6
82862,2025-02-11 18:56:00,Direct Traffic,-,1,7
82916,2025-02-10 02:11:00,Referral,Winter Sale,0,1
82916,2025-02-11 19:51:00,Search Ads,Retargeting,0,2
82927,2025-02-10 03:35:00,Search Ads,-,0,1
82927,2025-02-11 05:02:00,Direct Traffic,-,1,2
82929,2025-02-11 00:48:00,Referral,Brand Awareness,1,1
82929,2025-02-11 17:43:00,Search Ads,New Product Launch,0,2
82929,2025-02-11 20:19:00,Referral,Discount Offer,1,3
82929,2025-02-11 21:43:00,Referral,-,1,4
82938,2025-02-10 13:05:00,Search Ads,Retargeting,0,1
82938,2025-02-11 01:16:00,Search Ads,-,1,2
83035,2025-02-10 00:12:00,Social Media,-,1,1
83035,2025-02-10 12:36:00,Email,Brand Awareness,1,2
83035,2025-02-10 17:36:00,Referral,New Product Launch,0,3
83035,2025-02-11 01:13:00,Email,New Product Launch,0,4
83035,2025-02-11 02:33:00,Email,Winter Sale,0,5
83035,2025-02-11 19:19:00,Direct Traffic,-,1,6
83035,2025-02-11 21:18:00,Email,Discount Offer,0,7
83093,2025-02-10 00:34:00,Referral,New Product Launch,1,1
83093,2025-02-10 08:50:00,Email,Brand Awareness,1,2
83093,2025-02-10 21:52:00,Social Media,Winter Sale,0,3
83093,2025-02-11 01:23:00,Direct Traffic,-,1,4
83147,2025-02-10 09:42:00,Referral,Winter Sale,1,1
83147,2025-02-10 18:55:00,Search Ads,-,0,2
83147,2025-02-10 22:11:00,Email,Discount Offer,0,3
83147,2025-02-11 01:02:00,Referral,Brand Awareness,0,4
83147,2025-02-11 16:10:00,Search Ads,Retargeting,1,5
83147,2025-02-11 18:56:00,Email,Winter Sale,1,6
83149,2025-02-10 00:03:00,Search Ads,Winter Sale,0,1
83149,2025-02-10 02:11:00,Referral,New Product Launch,0,2
83149,2025-02-10 05:19:00,Social Media,Discount Offer,0,3
83149,2025-02-11 08:42:00,Email,Discount Offer,1,4
83149,2025-02-11 13:15:00,Referral,New Product Launch,1,5
83153,2025-02-10 05:52:00,Direct Traffic,-,1,1
83153,2025-02-10 13:42:00,Social Media,Discount Offer,1,2
83153,2025-02-10 23:17:00,Direct Traffic,-,1,3
83153,2025-02-11 01:08:00,Social Media,Brand Awareness,0,4
83153,2025-02-11 07:50:00,Email,-,0,5
83153,2025-02-11 13:41:00,Direct Traffic,-,1,6
83153,2025-02-11 16:10:00,Referral,Brand Awareness,0,7
83153,2025-02-11 18:22:00,Email,Retargeting,1,8
83254,2025-02-10 02:56:00,Display Ads,New Product Launch,1,1
83254,2025-02-10 16:22:00,Email,-,1,2
83254,2025-02-11 15:37:00,Email,Retargeting,1,3
83281,2025-02-10 07:58:00,Email,New Product Launch,0,1
83281,2025-02-10 09:42:00,Display Ads,Retargeting,0,2
83281,2025-02-10 16:18:00,Email,Winter Sale,0,3
83281,2025-02-10 19:13:00,Email,-,0,4
83281,2025-02-10 23:56:00,Display Ads,-,0,5
83281,2025-02-11 15:01:00,Referral,New Product Launch,1,6
83286,2025-02-10 17:08:00,Display Ads,Discount Offer,1,1
83286,2025-02-10 17:55:00,Search Ads,Brand Awareness,1,2
83286,2025-02-11 10:50:00,Social Media,Retargeting,0,3
83286,2025-02-11 16:16:00,Social Media,Discount Offer,0,4
83286,2025-02-11 17:50:00,Referral,Discount Offer,1,5
83306,2025-02-11 09:26:00,Search Ads,Winter Sale,1,1
83307,2025-02-10 07:17:00,Search Ads,-,0,1
83307,2025-02-11 16:09:00,Search Ads,Winter Sale,0,2
83312,2025-02-10 18:06:00,Email,Brand Awareness,0,1
83312,2025-02-10 19:33:00,Email,Retargeting,1,2
83319,2025-02-10 19:56:00,Email,Winter Sale,1,1
83319,2025-02-11 03:45:00,Display Ads,Retargeting,1,2
83319,2025-02-11 09:49:00,Direct Traffic,-,1,3
83320,2025-02-11 17:13:00,Email,Winter Sale,1,1
83320,2025-02-11 22:00:00,Direct Traffic,-,0,2
83354,2025-02-10 03:13:00,Search Ads,New Product Launch,1,1
83354,2025-02-10 19:19:00,Search Ads,New Product Launch,1,2
83354,2025-02-11 08:13:00,Search Ads,Discount Offer,1,3
83354,2025-02-11 20:18:00,Social Media,New Product Launch,1,4
83355,2025-02-10 07:52:00,Email,New Product Launch,0,1
83355,2025-02-10 08:51:00,Social Media,Winter Sale,0,2
83355,2025-02-10 15:11:00,Direct Traffic,-,1,3
83481,2025-02-10 01:46:00,Display Ads,Winter Sale,1,1
83481,2025-02-10 02:43:00,Search Ads,Retargeting,1,2
83481,2025-02-10 18:56:00,Display Ads,Winter Sale,1,3
83481,2025-02-11 11:29:00,Display Ads,Winter Sale,1,4
83481,2025-02-11 11:46:00,Direct Traffic,-,0,5
83481,2025-02-11 17:05:00,Display Ads,Retargeting,1,6
83481,2025-02-11 17:28:00,Display Ads,Retargeting,0,7
83489,2025-02-10 06:55:00,Search Ads,Discount Offer,0,1
83489,2025-02-10 23:03:00,Referral,New Product Launch,1,2
83489,2025-02-11 03:14:00,Email,Winter Sale,0,3
83489,2025-02-11 06:21:00,Search Ads,Discount Offer,0,4
83489,2025-02-11 14:39:00,Referral,Discount Offer,1,5
83490,2025-02-11 15:55:00,Referral,New Product Launch,0,1
83578,2025-02-10 03:38:00,Display Ads,Brand Awareness,1,1
83578,2025-02-10 10:30:00,Social Media,Discount Offer,0,2
83578,2025-02-10 17:59:00,Email,-,1,3
83578,2025-02-11 13:29:00,Social Media,Discount Offer,1,4
83610,2025-02-10 12:42:00,Direct Traffic,-,1,1
83615,2025-02-11 07:56:00,Direct Traffic,-,1,1
83626,2025-02-10 02:19:00,Direct Traffic,-,0,1
83626,2025-02-10 21:16:00,Referral,New Product Launch,1,2
83640,2025-02-10 03:47:00,Search Ads,Discount Offer,1,1
83640,2025-02-10 04:11:00,Display Ads,-,0,2
83640,2025-02-11 03:56:00,Display Ads,Retargeting,0,3
83667,2025-02-10 14:20:00,Direct Traffic,-,1,1
83667,2025-02-10 18:35:00,Direct Traffic,-,1,2
83673,2025-02-11 01:22:00,Email,Winter Sale,0,1
83673,2025-02-11 12:16:00,Referral,-,0,2
83703,2025-02-10 11:18:00,Search Ads,-,1,1
83703,2025-02-11 02:50:00,Display Ads,Brand Awareness,1,2
83712,2025-02-10 10:35:00,Email,-,0,1
83712,2025-02-10 10:58:00,Direct Traffic,-,0,2
83712,2025-02-10 13:54:00,Referral,New Product Launch,1,3
83712,2025-02-10 22:06:00,Display Ads,New Product Launch,0,4
83712,2025-02-11 15:58:00,Email,Brand Awareness,1,5
83772,2025-02-10 10:38:00,Referral,Discount Offer,0,1
83785,2025-02-10 22:15:00,Search Ads,Discount Offer,1,1
83785,2025-02-11 06:56:00,Display Ads,Discount Offer,0,2
83785,2025-02-11 08:14:00,Referral,New Product Launch,1,3
83785,2025-02-11 13:07:00,Email,Brand Awareness,0,4
83785,2025-02-11 14:55:00,Display Ads,-,0,5
83798,2025-02-10 21:22:00,Search Ads,Winter Sale,0,1
83798,2025-02-11 04:41:00,Direct Traffic,-,1,2
83798,2025-02-11 18:12:00,Social Media,Discount Offer,0,3
83871,2025-02-10 03:58:00,Search Ads,New Product Launch,0,1
83878,2025-02-11 04:26:00,Social Media,Discount Offer,0,1
83878,2025-02-11 19:21:00,Direct Traffic,-,0,2
83881,2025-02-10 03:50:00,Email,Winter Sale,0,1
83881,2025-02-10 05:09:00,Referral,Winter Sale,1,2
83881,2025-02-10 13:50:00,Email,New Product Launch,0,3
83881,2025-02-11 17:55:00,Email,Discount Offer,1,4
83912,2025-02-10 10:38:00,Display Ads,Winter Sale,0,1
83912,2025-02-11 06:49:00,Display Ads,-,1,2
83919,2025-02-10 00:50:00,Email,Discount Offer,1,1
83919,2025-02-10 14:54:00,Referral,Discount Offer,0,2
83919,2025-02-11 09:59:00,Email,New Product Launch,0,3
83923,2025-02-10 14:50:00,Email,Discount Offer,1,1
83923,2025-02-11 07:03:00,Display Ads,Retargeting,1,2
83923,2025-02-11 11:29:00,Referral,Winter Sale,1,3
83947,2025-02-10 11:42:00,Display Ads,New Product Launch,1,1
83947,2025-02-11 09:06:00,Direct Traffic,-,1,2
83952,2025-02-10 10:36:00,Direct Traffic,-,1,1
83952,2025-02-11 12:50:00,Email,New Product Launch,1,2
83962,2025-02-10 06:40:00,Search Ads,-,0,1
83962,2025-02-10 12:39:00,Email,Brand Awareness,0,2
83962,2025-02-10 13:41:00,Display Ads,Brand Awareness,0,3
83962,2025-02-10 23:58:00,Email,-,0,4
83965,2025-02-10 11:02:00,Referral,Retargeting,1,1
83965,2025-02-10 12:36:00,Direct Traffic,-,0,2
83965,2025-02-10 17:59:00,Direct Traffic,-,1,3
83965,2025-02-11 17:40:00,Direct Traffic,-,0,4
83965,2025-02-11 17:53:00,Direct Traffic,-,1,5
83991,2025-02-10 22:27:00,Email,Winter Sale,0,1
83991,2025-02-11 06:06:00,Social Media,-,1,2
83991,2025-02-11 06:55:00,Email,-,1,3
83991,2025-02-11 23:45:00,Search Ads,Retargeting,1,4
83993,2025-02-10 05:43:00,Search Ads,Brand Awareness,0,1
83993,2025-02-10 23:50:00,Display Ads,-,0,2
84041,2025-02-10 05:19:00,Search Ads,-,0,1
84041,2025-02-10 15:01:00,Social Media,-,1,2
84041,2025-02-10 17:19:00,Direct Traffic,-,0,3
84041,2025-02-10 21:37:00,Referral,Brand Awareness,1,4
84041,2025-02-11 02:15:00,Direct Traffic,-,1,5
84041,2025-02-11 04:05:00,Social Media,Retargeting,0,6
84041,2025-02-11 14:35:00,Referral,New Product Launch,0,7
84041,2025-02-11 21:19:00,Search Ads,Winter Sale,1,8
84060,2025-02-10 03:20:00,Email,Winter Sale,1,1
84060,2025-02-10 09:37:00,Direct Traffic,-,1,2
84060,2025-02-11 03:57:00,Search Ads,Brand Awareness,0,3
84060,2025-02-11 08:49:00,Email,Brand Awareness,1,4
84060,2025-02-11 16:49:00,Referral,-,0,5
84060,2025-02-11 17:31:00,Social Media,-,1,6
84060,2025-02-11 22:38:00,Referral,Discount Offer,1,7
84189,2025-02-11 19:44:00,Direct Traffic,-,1,1
84196,2025-02-11 10:41:00,Search Ads,Discount Offer,1,1
84196,2025-02-11 15:46:00,Referral,-,0,2
84203,2025-02-10 15:50:00,Display Ads,-,0,1
84203,2025-02-10 17:54:00,Social Media,-,1,2
84203,2025-02-10 18:23:00,Direct Traffic,-,1,3
84203,2025-02-11 19:25:00,Search Ads,Winter Sale,1,4
84281,2025-02-11 23:18:00,Direct Traffic,-,0,1
84325,2025-02-10 18:00:00,Social Media,Winter Sale,1,1
84395,2025-02-10 22:21:00,Social Media,Brand Awareness,0,1
84395,2025-02-11 03:56:00,Referral,Retargeting,1,2
84413,2025-02-10 13:21:00,Direct Traffic,-,1,1
84413,2025-02-11 02:56:00,Display Ads,Brand Awareness,0,2
84413,2025-02-11 09:52:00,Display Ads,Brand Awareness,0,3
84470,2025-02-10 02:16:00,Social Media,Discount Offer,1,1
84470,2025-02-11 10:55:00,Direct Traffic,-,0,2
84492,2025-02-10 15:08:00,Referral,New Product Launch,0,1
84492,2025-02-10 18:40:00,Search Ads,-,0,2
84492,2025-02-10 20:25:00,Email,Brand Awareness,1,3
84492,2025-02-11 15:19:00,Display Ads,Retargeting,0,4
84501,2025-02-11 14:47:00,Email,Discount Offer,1,1
84512,2025-02-10 08:42:00,Email,New Product Launch,0,1
84512,2025-02-11 09:43:00,Search Ads,Retargeting,0,2
84512,2025-02-11 12:59:00,Direct Traffic,-,1,3
84567,2025-02-10 02:53:00,Display Ads,Retargeting,1,1
84567,2025-02-10 07:29:00,Referral,New Product Launch,1,2
84567,2025-02-10 09:00:00,Referral,Winter Sale,1,3
84567,2025-02-10 14:36:00,Referral,-,1,4
84567,2025-02-11 00:59:00,Referral,New Product Launch,0,5
84567,2025-02-11 05:13:00,Direct Traffic,-,0,6
84567,2025-02-11 05:20:00,Display Ads,Winter Sale,1,7
84567,2025-02-11 18:12:00,Email,Brand Awareness,0,8
84690,2025-02-10 19:23:00,Direct Traffic,-,1,1
84690,2025-02-11 01:49:00,Direct Traffic,-,1,2
84690,2025-02-11 11:53:00,Direct Traffic,-,1,3
84690,2025-02-11 13:08:00,Direct Traffic,-,0,4
84690,2025-02-11 15:52:00,Referral,Retargeting,1,5
84693,2025-02-11 03:18:00,Referral,New Product Launch,1,1
84693,2025-02-11 05:21:00,Referral,New Product Launch,1,2
84693,2025-02-11 16:04:00,Direct Traffic,-,1,3
84693,2025-02-11 19:05:00,Search Ads,Discount Offer,1,4
84693,2025-02-11 22:16:00,Email,New Product Launch,1,5
84693,2025-02-11 22:52:00,Display Ads,Discount Offer,1,6
84745,2025-02-10 01:43:00,Referral,Brand Awareness,0,1
84773,2025-02-11 02:44:00,Display Ads,Retargeting,0,1
84828,2025-02-10 02:34:00,Display Ads,-,0,1
84828,2025-02-10 12:38:00,Social Media,Discount Offer,1,2
84828,2025-02-11 14:43:00,Search Ads,New Product Launch,1,3
84828,2025-02-11 15:56:00,Referral,Winter Sale,0,4
84828,2025-02-11 16:27:00,Social Media,Discount Offer,1,5
84915,2025-02-10 01:17:00,Email,-,0,1
84915,2025-02-11 04:41:00,Display Ads,Discount Offer,1,2
84925,2025-02-10 02:20:00,Email,-,1,1
84925,2025-02-10 23:00:00,Social Media,-,0,2
84925,2025-02-11 00:25:00,Email,-,1,3
84925,2025-02-11 00:26:00,Search Ads,-,0,4
84928,2025-02-10 09:46:00,Direct Traffic,-,1,1
84928,2025-02-10 10:10:00,Referral,Discount Offer,0,2
84928,2025-02-10 14:46:00,Direct Traffic,-,1,3
85022,2025-02-10 23:15:00,Social Media,Winter Sale,1,1
85022,2025-02-11 22:22:00,Direct Traffic,-,0,2
85046,2025-02-10 04:51:00,Display Ads,Brand Awareness,1,1
85046,2025-02-10 08:30:00,Referral,-,1,2
85046,2025-02-10 10:13:00,Direct Traffic,-,1,3
85049,2025-02-10 02:05:00,Display Ads,New Product Launch,1,1
85049,2025-02-10 15:54:00,Referral,Retargeting,0,2
85049,2025-02-10 21:29:00,Direct Traffic,-,0,3
85049,2025-02-11 04:51:00,Social Media,Retargeting,1,4
85049,2025-02-11 08:48:00,Direct Traffic,-,0,5
85049,2025-02-11 19:48:00,Email,Brand Awareness,1,6
85049,2025-02-11 21:08:00,Search Ads,Brand Awareness,0,7
85152,2025-02-11 11:14:00,Search Ads,Winter Sale,0,1
85152,2025-02-11 11:53:00,Social Media,New Product Launch,1,2
85152,2025-02-11 14:22:00,Email,-,0,3
85197,2025-02-10 09:25:00,Social Media,Brand Awareness,1,1
85197,2025-02-11 08:05:00,Email,New Product Launch,1,2
85197,2025-02-11 13:43:00,Direct Traffic,-,0,3
85197,2025-02-11 20:29:00,Email,Brand Awareness,1,4
85277,2025-02-11 13:15:00,Display Ads,Winter Sale,1,1
85309,2025-02-11 01:03:00,Email,Winter Sale,0,1
85309,2025-02-11 06:53:00,Referral,Discount Offer,1,2
85309,2025-02-11 19:50:00,Social Media,Discount Offer,0,3
85309,2025-02-11 20:30:00,Email,Winter Sale,1,4
85343,2025-02-10 07:11:00,Referral,New Product Launch,0,1
85343,2025-02-10 07:45:00,Email,Brand Awareness,1,2
85343,2025-02-10 20:56:00,Direct Traffic,-,1,3
85343,2025-02-11 16:13:00,Direct Traffic,-,1,4
85343,2025-02-11 21:04:00,Search Ads,-,0,5
85375,2025-02-10 05:24:00,Display Ads,Brand Awareness,1,1
85375,2025-02-11 19:23:00,Search Ads,-,0,2
85419,2025-02-10 00:49:00,Email,Winter Sale,0,1
85419,2025-02-10 04:14:00,Display Ads,Brand Awareness,1,2
85419,2025-02-10 09:27:00,Direct Traffic,-,0,3
85419,2025-02-10 15:23:00,Search Ads,Discount Offer,0,4
85419,2025-02-11 04:27:00,Direct Traffic,-,1,5
85419,2025-02-11 10:23:00,Display Ads,Brand Awareness,0,6
85419,2025-02-11 16:22:00,Display Ads,New Product Launch,1,7
85419,2025-02-11 18:49:00,Social Media,Brand Awareness,0,8
85419,2025-02-11 22:24:00,Direct Traffic,-,1,9
85422,2025-02-10 12:08:00,Search Ads,-,1,1
85422,2025-02-11 10:53:00,Email,New Product Launch,0,2
85422,2025-02-11 11:31:00,Search Ads,Retargeting,0,3
85426,2025-02-10 00:19:00,Email,Winter Sale,0,1
85426,2025-02-10 02:54:00,Search Ads,Brand Awareness,1,2
85426,2025-02-10 04:25:00,Direct Traffic,-,0,3
85426,2025-02-11 04:37:00,Social Media,New Product Launch,0,4
85426,2025-02-11 08:25:00,Direct Traffic,-,0,5
85426,2025-02-11 10:21:00,Display Ads,New Product Launch,0,6
85426,2025-02-11 11:45:00,Search Ads,Brand Awareness,1,7
85426,2025-02-11 12:37:00,Display Ads,-,0,8
85426,2025-02-11 23:19:00,Referral,Retargeting,0,9
85459,2025-02-10 11:14:00,Referral,-,1,1
85459,2025-02-10 13:37:00,Social Media,Winter Sale,0,2
85459,2025-02-11 04:10:00,Search Ads,Discount Offer,0,3
85459,2025-02-11 04:53:00,Social Media,Retargeting,1,4
85459,2025-02-11 05:36:00,Direct Traffic,-,1,5
85459,2025-02-11 08:49:00,Email,New Product Launch,1,6
85459,2025-02-11 16:33:00,Referral,Winter Sale,0,7
85459,2025-02-11 21:07:00,Display Ads,Winter Sale,0,8
85470,2025-02-10 03:23:00,Referral,New Product Launch,0,1
85470,2025-02-10 19:52:00,Social Media,Winter Sale,1,2
85470,2025-02-11 00:20:00,Email,New Product Launch,0,3
85470,2025-02-11 22:42:00,Direct Traffic,-,0,4
85486,2025-02-10 05:21:00,Direct Traffic,-,1,1
85486,2025-02-10 13:01:00,Social Media,Brand Awareness,1,2
85486,2025-02-10 15:25:00,Display Ads,-,1,3
85486,2025-02-11 01:39:00,Referral,Brand Awareness,0,4
85486,2025-02-11 09:39:00,Display Ads,Retargeting,0,5
85486,2025-02-11 17:05:00,Display Ads,Retargeting,1,6
85486,2025-02-11 22:44:00,Search Ads,Discount Offer,0,7
85535,2025-02-10 09:14:00,Direct Traffic,-,1,1
85535,2025-02-10 12:35:00,Email,-,1,2
85535,2025-02-11 21:12:00,Direct Traffic,-,1,3
85549,2025-02-10 06:52:00,Display Ads,Brand Awareness,0,1
85549,2025-02-10 15:15:00,Referral,-,0,2
85549,2025-02-10 16:33:00,Referral,-,0,3
85549,2025-02-11 20:16:00,Email,Retargeting,1,4
85549,2025-02-11 21:28:00,Display Ads,Retargeting,1,5
85576,2025-02-10 01:30:00,Referral,Winter Sale,1,1
85576,2025-02-11 12:23:00,Direct Traffic,-,0,2
85587,2025-02-10 08:03:00,Email,Discount Offer,0,1
85587,2025-02-11 00:08:00,Referral,Brand Awareness,0,2
85587,2025-02-11 10:02:00,Social Media,Brand Awareness,0,3
85587,2025-02-11 23:13:00,Email,-,0,4
85643,2025-02-10 06:30:00,Display Ads,Brand Awareness,1,1
85643,2025-02-11 21:01:00,Display Ads,-,1,2
85651,2025-02-10 13:08:00,Direct Traffic,-,1,1
85651,2025-02-11 14:29:00,Email,-,0,2
85682,2025-02-10 08:22:00,Social Media,Discount Offer,1,1
85682,2025-02-11 06:19:00,Social Media,Retargeting,1,2
85682,2025-02-11 17:21:00,Email,Brand Awareness,0,3
85722,2025-02-10 07:38:00,Email,Retargeting,0,1
85722,2025-02-10 15:10:00,Search Ads,Retargeting,0,2
85722,2025-02-11 05:18:00,Email,Discount Offer,0,3
85722,2025-02-11 20:09:00,Social Media,-,0,4
85725,2025-02-10 00:30:00,Direct Traffic,-,1,1
85725,2025-02-10 09:59:00,Email,New Product Launch,0,2
85725,2025-02-10 13:01:00,Direct Traffic,-,0,3
85725,2025-02-10 14:50:00,Direct Traffic,-,1,4
85732,2025-02-10 18:22:00,Display Ads,-,1,1
85732,2025-02-11 03:52:00,Direct Traffic,-,1,2
85743,2025-02-11 12:08:00,Display Ads,Retargeting,1,1
85844,2025-02-10 01:23:00,Referral,Discount Offer,0,1
85844,2025-02-10 01:27:00,Direct Traffic,-,1,2
85844,2025-02-11 00:35:00,Referral,New Product Launch,0,3
85844,2025-02-11 02:33:00,Display Ads,Winter Sale,1,4
85844,2025-02-11 09:14:00,Display Ads,Winter Sale,0,5
85844,2025-02-11 17:02:00,Email,Winter Sale,1,6
85844,2025-02-11 19:48:00,Social Media,New Product Launch,0,7
85844,2025-02-11 21:53:00,Direct Traffic,-,0,8
85844,2025-02-11 22:36:00,Referral,Discount Offer,1,9
85902,2025-02-10 00:50:00,Search Ads,Discount Offer,0,1
85902,2025-02-10 09:04:00,Referral,Winter Sale,1,2
85902,2025-02-10 12:22:00,Display Ads,Winter Sale,1,3
85902,2025-02-11 00:42:00,Display Ads,Brand Awareness,1,4
85902,2025-02-11 02:54:00,Direct Traffic,-,0,5
86010,2025-02-10 11:31:00,Email,-,1,1
86014,2025-02-10 03:36:00,Social Media,Discount Offer,1,1
86014,2025-02-10 17:12:00,Social Media,Discount Offer,1,2
86014,2025-02-11 12:06:00,Direct Traffic,-,1,3
86014,2025-02-11 18:37:00,Referral,New Product Launch,1,4
86021,2025-02-10 01:50:00,Referral,New Product Launch,1,1
86021,2025-02-11 01:16:00,Social Media,-,0,2
86021,2025-02-11 07:41:00,Email,-,0,3
86021,2025-02-11 12:23:00,Social Media,Winter Sale,1,4
86021,2025-02-11 14:50:00,Social Media,Brand Awareness,0,5
86021,2025-02-11 20:14:00,Social Media,Retargeting,1,6
86042,2025-02-10 23:45:00,Display Ads,New Product Launch,0,1
86042,2025-02-11 10:47:00,Display Ads,New Product Launch,0,2
86042,2025-02-11 20:11:00,Display Ads,New Product Launch,1,3
86081,2025-02-10 11:34:00,Social Media,Brand Awareness,1,1
86081,2025-02-11 05:45:00,Display Ads,Brand Awareness,0,2
86081,2025-02-11 14:10:00,Display Ads,New Product Launch,1,3
86081,2025-02-11 20:52:00,Search Ads,Discount Offer,1,4
86085,2025-02-10 04:50:00,Display Ads,New Product Launch,1,1
86085,2025-02-10 07:19:00,Search Ads,Discount Offer,0,2
86085,2025-02-10 08:32:00,Search Ads,Winter Sale,1,3
86085,2025-02-11 08:56:00,Search Ads,Brand Awareness,0,4
86091,2025-02-10 23:27:00,Social Media,New Product Launch,1,1
86112,2025-02-10 00:38:00,Direct Traffic,-,1,1
86112,2025-02-11 06:18:00,Referral,New Product Launch,0,2
86112,2025-02-11 09:06:00,Direct Traffic,-,0,3
86112,2025-02-11 15:41:00,Display Ads,New Product Launch,1,4
86112,2025-02-11 21:47:00,Search Ads,Brand Awareness,0,5
86112,2025-02-11 21:57:00,Direct Traffic,-,0,6
86180,2025-02-11 10:46:00,Search Ads,Discount Offer,1,1
86216,2025-02-10 02:58:00,Social Media,-,0,1
86216,2025-02-10 05:19:00,Email,Brand Awareness,1,2
86216,2025-02-10 13:59:00,Direct Traffic,-,1,3
86216,2025-02-10 21:21:00,Display Ads,Discount Offer,0,4
86216,2025-02-11 21:39:00,Social Media,-,0,5
86216,2025-02-11 22:48:00,Referral,-,0,6
86296,2025-02-11 02:13:00,Direct Traffic,-,0,1
86296,2025-02-11 09:26:00,Social Media,Winter Sale,0,2
86296,2025-02-11 11:11:00,Search Ads,Discount Offer,0,3
86296,2025-02-11 23:14:00,Display Ads,-,0,4
86327,2025-02-10 07:49:00,Social Media,Brand Awareness,0,1
86327,2025-02-10 13:06:00,Search Ads,Retargeting,1,2
86327,2025-02-10 13:54:00,Email,Brand Awareness,1,3
86327,2025-02-11 01:12:00,Referral,Winter Sale,1,4
86327,2025-02-11 22:17:00,Search Ads,Discount Offer,0,5
86327,2025-02-11 23:18:00,Direct Traffic,-,1,6
86379,2025-02-10 00:23:00,Social Media,Retargeting,0,1
86379,2025-02-11 00:15:00,Referral,Discount Offer,0,2
86379,2025-02-11 06:32:00,Email,Retargeting,0,3
86379,2025-02-11 11:44:00,Display Ads,New Product Launch,1,4
86406,2025-02-10 12:00:00,Direct Traffic,-,1,1
86406,2025-02-10 13:59:00,Email,Retargeting,0,2
86406,2025-02-11 03:56:00,Search Ads,New Product Launch,1,3
86406,2025-02-11 20:42:00,Email,Discount Offer,1,4
86406,2025-02-11 23:20:00,Search Ads,Discount Offer,1,5
86414,2025-02-10 15:37:00,Display Ads,Winter Sale,1,1
86414,2025-02-10 16:17:00,Search Ads,New Product Launch,1,2
86414,2025-02-10 17:54:00,Social Media,Retargeting,0,3
86414,2025-02-11 21:18:00,Email,New Product Launch,1,4
86414,2025-02-11 23:26:00,Display Ads,Discount Offer,1,5
86443,2025-02-10 04:35:00,Direct Traffic,-,1,1
86443,2025-02-10 23:42:00,Referral,Discount Offer,1,2
86443,2025-02-11 02:13:00,Direct Traffic,-,0,3
86443,2025-02-11 19:05:00,Direct Traffic,-,1,4
86539,2025-02-10 16:41:00,Display Ads,Winter Sale,1,1
86539,2025-02-11 01:23:00,Display Ads,New Product Launch,0,2
86539,2025-02-11 21:11:00,Display Ads,Discount Offer,1,3
86539,2025-02-11 22:29:00,Social Media,Brand Awareness,0,4
86558,2025-02-10 09:59:00,Email,Brand Awareness,0,1
86558,2025-02-10 20:30:00,Display Ads,Winter Sale,1,2
86558,2025-02-11 13:33:00,Social Media,Winter Sale,1,3
86578,2025-02-10 23:14:00,Social Media,Brand Awareness,0,1
86578,2025-02-10 23:21:00,Email,Discount Offer,0,2
86578,2025-02-11 23:57:00,Email,New Product Launch,1,3
86658,2025-02-10 01:05:00,Referral,Brand Awareness,1,1
86658,2025-02-10 10:46:00,Referral,Brand Awareness,0,2
86658,2025-02-11 16:24:00,Direct Traffic,-,1,3
86658,2025-02-11 18:09:00,Display Ads,Brand Awareness,1,4
86658,2025-02-11 23:01:00,Referral,Discount Offer,0,5
86700,2025-02-10 12:39:00,Display Ads,Retargeting,0,1
86700,2025-02-10 22:51:00,Social Media,Winter Sale,1,2
86700,2025-02-11 14:32:00,Referral,Retargeting,0,3
86700,2025-02-11 22:25:00,Social Media,Winter Sale,1,4
86706,2025-02-10 02:45:00,Search Ads,-,0,1
86706,2025-02-10 05:04:00,Search Ads,Discount Offer,1,2
86706,2025-02-11 23:55:00,Display Ads,Brand Awareness,1,3
86715,2025-02-10 00:19:00,Search Ads,Discount Offer,0,1
86715,2025-02-10 07:34:00,Email,Brand Awareness,1,2
86715,2025-02-10 22:43:00,Referral,Discount Offer,1,3
86715,2025-02-11 23:31:00,Search Ads,Discount Offer,1,4
86774,2025-02-10 13:04:00,Referral,New Product Launch,1,1
86774,2025-02-11 13:28:00,Search Ads,Brand Awareness,0,2
86814,2025-02-10 07:48:00,Social Media,Retargeting,0,1
86824,2025-02-11 01:33:00,Search Ads,New Product Launch,1,1
86824,2025-02-11 09:21:00,Social Media,New Product Launch,0,2
86856,2025-02-10 00:06:00,Referral,Discount Offer,1,1
86856,2025-02-10 23:24:00,Email,New Product Launch,1,2
86856,2025-02-11 05:10:00,Referral,Winter Sale,1,3
86886,2025-02-10 03:11:00,Display Ads,-,0,1
86886,2025-02-10 04:02:00,Direct Traffic,-,0,2
86886,2025-02-10 13:25:00,Referral,Winter Sale,1,3
86886,2025-02-11 05:30:00,Display Ads,New Product Launch,1,4
86886,2025-02-11 16:43:00,Search Ads,Retargeting,0,5
86889,2025-02-10 03:29:00,Social Media,New Product Launch,1,1
86889,2025-02-10 04:35:00,Email,Discount Offer,1,2
86889,2025-02-10 05:16:00,Social Media,New Product Launch,1,3
86889,2025-02-10 06:42:00,Direct Traffic,-,1,4
86889,2025-02-10 12:19:00,Search Ads,Brand Awareness,0,5
86889,2025-02-10 18:13:00,Email,Winter Sale,0,6
86889,2025-02-11 00:56:00,Direct Traffic,-,0,7
86889,2025-02-11 09:02:00,Social Media,Retargeting,0,8
86889,2025-02-11 09:25:00,Search Ads,New Product Launch,0,9
86889,2025-02-11 11:22:00,Referral,Winter Sale,1,10
86889,2025-02-11 20:21:00,Email,Winter Sale,0,11
86889,2025-02-11 23:46:00,Display Ads,New Product Launch,1,12
86974,2025-02-10 00:02:00,Search Ads,Brand Awareness,1,1
86974,2025-02-10 07:15:00,Direct Traffic,-,1,2
86974,2025-02-11 01:53:00,Social Media,Brand Awareness,0,3
86974,2025-02-11 13:13:00,Display Ads,Brand Awareness,1,4
86974,2025-02-11 15:28:00,Social Media,Discount Offer,0,5
86974,2025-02-11 17:38:00,Social Media,Winter Sale,1,6
87025,2025-02-10 13:53:00,Social Media,Winter Sale,1,1
87025,2025-02-11 06:32:00,Direct Traffic,-,1,2
87027,2025-02-10 04:10:00,Display Ads,-,1,1
87027,2025-02-11 18:27:00,Search Ads,New Product Launch,0,2
87081,2025-02-11 22:59:00,Direct Traffic,-,1,1
87153,2025-02-11 02:31:00,Display Ads,-,0,1
87153,2025-02-11 03:14:00,Referral,Winter Sale,1,2
87153,2025-02-11 08:34:00,Email,Retargeting,1,3
87153,2025-02-11 23:18:00,Email,New Product Launch,0,4
87191,2025-02-10 13:03:00,Display Ads,Winter Sale,0,1
87191,2025-02-11 03:37:00,Email,New Product Launch,1,2
87191,2025-02-11 11:20:00,Email,-,0,3
87191,2025-02-11 18:47:00,Search Ads,Brand Awareness,1,4
87204,2025-02-10 08:41:00,Email,-,1,1
87204,2025-02-10 09:42:00,Direct Traffic,-,0,2
87204,2025-02-10 11:57:00,Search Ads,New Product Launch,0,3
87204,2025-02-10 19:32:00,Social Media,Winter Sale,0,4
87204,2025-02-10 21:22:00,Direct Traffic,-,1,5
87228,2025-02-10 11:36:00,Search Ads,Retargeting,1,1
87228,2025-02-11 10:56:00,Display Ads,New Product Launch,1,2
87228,2025-02-11 21:00:00,Display Ads,Brand Awareness,0,3
87245,2025-02-10 08:10:00,Social Media,Retargeting,1,1
87245,2025-02-10 08:31:00,Search Ads,New Product Launch,1,2
87245,2025-02-10 14:43:00,Referral,Brand Awareness,1,3
87245,2025-02-11 02:50:00,Direct Traffic,-,1,4
87245,2025-02-11 19:12:00,Referral,-,0,5
87245,2025-02-11 20:31:00,Display Ads,Winter Sale,1,6
87345,2025-02-11 00:33:00,Social Media,Brand Awareness,0,1
87345,2025-02-11 04:44:00,Display Ads,Discount Offer,0,2
87345,2025-02-11 20:54:00,Direct Traffic,-,0,3
87375,2025-02-10 04:25:00,Referral,Winter Sale,0,1
87375,2025-02-11 07:09:00,Direct Traffic,-,0,2
87375,2025-02-11 17:57:00,Referral,New Product Launch,1,3
87375,2025-02-11 19:20:00,Social Media,Winter Sale,0,4
87404,2025-02-10 05:12:00,Direct Traffic,-,0,1
87404,2025-02-10 13:08:00,Social Media,Discount Offer,1,2
87404,2025-02-10 15:24:00,Social Media,Winter Sale,1,3
87404,2025-02-11 14:33:00,Search Ads,New Product Launch,1,4
87436,2025-02-10 16:27:00,Referral,Discount Offer,1,1
87436,2025-02-11 21:41:00,Social Media,Retargeting,0,2
87436,2025-02-11 21:45:00,Direct Traffic,-,0,3
87606,2025-02-11 09:33:00,Referral,New Product Launch,0,1
87606,2025-02-11 13:12:00,Email,Retargeting,1,2
87642,2025-02-10 06:20:00,Search Ads,-,1,1
87642,2025-02-10 10:07:00,Social Media,Retargeting,0,2
87642,2025-02-10 11:20:00,Search Ads,Discount Offer,0,3
87642,2025-02-10 13:37:00,Direct Traffic,-,1,4
87642,2025-02-10 23:03:00,Display Ads,New Product Launch,0,5
87642,2025-02-11 05:57:00,Email,New Product Launch,0,6
87642,2025-02-11 12:54:00,Search Ads,Winter Sale,0,7
87730,2025-02-10 18:51:00,Display Ads,-,0,1
87730,2025-02-10 22:31:00,Referral,Brand Awareness,0,2
87737,2025-02-11 18:20:00,Direct Traffic,-,1,1
87760,2025-02-10 19:45:00,Direct Traffic,-,1,1
87760,2025-02-11 15:40:00,Direct Traffic,-,1,2
87760,2025-02-11 20:10:00,Search Ads,Discount Offer,0,3
87803,2025-02-11 04:50:00,Email,Brand Awareness,1,1
87803,2025-02-11 07:33:00,Display Ads,-,1,2
87851,2025-02-10 00:28:00,Social Media,Retargeting,1,1
87851,2025-02-10 02:40:00,Direct Traffic,-,1,2
87851,2025-02-10 10:24:00,Display Ads,-,0,3
87851,2025-02-10 13:50:00,Email,Retargeting,1,4
87851,2025-02-11 05:47:00,Email,-,1,5
87851,2025-02-11 19:35:00,Display Ads,New Product Launch,0,6
87851,2025-02-11 23:39:00,Social Media,Retargeting,0,7
87893,2025-02-10 11:31:00,Referral,Retargeting,0,1
87893,2025-02-11 00:00:00,Social Media,-,0,2
87893,2025-02-11 03:01:00,Search Ads,-,0,3
87893,2025-02-11 04:48:00,Direct Traffic,-,1,4
87909,2025-02-11 22:39:00,Direct Traffic,-,0,1
87938,2025-02-10 10:59:00,Direct Traffic,-,0,1
87938,2025-02-10 17:21:00,Referral,Retargeting,0,2
87938,2025-02-11 01:57:00,Search Ads,New Product Launch,0,3
87939,2025-02-11 00:34:00,Display Ads,Discount Offer,1,1
87939,2025-02-11 04:52:00,Email,-,1,2
87939,2025-02-11 10:30:00,Search Ads,New Product Launch,1,3
87939,2025-02-11 14:13:00,Social Media,Retargeting,0,4
87939,2025-02-11 19:36:00,Search Ads,Discount Offer,0,5
87951,2025-02-10 16:28:00,Search Ads,Discount Offer,1,1
87951,2025-02-11 09:25:00,Search Ads,New Product Launch,0,2
87967,2025-02-10 17:03:00,Referral,New Product Launch,0,1
87967,2025-02-11 22:12:00,Email,Winter Sale,1,2
88027,2025-02-10 08:09:00,Direct Traffic,-,1,1
88027,2025-02-10 08:33:00,Search Ads,Discount Offer,1,2
88027,2025-02-10 11:02:00,Search Ads,New Product Launch,0,3
88027,2025-02-11 11:26:00,Direct Traffic,-,1,4
88061,2025-02-10 13:42:00,Social Media,-,1,1
88061,2025-02-10 14:02:00,Search Ads,-,0,2
88061,2025-02-10 18:00:00,Social Media,-,0,3
88061,2025-02-10 18:22:00,Referral,New Product Launch,0,4
88061,2025-02-10 20:54:00,Social Media,Brand Awareness,0,5
88061,2025-02-11 11:04:00,Social Media,-,1,6
88072,2025-02-10 11:50:00,Social Media,Retargeting,0,1
88072,2025-02-10 15:39:00,Display Ads,Winter Sale,0,2
88072,2025-02-11 23:21:00,Email,Discount Offer,1,3
88094,2025-02-11 03:55:00,Display Ads,Brand Awareness,1,1
88094,2025-02-11 13:56:00,Email,Retargeting,0,2
88112,2025-02-10 04:23:00,Referral,New Product Launch,0,1
88112,2025-02-11 20:18:00,Search Ads,Discount Offer,1,2
88142,2025-02-10 13:06:00,Referral,Retargeting,1,1
88142,2025-02-11 02:38:00,Email,Winter Sale,0,2
88142,2025-02-11 02:45:00,Social Media,New Product Launch,1,3
88142,2025-02-11 03:22:00,Direct Traffic,-,1,4
88151,2025-02-10 23:23:00,Display Ads,Retargeting,0,1
88187,2025-02-10 00:22:00,Email,Discount Offer,1,1
88187,2025-02-10 08:47:00,Direct Traffic,-,0,2
88187,2025-02-10 16:52:00,Display Ads,-,0,3
88187,2025-02-10 20:32:00,Social Media,Brand Awareness,1,4
88187,2025-02-11 11:39:00,Direct Traffic,-,1,5
88187,2025-02-11 12:32:00,Display Ads,Brand Awareness,1,6
88191,2025-02-10 07:28:00,Social Media,Discount Offer,1,1
88191,2025-02-10 15:16:00,Display Ads,Discount Offer,1,2
88191,2025-02-11 09:47:00,Display Ads,New Product Launch,1,3
88258,2025-02-10 04:29:00,Search Ads,New Product Launch,0,1
88258,2025-02-10 11:49:00,Email,-,1,2
88258,2025-02-10 13:27:00,Search Ads,Brand Awareness,1,3
88258,2025-02-10 14:03:00,Social Media,Winter Sale,1,4
88293,2025-02-10 05:16:00,Email,Brand Awareness,1,1
88293,2025-02-10 05:45:00,Social Media,Retargeting,0,2
88293,2025-02-10 06:17:00,Display Ads,Retargeting,1,3
88293,2025-02-10 20:21:00,Email,New Product Launch,1,4
88293,2025-02-10 21:25:00,Social Media,Brand Awareness,0,5
88293,2025-02-11 23:47:00,Social Media,Winter Sale,1,6
88316,2025-02-10 06:01:00,Referral,Discount Offer,0,1
88316,2025-02-10 20:06:00,Search Ads,Discount Offer,1,2
88316,2025-02-11 12:14:00,Social Media,Discount Offer,0,3
88316,2025-02-11 14:38:00,Social Media,Discount Offer,1,4
88316,2025-02-11 22:34:00,Email,Brand Awareness,0,5
88316,2025-02-11 22:59:00,Search Ads,-,1,6
88357,2025-02-10 19:07:00,Display Ads,Retargeting,0,1
88357,2025-02-10 19:19:00,Email,Discount Offer,1,2
88357,2025-02-11 18:29:00,Search Ads,New Product Launch,1,3
88425,2025-02-10 04:10:00,Search Ads,-,0,1
88425,2025-02-10 05:56:00,Display Ads,Brand Awareness,0,2
88425,2025-02-10 07:11:00,Referral,New Product Launch,1,3
88425,2025-02-10 19:56:00,Display Ads,Winter Sale,1,4
88425,2025-02-11 20:38:00,Social Media,Brand Awareness,1,5
88515,2025-02-11 06:09:00,Display Ads,-,1,1
88515,2025-02-11 07:11:00,Display Ads,Brand Awareness,0,2
88515,2025-02-11 07:38:00,Social Media,Retargeting,0,3
88515,2025-02-11 09:22:00,Referral,-,0,4
88521,2025-02-10 06:18:00,Referral,-,0,1
88521,2025-02-10 23:54:00,Search Ads,Brand Awareness,0,2
88521,2025-02-11 20:56:00,Display Ads,Discount Offer,0,3
88567,2025-02-10 03:44:00,Direct Traffic,-,1,1
88567,2025-02-10 21:18:00,Direct Traffic,-,1,2
88567,2025-02-11 00:58:00,Search Ads,New Product Launch,1,3
88567,2025-02-11 03:10:00,Direct Traffic,-,0,4
88567,2025-02-11 17:15:00,Referral,New Product Launch,0,5
88567,2025-02-11 19:01:00,Display Ads,Brand Awareness,0,6
88598,2025-02-10 07:08:00,Search Ads,Brand Awareness,0,1
88692,2025-02-10 14:43:00,Direct Traffic,-,1,1
88708,2025-02-10 01:52:00,Display Ads,New Product Launch,0,1
88708,2025-02-10 23:02:00,Email,Brand Awareness,1,2
88708,2025-02-10 23:46:00,Direct Traffic,-,0,3
88708,2025-02-11 06:26:00,Social Media,Brand Awareness,1,4
88708,2025-02-11 21:53:00,Search Ads,Winter Sale,0,5
88728,2025-02-10 01:25:00,Display Ads,Retargeting,1,1
88728,2025-02-10 01:45:00,Email,New Product Launch,0,2
88728,2025-02-10 04:37:00,Social Media,Discount Offer,1,3
88728,2025-02-10 16:46:00,Email,Retargeting,0,4
88728,2025-02-10 19:16:00,Display Ads,New Product Launch,1,5
88728,2025-02-11 14:51:00,Email,Retargeting,0,6
88736,2025-02-10 10:34:00,Social Media,Brand Awareness,1,1
88736,2025-02-11 17:40:00,Display Ads,Retargeting,1,2
88808,2025-02-10 01:21:00,Email,-,0,1
88808,2025-02-10 12:49:00,Referral,Retargeting,1,2
88808,2025-02-10 17:12:00,Direct Traffic,-,0,3
88808,2025-02-11 20:10:00,Search Ads,Retargeting,1,4
88818,2025-02-10 20:40:00,Search Ads,Retargeting,1,1
88818,2025-02-10 23:18:00,Search Ads,Discount Offer,1,2
88818,2025-02-11 21:08:00,Referral,Winter Sale,0,3
88818,2025-02-11 21:33:00,Direct Traffic,-,1,4
88859,2025-02-10 13:03:00,Social Media,Winter Sale,1,1
88859,2025-02-10 18:19:00,Search Ads,New Product Launch,1,2
88859,2025-02-10 20:11:00,Email,-,0,3
88859,2025-02-10 23:08:00,Email,-,0,4
88859,2025-02-11 01:45:00,Email,-,1,5
88859,2025-02-11 05:04:00,Referral,-,1,6
88859,2025-02-11 05:05:00,Referral,-,1,7
88868,2025-02-10 11:51:00,Display Ads,Retargeting,1,1
88868,2025-02-10 21:40:00,Search Ads,Discount Offer,0,2
88868,2025-02-10 22:10:00,Email,Brand Awareness,1,3
88868,2025-02-11 06:56:00,Email,Winter Sale,1,4
88868,2025-02-11 08:32:00,Search Ads,Discount Offer,0,5
88868,2025-02-11 14:16:00,Social Media,-,0,6
88868,2025-02-11 15:49:00,Email,New Product Launch,0,7
88868,2025-02-11 17:32:00,Search Ads,Retargeting,1,8
88868,2025-02-11 20:55:00,Direct Traffic,-,0,9
88880,2025-02-10 05:28:00,Display Ads,Discount Offer,1,1
88880,2025-02-10 13:51:00,Email,Brand Awareness,1,2
88880,2025-02-11 01:27:00,Email,New Product Launch,1,3
88880,2025-02-11 01:34:00,Social Media,Retargeting,1,4
88880,2025-02-11 04:13:00,Email,Retargeting,1,5
88880,2025-02-11 06:34:00,Display Ads,-,1,6
88880,2025-02-11 16:49:00,Email,Retargeting,1,7
88885,2025-02-10 22:50:00,Referral,-,1,1
88885,2025-02-11 00:44:00,Direct Traffic,-,0,2
88885,2025-02-11 01:12:00,Direct Traffic,-,1,3
88885,2025-02-11 02:53:00,Email,Discount Offer,1,4
88885,2025-02-11 05:16:00,Social Media,Discount Offer,1,5
88885,2025-02-11 10:30:00,Direct Traffic,-,0,6
88938,2025-02-10 00:10:00,Email,-,1,1
88938,2025-02-10 12:16:00,Referral,Brand Awareness,0,2
88938,2025-02-11 05:23:00,Search Ads,Discount Offer,1,3
88984,2025-02-10 00:51:00,Social Media,-,0,1
88984,2025-02-11 09:00:00,Search Ads,Brand Awareness,1,2
89095,2025-02-10 03:45:00,Referral,Winter Sale,1,1
89095,2025-02-11 03:01:00,Display Ads,-,1,2
89095,2025-02-11 23:51:00,Email,Retargeting,1,3
89110,2025-02-11 02:28:00,Direct Traffic,-,1,1
89110,2025-02-11 17:31:00,Direct Traffic,-,1,2
89128,2025-02-10 07:41:00,Email,New Product Launch,0,1
89128,2025-02-10 11:16:00,Search Ads,-,1,2
89128,2025-02-10 13:07:00,Referral,Winter Sale,0,3
89128,2025-02-10 14:47:00,Referral,Discount Offer,1,4
89128,2025-02-10 23:21:00,Email,Winter Sale,0,5
89128,2025-02-11 16:14:00,Display Ads,Winter Sale,0,6
89132,2025-02-10 10:22:00,Social Media,-,0,1
89132,2025-02-10 23:32:00,Direct Traffic,-,1,2
89132,2025-02-11 05:13:00,Display Ads,Brand Awareness,0,3
89132,2025-02-11 07:41:00,Display Ads,Brand Awareness,0,4
89132,2025-02-11 17:21:00,Display Ads,-,0,5
89174,2025-02-10 03:12:00,Direct Traffic,-,0,1
89174,2025-02-11 03:03:00,Referral,Discount Offer,0,2
89174,2025-02-11 15:15:00,Search Ads,Retargeting,0,3
89180,2025-02-10 01:11:00,Direct Traffic,-,0,1
89180,2025-02-11 10:38:00,Display Ads,Brand Awareness,0,2
89180,2025-02-11 14:19:00,Display Ads,-,0,3
89183,2025-02-10 04:19:00,Social Media,Winter Sale,1,1
89214,2025-02-10 21:50:00,Social Media,Retargeting,1,1
89214,2025-02-11 20:47:00,Referral,New Product Launch,0,2
89214,2025-02-11 20:50:00,Direct Traffic,-,1,3
89214,2025-02-11 21:53:00,Email,Brand Awareness,1,4
89239,2025-02-11 01:21:00,Email,-,0,1
89239,2025-02-11 03:17:00,Email,New Product Launch,0,2
89239,2025-02-11 06:50:00,Referral,Winter Sale,0,3
89239,2025-02-11 09:49:00,Search Ads,-,1,4
89239,2025-02-11 11:13:00,Direct Traffic,-,0,5
89240,2025-02-10 00:34:00,Social Media,Retargeting,0,1
89240,2025-02-10 09:01:00,Search Ads,New Product Launch,0,2
89240,2025-02-10 21:27:00,Direct Traffic,-,1,3
89293,2025-02-10 14:21:00,Email,Brand Awareness,1,1
89340,2025-02-10 23:25:00,Direct Traffic,-,0,1
89340,2025-02-10 23:33:00,Referral,New Product Launch,1,2
89362,2025-02-10 02:33:00,Direct Traffic,-,1,1
89362,2025-02-10 07:58:00,Email,New Product Launch,1,2
89362,2025-02-11 17:31:00,Email,Brand Awareness,0,3
89367,2025-02-10 18:43:00,Email,Brand Awareness,0,1
89367,2025-02-11 02:38:00,Email,Retargeting,0,2
89367,2025-02-11 03:45:00,Display Ads,New Product Launch,1,3
89367,2025-02-11 06:32:00,Search Ads,Brand Awareness,0,4
89367,2025-02-11 07:56:00,Referral,-,0,5
89367,2025-02-11 09:36:00,Email,New Product Launch,1,6
89367,2025-02-11 13:34:00,Referral,New Product Launch,1,7
89395,2025-02-10 01:38:00,Referral,Brand Awareness,1,1
89395,2025-02-10 21:53:00,Display Ads,New Product Launch,1,2
89412,2025-02-10 23:43:00,Search Ads,-,0,1
89412,2025-02-11 18:34:00,Search Ads,Discount Offer,0,2
89412,2025-02-11 19:32:00,Social Media,Winter Sale,1,3
89412,2025-02-11 19:42:00,Search Ads,Discount Offer,1,4
89412,2025-02-11 23:00:00,Search Ads,Discount Offer,0,5
89412,2025-02-11 23:33:00,Social Media,Brand Awareness,0,6
89467,2025-02-10 02:33:00,Email,Discount Offer,1,1
89467,2025-02-11 15:21:00,Email,Discount Offer,1,2
89467,2025-02-11 20:39:00,Display Ads,Discount Offer,0,3
89467,2025-02-11 21:33:00,Social Media,New Product Launch,0,4
89500,2025-02-10 00:16:00,Direct Traffic,-,1,1
89500,2025-02-10 08:59:00,Direct Traffic,-,1,2
89500,2025-02-11 01:15:00,Social Media,New Product Launch,0,3
89500,2025-02-11 12:39:00,Email,New Product Launch,1,4
89500,2025-02-11 23:25:00,Email,-,0,5
89556,2025-02-11 01:09:00,Direct Traffic,-,1,1
89556,2025-02-11 05:12:00,Email,Winter Sale,1,2
89572,2025-02-11 06:53:00,Referral,Discount Offer,1,1
89619,2025-02-10 03:39:00,Referral,Retargeting,1,1
89619,2025-02-10 04:25:00,Social Media,Retargeting,0,2
89619,2025-02-10 23:06:00,Referral,Retargeting,1,3
89619,2025-02-11 03:35:00,Referral,Retargeting,1,4
89639,2025-02-10 04:58:00,Direct Traffic,-,1,1
89639,2025-02-11 08:15:00,Direct Traffic,-,0,2
89677,2025-02-10 19:08:00,Social Media,-,0,1
89677,2025-02-11 02:18:00,Referral,Retargeting,1,2
89677,2025-02-11 16:14:00,Direct Traffic,-,1,3
89677,2025-02-11 22:28:00,Social Media,Winter Sale,1,4
89685,2025-02-10 18:16:00,Display Ads,Retargeting,1,1
89685,2025-02-11 06:53:00,Search Ads,Winter Sale,0,2
89685,2025-02-11 09:07:00,Display Ads,Winter Sale,0,3
89685,2025-02-11 21:25:00,Direct Traffic,-,0,4
89703,2025-02-10 14:55:00,Referral,Winter Sale,1,1
89703,2025-02-10 19:17:00,Email,-,1,2
89703,2025-02-11 22:31:00,Referral,-,1,3
89730,2025-02-10 03:19:00,Referral,Winter Sale,0,1
89730,2025-02-10 08:40:00,Search Ads,Retargeting,0,2
89732,2025-02-10 05:16:00,Search Ads,Brand Awareness,1,1
89732,2025-02-10 09:27:00,Referral,Discount Offer,0,2
89732,2025-02-10 18:45:00,Direct Traffic,-,0,3
89732,2025-02-11 18:37:00,Search Ads,Winter Sale,0,4
89769,2025-02-10 04:18:00,Display Ads,Discount Offer,1,1
89770,2025-02-10 15:55:00,Direct Traffic,-,1,1
89770,2025-02-11 04:22:00,Direct Traffic,-,1,2
89770,2025-02-11 16:51:00,Search Ads,-,0,3
89792,2025-02-11 16:31:00,Display Ads,Retargeting,1,1
89792,2025-02-11 17:32:00,Social Media,Brand Awareness,1,2
89793,2025-02-10 12:17:00,Search Ads,Discount Offer,1,1
89793,2025-02-10 20:20:00,Referral,New Product Launch,1,2
89793,2025-02-10 22:54:00,Display Ads,New Product Launch,1,3
89793,2025-02-11 00:05:00,Direct Traffic,-,1,4
89793,2025-02-11 10:54:00,Search Ads,Discount Offer,1,5
89793,2025-02-11 11:21:00,Social Media,New Product Launch,0,6
89793,2025-02-11 15:55:00,Search Ads,Retargeting,1,7
89800,2025-02-10 05:04:00,Email,Brand Awareness,0,1
89800,2025-02-10 05:31:00,Email,Brand Awareness,0,2
89800,2025-02-10 08:11:00,Search Ads,New Product Launch,1,3
89800,2025-02-10 15:34:00,Display Ads,Discount Offer,1,4
89800,2025-02-11 23:04:00,Search Ads,New Product Launch,1,5
89813,2025-02-10 07:54:00,Display Ads,Retargeting,1,1
89813,2025-02-11 00:37:00,Search Ads,Winter Sale,0,2
89901,2025-02-10 02:29:00,Referral,New Product Launch,0,1
89901,2025-02-10 07:55:00,Display Ads,Retargeting,1,2
89901,2025-02-10 12:05:00,Search Ads,Brand Awareness,0,3
89901,2025-02-11 07:47:00,Social Media,Brand Awareness,1,4
89901,2025-02-11 09:29:00,Direct Traffic,-,0,5
89901,2025-02-11 19:15:00,Direct Traffic,-,1,6
89935,2025-02-11 05:42:00,Display Ads,Brand Awareness,0,1
89953,2025-02-10 01:01:00,Display Ads,New Product Launch,0,1
89953,2025-02-10 01:27:00,Email,Brand Awareness,0,2
89953,2025-02-10 03:17:00,Social Media,Retargeting,1,3
89953,2025-02-10 09:17:00,Social Media,-,1,4
89953,2025-02-10 11:39:00,Email,-,0,5
90001,2025-02-10 06:59:00,Referral,Brand Awareness,1,1
90001,2025-02-10 11:28:00,Referral,Discount Offer,0,2
90001,2025-02-10 17:53:00,Display Ads,Retargeting,0,3
90001,2025-02-10 19:28:00,Social Media,-,1,4
90001,2025-02-11 02:46:00,Display Ads,-,0,5
90039,2025-02-10 03:18:00,Display Ads,Discount Offer,0,1
90039,2025-02-11 13:02:00,Social Media,New Product Launch,1,2
90039,2025-02-11 18:56:00,Referral,Retargeting,1,3
90047,2025-02-10 02:44:00,Display Ads,-,0,1
90047,2025-02-10 07:32:00,Display Ads,New Product Launch,1,2
90047,2025-02-10 08:29:00,Social Media,New Product Launch,1,3
90047,2025-02-11 06:33:00,Email,Brand Awareness,0,4
90047,2025-02-11 07:02:00,Search Ads,Winter Sale,1,5
90047,2025-02-11 14:16:00,Direct Traffic,-,0,6
90088,2025-02-10 03:51:00,Social Media,New Product Launch,0,1
90088,2025-02-10 12:42:00,Email,Discount Offer,0,2
90088,2025-02-10 20:21:00,Search Ads,Winter Sale,0,3
90090,2025-02-11 12:36:00,Display Ads,New Product Launch,1,1
90090,2025-02-11 12:48:00,Social Media,New Product Launch,1,2
90090,2025-02-11 13:24:00,Direct Traffic,-,0,3
90114,2025-02-10 03:34:00,Search Ads,Discount Offer,0,1
90114,2025-02-10 05:25:00,Referral,Winter Sale,1,2
90114,2025-02-10 13:30:00,Search Ads,Discount Offer,1,3
90114,2025-02-11 01:55:00,Social Media,-,1,4
90125,2025-02-10 02:31:00,Social Media,-,0,1
90125,2025-02-10 16:26:00,Email,Discount Offer,0,2
90125,2025-02-10 17:55:00,Email,Winter Sale,1,3
90125,2025-02-11 06:46:00,Direct Traffic,-,0,4
90131,2025-02-10 15:06:00,Social Media,Discount Offer,1,1
90131,2025-02-10 21:14:00,Referral,New Product Launch,1,2
90131,2025-02-11 07:47:00,Display Ads,Brand Awareness,0,3
90131,2025-02-11 10:36:00,Referral,Discount Offer,0,4
90131,2025-02-11 10:41:00,Social Media,Brand Awareness,1,5
90131,2025-02-11 14:10:00,Email,Discount Offer,1,6
90131,2025-02-11 21:53:00,Display Ads,New Product Launch,1,7
90153,2025-02-11 13:04:00,Social Media,New Product Launch,1,1
90155,2025-02-11 22:08:00,Referral,Retargeting,0,1
90184,2025-02-10 14:26:00,Referral,Brand Awareness,1,1
90213,2025-02-10 00:29:00,Social Media,-,1,1
90213,2025-02-10 02:12:00,Email,Retargeting,0,2
90213,2025-02-10 15:11:00,Social Media,Discount Offer,1,3
90213,2025-02-10 16:46:00,Email,New Product Launch,1,4
90213,2025-02-10 19:14:00,Display Ads,-,0,5
90213,2025-02-11 17:28:00,Display Ads,-,0,6
90213,2025-02-11 22:18:00,Social Media,Brand Awareness,1,7
90253,2025-02-10 03:11:00,Direct Traffic,-,1,1
90253,2025-02-10 11:47:00,Email,-,1,2
90253,2025-02-10 19:28:00,Search Ads,Retargeting,1,3
90253,2025-02-11 12:06:00,Direct Traffic,-,1,4
90322,2025-02-10 00:49:00,Display Ads,New Product Launch,0,1
90322,2025-02-10 22:41:00,Referral,New Product Launch,0,2
90322,2025-02-10 23:52:00,Direct Traffic,-,0,3
90322,2025-02-11 17:34:00,Email,New Product Launch,0,4
90332,2025-02-10 04:00:00,Display Ads,Discount Offer,0,1
90332,2025-02-10 21:21:00,Display Ads,Discount Offer,1,2
90332,2025-02-11 19:57:00,Search Ads,Retargeting,1,3
90359,2025-02-10 03:30:00,Direct Traffic,-,1,1
90359,2025-02-10 07:36:00,Display Ads,Winter Sale,1,2
90359,2025-02-10 08:26:00,Display Ads,-,0,3
90359,2025-02-11 01:49:00,Direct Traffic,-,0,4
90359,2025-02-11 18:01:00,Display Ads,Discount Offer,1,5
90409,2025-02-11 03:18:00,Referral,-,1,1
90409,2025-02-11 11:35:00,Referral,-,1,2
90409,2025-02-11 11:53:00,Search Ads,-,0,3
90409,2025-02-11 14:24:00,Display Ads,Retargeting,1,4
90409,2025-02-11 21:39:00,Referral,Discount Offer,0,5
90415,2025-02-10 21:59:00,Email,New Product Launch,1,1
90435,2025-02-10 17:35:00,Referral,-,1,1
90435,2025-02-11 20:01:00,Search Ads,-,0,2
90435,2025-02-11 21:01:00,Email,-,0,3
90444,2025-02-10 04:37:00,Referral,Winter Sale,0,1
90472,2025-02-11 19:46:00,Search Ads,Brand Awareness,1,1
90472,2025-02-11 20:14:00,Search Ads,Brand Awareness,0,2
90472,2025-02-11 23:35:00,Display Ads,Brand Awareness,1,3
90506,2025-02-10 04:52:00,Display Ads,-,1,1
90506,2025-02-10 16:03:00,Referral,Winter Sale,1,2
90506,2025-02-11 18:50:00,Display Ads,Winter Sale,0,3
90516,2025-02-10 09:01:00,Referral,New Product Launch,0,1
90516,2025-02-11 00:34:00,Direct Traffic,-,1,2
90546,2025-02-10 00:32:00,Email,New Product Launch,0,1
90546,2025-02-10 12:45:00,Social Media,Winter Sale,0,2
90546,2025-02-10 21:31:00,Referral,Brand Awareness,0,3
90546,2025-02-11 03:56:00,Email,-,0,4
90548,2025-02-10 15:17:00,Social Media,New Product Launch,0,1
90548,2025-02-10 17:59:00,Referral,Retargeting,0,2
90548,2025-02-11 00:23:00,Direct Traffic,-,0,3
90632,2025-02-10 03:22:00,Direct Traffic,-,0,1
90632,2025-02-10 05:35:00,Display Ads,-,1,2
90632,2025-02-10 18:41:00,Search Ads,New Product Launch,0,3
90632,2025-02-11 13:17:00,Direct Traffic,-,0,4
90635,2025-02-10 17:01:00,Display Ads,-,1,1
90635,2025-02-11 02:02:00,Referral,New Product Launch,0,2
90635,2025-02-11 09:47:00,Referral,Retargeting,1,3
90635,2025-02-11 12:36:00,Direct Traffic,-,0,4
90635,2025-02-11 16:32:00,Direct Traffic,-,0,5
90700,2025-02-10 11:53:00,Display Ads,Winter Sale,0,1
90700,2025-02-10 17:12:00,Display Ads,New Product Launch,1,2
90700,2025-02-11 06:55:00,Email,Retargeting,1,3
90701,2025-02-10 03:20:00,Referral,New Product Launch,1,1
90701,2025-02-10 19:30:00,Direct Traffic,-,0,2
90701,2025-02-11 11:37:00,Display Ads,Brand Awareness,0,3
90701,2025-02-11 21:33:00,Search Ads,Discount Offer,1,4
90712,2025-02-10 04:57:00,Referral,Brand Awareness,0,1
90712,2025-02-10 21:09:00,Display Ads,Retargeting,0,2
90712,2025-02-11 04:50:00,Referral,-,0,3
90712,2025-02-11 05:53:00,Search Ads,New Product Launch,0,4
90712,2025-02-11 20:57:00,Display Ads,Discount Offer,1,5
90751,2025-02-11 00:20:00,Direct Traffic,-,1,1
90751,2025-02-11 00:35:00,Referral,Winter Sale,0,2
90751,2025-02-11 03:52:00,Email,Discount Offer,0,3
90811,2025-02-10 23:59:00,Direct Traffic,-,0,1
90811,2025-02-11 14:41:00,Display Ads,Discount Offer,1,2
90848,2025-02-10 01:12:00,Referral,Retargeting,0,1
90848,2025-02-10 14:32:00,Display Ads,Brand Awareness,0,2
90848,2025-02-11 07:47:00,Email,-,0,3
90848,2025-02-11 20:49:00,Referral,Discount Offer,1,4
90879,2025-02-10 05:37:00,Display Ads,Winter Sale,1,1
90879,2025-02-10 08:24:00,Search Ads,-,1,2
90879,2025-02-10 14:19:00,Direct Traffic,-,1,3
90879,2025-02-10 23:48:00,Search Ads,Winter Sale,0,4
90879,2025-02-11 06:58:00,Display Ads,Brand Awareness,0,5
90897,2025-02-10 12:42:00,Direct Traffic,-,1,1
90897,2025-02-10 17:09:00,Direct Traffic,-,1,2
90897,2025-02-11 06:45:00,Email,Winter Sale,0,3
90897,2025-02-11 06:46:00,Search Ads,Retargeting,0,4
90897,2025-02-11 12:06:00,Display Ads,-,1,5
90897,2025-02-11 12:47:00,Display Ads,Winter Sale,0,6
90964,2025-02-10 07:33:00,Social Media,-,1,1
90964,2025-02-10 17:08:00,Referral,-,1,2
90964,2025-02-10 20:43:00,Email,Retargeting,0,3
90964,2025-02-11 01:51:00,Email,Winter Sale,0,4
90964,2025-02-11 05:39:00,Referral,Retargeting,1,5
90969,2025-02-10 05:42:00,Referral,Brand Awareness,0,1
90969,2025-02-11 17:45:00,Email,New Product Launch,0,2
90974,2025-02-10 02:43:00,Search Ads,-,0,1
91019,2025-02-10 04:28:00,Email,Winter Sale,0,1
91019,2025-02-10 10:27:00,Direct Traffic,-,0,2
91019,2025-02-10 23:01:00,Email,Winter Sale,1,3
91019,2025-02-11 06:09:00,Display Ads,-,0,4
91019,2025-02-11 12:57:00,Referral,Retargeting,1,5
91019,2025-02-11 23:10:00,Social Media,Discount Offer,1,6
91051,2025-02-10 07:02:00,Search Ads,Brand Awareness,0,1
91051,2025-02-11 10:52:00,Email,-,1,2
91051,2025-02-11 12:02:00,Social Media,Winter Sale,1,3
91055,2025-02-11 14:14:00,Referral,New Product Launch,0,1
91083,2025-02-10 18:11:00,Direct Traffic,-,1,1
91093,2025-02-11 15:57:00,Social Media,Retargeting,1,1
91157,2025-02-10 06:09:00,Social Media,-,0,1
91157,2025-02-10 19:06:00,Display Ads,-,1,2
91157,2025-02-11 02:35:00,Email,New Product Launch,1,3
91157,2025-02-11 14:13:00,Direct Traffic,-,1,4
91203,2025-02-10 23:34:00,Search Ads,Discount Offer,1,1
91203,2025-02-11 18:57:00,Display Ads,Discount Offer,1,2
91203,2025-02-11 22:44:00,Email,Retargeting,1,3
91331,2025-02-10 04:48:00,Social Media,Brand Awareness,0,1
91331,2025-02-10 07:34:00,Referral,Winter Sale,0,2
91341,2025-02-10 05:25:00,Direct Traffic,-,0,1
91341,2025-02-11 22:17:00,Direct Traffic,-,0,2
91357,2025-02-10 02:36:00,Email,Brand Awareness,1,1
91357,2025-02-10 07:05:00,Direct Traffic,-,0,2
91357,2025-02-10 12:34:00,Direct Traffic,-,0,3
91357,2025-02-10 14:35:00,Direct Traffic,-,0,4
91357,2025-02-11 13:37:00,Social Media,New Product Launch,0,5
91360,2025-02-10 21:05:00,Search Ads,Brand Awareness,0,1
91360,2025-02-11 12:10:00,Email,Retargeting,1,2
91390,2025-02-11 11:29:00,Search Ads,Discount Offer,0,1
91390,2025-02-11 18:06:00,Email,Winter Sale,1,2
91394,2025-02-10 07:05:00,Direct Traffic,-,0,1
91394,2025-02-10 21:53:00,Social Media,Retargeting,1,2
91394,2025-02-11 23:00:00,Display Ads,Discount Offer,1,3
91394,2025-02-11 23:22:00,Email,Discount Offer,0,4
91418,2025-02-10 08:19:00,Social Media,New Product Launch,1,1
91418,2025-02-11 12:37:00,Social Media,-,1,2
91418,2025-02-11 19:50:00,Social Media,New Product Launch,0,3
91442,2025-02-10 12:18:00,Display Ads,New Product Launch,1,1
91442,2025-02-10 23:34:00,Social Media,-,0,2
91442,2025-02-11 05:06:00,Display Ads,Winter Sale,0,3
91442,2025-02-11 12:33:00,Search Ads,Retargeting,1,4
91442,2025-02-11 14:43:00,Display Ads,-,1,5
91448,2025-02-11 22:32:00,Direct Traffic,-,0,1
91449,2025-02-10 19:35:00,Search Ads,-,0,1
91449,2025-02-10 22:13:00,Email,Discount Offer,1,2
91449,2025-02-10 22:15:00,Display Ads,Winter Sale,0,3
91512,2025-02-10 00:44:00,Direct Traffic,-,0,1
91512,2025-02-10 01:05:00,Display Ads,Winter Sale,1,2
91512,2025-02-10 06:09:00,Referral,New Product Launch,0,3
91512,2025-02-10 17:12:00,Search Ads,-,1,4
91512,2025-02-10 18:23:00,Direct Traffic,-,1,5
91512,2025-02-10 19:31:00,Email,New Product Launch,1,6
91512,2025-02-11 04:28:00,Direct Traffic,-,0,7
91512,2025-02-11 14:59:00,Display Ads,-,0,8
91541,2025-02-11 23:49:00,Referral,Winter Sale,0,1
91565,2025-02-10 17:45:00,Direct Traffic,-,1,1
91565,2025-02-11 04:52:00,Display Ads,Winter Sale,1,2
91565,2025-02-11 10:10:00,Direct Traffic,-,1,3
91565,2025-02-11 11:48:00,Display Ads,New Product Launch,1,4
91565,2025-02-11 19:02:00,Direct Traffic,-,1,5
91612,2025-02-10 04:54:00,Email,Discount Offer,1,1
91612,2025-02-10 08:09:00,Search Ads,New Product Launch,0,2
91612,2025-02-10 16:24:00,Email,-,0,3
91612,2025-02-11 03:43:00,Display Ads,Discount Offer,0,4
91630,2025-02-10 17:47:00,Display Ads,Brand Awareness,1,1
91630,2025-02-10 18:35:00,Referral,-,1,2
91630,2025-02-11 09:45:00,Email,New Product Launch,0,3
91630,2025-02-11 19:07:00,Referral,Discount Offer,1,4
91641,2025-02-10 12:59:00,Email,New Product Launch,1,1
91641,2025-02-10 18:13:00,Direct Traffic,-,0,2
91641,2025-02-11 12:16:00,Search Ads,Discount Offer,1,3
91658,2025-02-10 14:02:00,Direct Traffic,-,0,1
91679,2025-02-10 13:11:00,Social Media,Retargeting,1,1
91679,2025-02-10 18:22:00,Email,Winter Sale,1,2
91679,2025-02-11 03:57:00,Referral,Discount Offer,1,3
91679,2025-02-11 04:16:00,Social Media,Winter Sale,0,4
91685,2025-02-10 10:04:00,Referral,Winter Sale,0,1
91703,2025-02-10 17:33:00,Display Ads,-,0,1
91703,2025-02-10 22:12:00,Email,Brand Awareness,1,2
91772,2025-02-10 21:09:00,Referral,Winter Sale,0,1
91772,2025-02-11 00:26:00,Search Ads,New Product Launch,0,2
91772,2025-02-11 06:38:00,Social Media,Discount Offer,1,3
91772,2025-02-11 07:31:00,Email,-,0,4
91772,2025-02-11 17:07:00,Referral,-,0,5
91787,2025-02-10 06:39:00,Display Ads,Discount Offer,0,1
91787,2025-02-10 12:54:00,Direct Traffic,-,0,2
91787,2025-02-10 19:50:00,Search Ads,Discount Offer,0,3
91787,2025-02-11 22:08:00,Search Ads,Discount Offer,0,4
91876,2025-02-10 03:56:00,Search Ads,Brand Awareness,1,1
91876,2025-02-10 13:15:00,Search Ads,Brand Awareness,0,2
91876,2025-02-11 00:03:00,Direct Traffic,-,1,3
91876,2025-02-11 13:04:00,Search Ads,Discount Offer,1,4
91879,2025-02-10 09:41:00,Referral,Brand Awareness,1,1
91879,2025-02-10 14:17:00,Display Ads,-,1,2
91879,2025-02-11 09:49:00,Display Ads,New Product Launch,0,3
91879,2025-02-11 16:36:00,Search Ads,Discount Offer,1,4
91879,2025-02-11 19:14:00,Search Ads,Brand Awareness,0,5
91886,2025-02-10 00:57:00,Search Ads,Retargeting,0,1
91886,2025-02-10 01:03:00,Referral,Retargeting,0,2
91886,2025-02-10 15:22:00,Social Media,Retargeting,1,3
91886,2025-02-10 16:33:00,Display Ads,Retargeting,0,4
91886,2025-02-10 16:41:00,Direct Traffic,-,1,5
91904,2025-02-10 06:04:00,Email,-,1,1
91904,2025-02-10 15:43:00,Referral,Winter Sale,0,2
91904,2025-02-11 10:54:00,Direct Traffic,-,0,3
91904,2025-02-11 21:30:00,Display Ads,-,0,4
91918,2025-02-10 14:27:00,Direct Traffic,-,0,1
91918,2025-02-10 20:52:00,Display Ads,Brand Awareness,1,2
91950,2025-02-10 01:42:00,Search Ads,Retargeting,1,1
91950,2025-02-10 12:44:00,Email,-,1,2
91950,2025-02-10 18:15:00,Referral,Winter Sale,0,3
91950,2025-02-10 18:44:00,Search Ads,Brand Awareness,1,4
91950,2025-02-10 19:44:00,Email,Retargeting,1,5
91966,2025-02-10 13:02:00,Display Ads,Winter Sale,0,1
91966,2025-02-10 13:33:00,Social Media,-,1,2
91966,2025-02-10 21:59:00,Social Media,New Product Launch,1,3
91966,2025-02-11 19:42:00,Referral,-,0,4
92006,2025-02-10 04:34:00,Search Ads,Winter Sale,0,1
92006,2025-02-11 19:27:00,Email,Winter Sale,0,2
92025,2025-02-11 13:44:00,Email,Discount Offer,0,1
92025,2025-02-11 19:19:00,Display Ads,-,0,2
92043,2025-02-10 04:38:00,Email,New Product Launch,0,1
92043,2025-02-10 05:20:00,Referral,New Product Launch,1,2
92043,2025-02-10 07:35:00,Referral,New Product Launch,1,3
92043,2025-02-10 19:35:00,Display Ads,-,1,4
92043,2025-02-11 03:47:00,Direct Traffic,-,1,5
92043,2025-02-11 08:16:00,Direct Traffic,-,1,6
92043,2025-02-11 19:13:00,Referral,Winter Sale,0,7
92043,2025-02-11 23:46:00,Display Ads,Retargeting,1,8
92167,2025-02-10 03:10:00,Email,-,1,1
92167,2025-02-10 16:55:00,Display Ads,Discount Offer,0,2
92167,2025-02-11 02:05:00,Social Media,-,1,3
92167,2025-02-11 04:51:00,Direct Traffic,-,1,4
92167,2025-02-11 07:06:00,Search Ads,New Product Launch,1,5
92200,2025-02-10 18:04:00,Display Ads,Discount Offer,0,1
92200,2025-02-11 20:09:00,Referral,New Product Launch,1,2
92200,2025-02-11 20:21:00,Search Ads,Retargeting,0,3
92201,2025-02-10 02:43:00,Search Ads,Winter Sale,0,1
92201,2025-02-10 04:19:00,Referral,Discount Offer,1,2
92201,2025-02-10 09:19:00,Email,-,0,3
92201,2025-02-10 16:12:00,Social Media,Retargeting,1,4
92201,2025-02-11 03:47:00,Display Ads,Winter Sale,0,5
92234,2025-02-10 03:08:00,Search Ads,-,0,1
92234,2025-02-10 22:53:00,Referral,-,0,2
92234,2025-02-11 01:33:00,Display Ads,Retargeting,0,3
92234,2025-02-11 11:18:00,Referral,-,1,4
92334,2025-02-10 17:47:00,Display Ads,Discount Offer,1,1
92337,2025-02-10 13:47:00,Email,Winter Sale,0,1
92337,2025-02-11 11:30:00,Email,Winter Sale,0,2
92337,2025-02-11 16:43:00,Social Media,Winter Sale,0,3
92346,2025-02-10 07:21:00,Direct Traffic,-,1,1
92346,2025-02-10 12:23:00,Display Ads,Retargeting,0,2
92346,2025-02-11 02:57:00,Referral,Retargeting,0,3
92346,2025-02-11 07:49:00,Display Ads,Brand Awareness,0,4
92346,2025-02-11 09:42:00,Email,Brand Awareness,1,5
92346,2025-02-11 09:50:00,Email,Brand Awareness,0,6
92346,2025-02-11 19:35:00,Direct Traffic,-,0,7
92346,2025-02-11 22:14:00,Referral,Winter Sale,0,8
92350,2025-02-10 02:46:00,Direct Traffic,-,1,1
92350,2025-02-10 04:42:00,Search Ads,Retargeting,1,2
92350,2025-02-10 16:35:00,Email,Discount Offer,1,3
92370,2025-02-10 07:38:00,Search Ads,-,0,1
92370,2025-02-10 14:46:00,Email,Retargeting,1,2
92370,2025-02-10 17:38:00,Referral,Winter Sale,1,3
92370,2025-02-11 12:09:00,Direct Traffic,-,1,4
92370,2025-02-11 15:34:00,Referral,Brand Awareness,1,5
92402,2025-02-10 02:29:00,Referral,New Product Launch,1,1
92402,2025-02-10 09:35:00,Referral,New Product Launch,0,2
92402,2025-02-10 18:22:00,Direct Traffic,-,1,3
92402,2025-02-10 22:50:00,Email,-,0,4
92402,2025-02-11 05:48:00,Social Media,Brand Awareness,1,5
92445,2025-02-11 16:08:00,Email,Brand Awareness,1,1
92445,2025-02-11 19:15:00,Email,New Product Launch,0,2
92468,2025-02-11 01:35:00,Email,Discount Offer,0,1
92468,2025-02-11 23:50:00,Search Ads,Brand Awareness,1,2
92487,2025-02-10 06:05:00,Search Ads,New Product Launch,0,1
92487,2025-02-11 02:47:00,Email,Brand Awareness,0,2
92487,2025-02-11 13:19:00,Social Media,Discount Offer,0,3
92555,2025-02-10 21:18:00,Email,Winter Sale,1,1
92555,2025-02-10 23:52:00,Email,Winter Sale,0,2
92565,2025-02-10 06:03:00,Search Ads,New Product Launch,1,1
92565,2025-02-10 09:19:00,Referral,Winter Sale,1,2
92565,2025-02-11 03:38:00,Referral,Retargeting,1,3
92565,2025-02-11 08:51:00,Direct Traffic,-,1,4
92621,2025-02-10 03:27:00,Referral,New Product Launch,0,1
92621,2025-02-10 07:18:00,Direct Traffic,-,1,2
92621,2025-02-10 12:00:00,Social Media,Retargeting,1,3
92621,2025-02-10 16:05:00,Direct Traffic,-,1,4
92642,2025-02-10 15:11:00,Social Media,-,1,1
92642,2025-02-11 19:34:00,Email,Retargeting,1,2
92646,2025-02-11 19:53:00,Social Media,Retargeting,0,1
92673,2025-02-10 12:05:00,Referral,Retargeting,0,1
92673,2025-02-10 12:58:00,Direct Traffic,-,1,2
92673,2025-02-11 01:10:00,Display Ads,New Product Launch,1,3
92673,2025-02-11 16:09:00,Social Media,Retargeting,1,4
92673,2025-02-11 22:49:00,Referral,Retargeting,0,5
92692,2025-02-10 14:20:00,Display Ads,Winter Sale,1,1
92692,2025-02-10 22:34:00,Display Ads,Discount Offer,1,2
92698,2025-02-10 18:54:00,Social Media,Retargeting,0,1
92698,2025-02-11 07:07:00,Referral,New Product Launch,0,2
92698,2025-02-11 11:46:00,Direct Traffic,-,1,3
92699,2025-02-10 03:04:00,Referral,Brand Awareness,0,1
92699,2025-02-11 04:06:00,Social Media,Retargeting,1,2
92785,2025-02-10 02:31:00,Email,-,1,1
92785,2025-02-10 04:11:00,Referral,Brand Awareness,0,2
92785,2025-02-11 09:38:00,Email,New Product Launch,0,3
92799,2025-02-10 04:42:00,Direct Traffic,-,1,1
92799,2025-02-10 23:47:00,Social Media,-,0,2
92808,2025-02-10 11:15:00,Direct Traffic,-,0,1
92808,2025-02-11 00:03:00,Referral,Brand Awareness,0,2
92808,2025-02-11 06:14:00,Display Ads,Winter Sale,1,3
92904,2025-02-10 21:31:00,Display Ads,-,1,1
92904,2025-02-11 03:02:00,Email,New Product Launch,0,2
92904,2025-02-11 07:48:00,Direct Traffic,-,1,3
92904,2025-02-11 20:43:00,Direct Traffic,-,1,4
92914,2025-02-10 00:39:00,Email,New Product Launch,1,1
92914,2025-02-10 01:49:00,Email,Retargeting,0,2
92914,2025-02-10 08:23:00,Social Media,Winter Sale,1,3
92914,2025-02-11 16:14:00,Search Ads,Brand Awareness,1,4
92921,2025-02-11 02:46:00,Search Ads,New Product Launch,1,1
92972,2025-02-10 21:59:00,Referral,New Product Launch,1,1
92972,2025-02-11 03:48:00,Referral,Retargeting,0,2
92974,2025-02-10 01:00:00,Referral,New Product Launch,0,1
92974,2025-02-10 01:32:00,Email,Discount Offer,0,2
92974,2025-02-10 09:28:00,Social Media,Retargeting,1,3
92974,2025-02-11 04:58:00,Social Media,Discount Offer,1,4
92974,2025-02-11 23:27:00,Social Media,Retargeting,0,5
92988,2025-02-10 06:24:00,Social Media,New Product Launch,0,1
92988,2025-02-10 13:52:00,Display Ads,Discount Offer,1,2
92988,2025-02-10 14:24:00,Display Ads,Discount Offer,0,3
92988,2025-02-11 00:52:00,Referral,New Product Launch,0,4
92988,2025-02-11 04:56:00,Search Ads,-,0,5
92988,2025-02-11 17:17:00,Direct Traffic,-,0,6
92988,2025-02-11 23:03:00,Referral,Retargeting,1,7
92989,2025-02-10 10:58:00,Search Ads,Brand Awareness,1,1
92989,2025-02-10 17:36:00,Social Media,Discount Offer,1,2
92989,2025-02-10 20:41:00,Referral,Brand Awareness,0,3
92989,2025-02-11 00:15:00,Email,Retargeting,0,4
92989,2025-02-11 13:15:00,Display Ads,Discount Offer,0,5
92989,2025-02-11 17:33:00,Social Media,Retargeting,1,6
93007,2025-02-10 05:21:00,Referral,Discount Offer,0,1
93007,2025-02-10 08:51:00,Display Ads,New Product Launch,1,2
93007,2025-02-11 04:31:00,Display Ads,Brand Awareness,0,3
93007,2025-02-11 08:13:00,Referral,Winter Sale,0,4
93007,2025-02-11 15:55:00,Display Ads,Discount Offer,1,5
93007,2025-02-11 23:36:00,Referral,Winter Sale,0,6
93014,2025-02-10 11:59:00,Search Ads,New Product Launch,0,1
93014,2025-02-10 13:50:00,Referral,Brand Awareness,1,2
93014,2025-02-10 19:10:00,Social Media,New Product Launch,0,3
93014,2025-02-10 20:09:00,Direct Traffic,-,1,4
93014,2025-02-11 15:51:00,Search Ads,-,0,5
93078,2025-02-11 09:12:00,Referral,-,1,1
93078,2025-02-11 09:24:00,Direct Traffic,-,0,2
93161,2025-02-10 06:00:00,Email,Winter Sale,0,1
93161,2025-02-10 12:24:00,Search Ads,Discount Offer,0,2
93161,2025-02-11 07:53:00,Social Media,Brand Awareness,1,3
93193,2025-02-11 22:50:00,Referral,-,1,1
93227,2025-02-10 07:33:00,Social Media,Discount Offer,0,1
93227,2025-02-10 15:37:00,Search Ads,Brand Awareness,1,2
93227,2025-02-10 15:41:00,Direct Traffic,-,0,3
93227,2025-02-11 10:20:00,Referral,Discount Offer,0,4
93227,2025-02-11 12:28:00,Direct Traffic,-,0,5
93270,2025-02-10 00:07:00,Direct Traffic,-,0,1
93270,2025-02-10 00:19:00,Email,Discount Offer,1,2
93270,2025-02-10 07:24:00,Email,Winter Sale,0,3
93270,2025-02-11 16:12:00,Display Ads,Winter Sale,0,4
93270,2025-02-11 18:21:00,Email,New Product Launch,1,5
93270,2025-02-11 20:29:00,Display Ads,Winter Sale,0,6
93271,2025-02-10 12:15:00,Social Media,Retargeting,0,1
93271,2025-02-11 00:17:00,Referral,Winter Sale,1,2
93271,2025-02-11 03:59:00,Referral,Discount Offer,1,3
93271,2025-02-11 07:27:00,Referral,Retargeting,1,4
93271,2025-02-11 14:44:00,Email,Retargeting,0,5
93271,2025-02-11 17:21:00,Display Ads,Discount Offer,0,6
93271,2025-02-11 21:29:00,Display Ads,Discount Offer,0,7
93328,2025-02-10 03:24:00,Search Ads,New Product Launch,0,1
93328,2025-02-11 19:13:00,Email,Discount Offer,1,2
93395,2025-02-11 15:07:00,Referral,Retargeting,1,1
93431,2025-02-11 02:14:00,Social Media,-,0,1
93431,2025-02-11 22:29:00,Email,Winter Sale,1,2
93474,2025-02-11 14:48:00,Social Media,-,1,1
93474,2025-02-11 19:00:00,Search Ads,New Product Launch,1,2
93474,2025-02-11 21:41:00,Email,Retargeting,1,3
93476,2025-02-10 04:35:00,Display Ads,-,0,1
93476,2025-02-10 09:36:00,Social Media,Discount Offer,1,2
93476,2025-02-10 17:03:00,Email,Discount Offer,0,3
93476,2025-02-10 19:14:00,Referral,-,0,4
93576,2025-02-10 16:11:00,Direct Traffic,-,1,1
93576,2025-02-10 16:21:00,Search Ads,-,1,2
93576,2025-02-10 18:47:00,Direct Traffic,-,0,3
93576,2025-02-11 15:43:00,Referral,Discount Offer,0,4
93592,2025-02-10 09:37:00,Social Media,-,0,1
93592,2025-02-10 23:34:00,Display Ads,Winter Sale,0,2
93592,2025-02-11 09:00:00,Direct Traffic,-,0,3
93592,2025-02-11 21:05:00,Display Ads,Retargeting,1,4
93693,2025-02-11 09:34:00,Direct Traffic,-,0,1
93693,2025-02-11 15:29:00,Search Ads,Retargeting,1,2
93708,2025-02-10 05:12:00,Display Ads,New Product Launch,1,1
93708,2025-02-10 16:50:00,Referral,New Product Launch,0,2
93708,2025-02-11 17:32:00,Direct Traffic,-,1,3
93764,2025-02-11 17:31:00,Email,New Product Launch,1,1
93764,2025-02-11 22:57:00,Display Ads,Winter Sale,1,2
93802,2025-02-10 03:09:00,Social Media,Retargeting,0,1
93802,2025-02-10 16:20:00,Direct Traffic,-,1,2
93802,2025-02-10 20:05:00,Email,-,0,3
93802,2025-02-10 22:08:00,Search Ads,Retargeting,0,4
93802,2025-02-11 02:09:00,Search Ads,New Product Launch,0,5
93802,2025-02-11 08:33:00,Direct Traffic,-,0,6
93811,2025-02-10 07:01:00,Social Media,New Product Launch,1,1
93811,2025-02-11 12:22:00,Search Ads,Brand Awareness,0,2
93871,2025-02-10 08:56:00,Social Media,New Product Launch,0,1
93871,2025-02-11 01:25:00,Email,Retargeting,0,2
93942,2025-02-10 02:24:00,Direct Traffic,-,1,1
93942,2025-02-11 10:02:00,Email,Brand Awareness,0,2
93942,2025-02-11 12:23:00,Email,Retargeting,1,3
93942,2025-02-11 14:40:00,Display Ads,Brand Awareness,1,4
93942,2025-02-11 14:45:00,Direct Traffic,-,1,5
93964,2025-02-11 00:23:00,Search Ads,New Product Launch,0,1
93964,2025-02-11 10:38:00,Referral,-,0,2
93964,2025-02-11 15:00:00,Email,Retargeting,1,3
93964,2025-02-11 15:07:00,Display Ads,Brand Awareness,0,4
93964,2025-02-11 19:30:00,Referral,-,1,5
93964,2025-02-11 23:43:00,Display Ads,New Product Launch,1,6
93973,2025-02-10 17:07:00,Referral,-,1,1
93973,2025-02-10 21:39:00,Social Media,Retargeting,1,2
93973,2025-02-10 23:27:00,Social Media,New Product Launch,0,3
93973,2025-02-11 00:25:00,Direct Traffic,-,1,4
93989,2025-02-10 10:00:00,Email,Retargeting,1,1
93989,2025-02-10 15:14:00,Search Ads,Winter Sale,1,2
93989,2025-02-11 14:07:00,Social Media,Discount Offer,0,3
94024,2025-02-10 06:10:00,Direct Traffic,-,1,1
94024,2025-02-10 08:16:00,Referral,Brand Awareness,1,2
94024,2025-02-10 09:02:00,Display Ads,Winter Sale,0,3
94024,2025-02-10 10:55:00,Referral,Winter Sale,1,4
94024,2025-02-10 18:18:00,Display Ads,-,0,5
94024,2025-02-10 20:49:00,Display Ads,Brand Awareness,0,6
94024,2025-02-11 17:48:00,Direct Traffic,-,0,7
94028,2025-02-10 01:25:00,Display Ads,Retargeting,0,1
94028,2025-02-11 09:42:00,Search Ads,Winter Sale,0,2
94028,2025-02-11 10:41:00,Social Media,-,1,3
94028,2025-02-11 19:06:00,Email,Retargeting,0,4
94070,2025-02-10 07:22:00,Search Ads,New Product Launch,1,1
94070,2025-02-11 09:10:00,Direct Traffic,-,0,2
94070,2025-02-11 15:51:00,Search Ads,Brand Awareness,1,3
94070,2025-02-11 17:33:00,Referral,Brand Awareness,0,4
94070,2025-02-11 22:00:00,Referral,Brand Awareness,0,5
94084,2025-02-11 06:58:00,Search Ads,-,0,1
94084,2025-02-11 11:25:00,Referral,Retargeting,0,2
94084,2025-02-11 17:40:00,Social Media,Discount Offer,0,3
94106,2025-02-10 01:44:00,Referral,New Product Launch,1,1
94106,2025-02-10 15:07:00,Referral,-,1,2
94157,2025-02-11 03:43:00,Email,New Product Launch,0,1
94174,2025-02-10 08:30:00,Search Ads,Discount Offer,0,1
94174,2025-02-10 20:14:00,Social Media,Discount Offer,1,2
94174,2025-02-10 21:36:00,Display Ads,Brand Awareness,1,3
94174,2025-02-11 05:52:00,Display Ads,Discount Offer,0,4
94174,2025-02-11 21:02:00,Social Media,-,0,5
94229,2025-02-10 08:41:00,Referral,Brand Awareness,0,1
94229,2025-02-10 15:03:00,Referral,New Product Launch,0,2
94229,2025-02-10 16:06:00,Display Ads,-,1,3
94229,2025-02-11 10:23:00,Direct Traffic,-,0,4
94229,2025-02-11 17:40:00,Email,Winter Sale,1,5
94253,2025-02-11 01:04:00,Referral,Retargeting,0,1
94253,2025-02-11 03:21:00,Social Media,Brand Awareness,0,2
94253,2025-02-11 10:39:00,Direct Traffic,-,1,3
94253,2025-02-11 13:52:00,Email,Brand Awareness,0,4
94253,2025-02-11 18:36:00,Email,-,0,5
94253,2025-02-11 19:48:00,Search Ads,Retargeting,0,6
94388,2025-02-10 02:29:00,Direct Traffic,-,0,1
94388,2025-02-10 13:26:00,Referral,-,1,2
94388,2025-02-11 08:30:00,Direct Traffic,-,1,3
94431,2025-02-10 12:08:00,Search Ads,Winter Sale,0,1
94431,2025-02-10 13:40:00,Email,New Product Launch,1,2
94431,2025-02-10 23:54:00,Referral,Discount Offer,0,3
94431,2025-02-11 00:41:00,Direct Traffic,-,1,4
94431,2025-02-11 03:59:00,Social Media,Discount Offer,1,5
94486,2025-02-10 01:58:00,Social Media,Retargeting,0,1
94486,2025-02-10 06:51:00,Referral,Winter Sale,1,2
94486,2025-02-10 15:15:00,Email,Retargeting,1,3
94486,2025-02-11 02:59:00,Search Ads,New Product Launch,0,4
94486,2025-02-11 09:43:00,Social Media,Discount Offer,0,5
94486,2025-02-11 11:12:00,Social Media,Retargeting,0,6
94486,2025-02-11 16:32:00,Display Ads,Brand Awareness,0,7
94486,2025-02-11 18:33:00,Email,Winter Sale,1,8
94486,2025-02-11 21:23:00,Email,Retargeting,1,9
94548,2025-02-10 00:58:00,Social Media,-,0,1
94548,2025-02-10 06:52:00,Direct Traffic,-,0,2
94548,2025-02-10 08:16:00,Search Ads,Winter Sale,0,3
94548,2025-02-11 03:33:00,Direct Traffic,-,0,4
94548,2025-02-11 08:30:00,Display Ads,Retargeting,0,5
94607,2025-02-11 04:32:00,Display Ads,Brand Awareness,0,1
94607,2025-02-11 15:07:00,Display Ads,Brand Awareness,0,2
94623,2025-02-10 14:05:00,Referral,Brand Awareness,1,1
94623,2025-02-11 01:35:00,Direct Traffic,-,1,2
94646,2025-02-11 12:53:00,Direct Traffic,-,0,1
94646,2025-02-11 13:43:00,Email,Discount Offer,1,2
94646,2025-02-11 16:46:00,Direct Traffic,-,0,3
94646,2025-02-11 18:22:00,Email,Winter Sale,0,4
94646,2025-02-11 19:48:00,Referral,Discount Offer,1,5
94646,2025-02-11 21:26:00,Display Ads,Retargeting,0,6
94722,2025-02-10 13:23:00,Referral,Brand Awareness,1,1
94722,2025-02-10 14:02:00,Referral,-,0,2
94722,2025-02-11 01:27:00,Search Ads,-,1,3
94816,2025-02-10 00:53:00,Display Ads,New Product Launch,0,1
94816,2025-02-10 22:10:00,Display Ads,Winter Sale,0,2
94816,2025-02-10 22:38:00,Direct Traffic,-,1,3
94816,2025-02-11 00:53:00,Display Ads,Retargeting,0,4
94816,2025-02-11 07:47:00,Social Media,Discount Offer,1,5
94816,2025-02-11 12:28:00,Search Ads,-,1,6
94816,2025-02-11 19:04:00,Social Media,Brand Awareness,1,7
94825,2025-02-11 11:38:00,Display Ads,Brand Awareness,1,1
94825,2025-02-11 22:08:00,Search Ads,Discount Offer,1,2
94832,2025-02-10 17:31:00,Social Media,Brand Awareness,0,1
94832,2025-02-11 00:46:00,Display Ads,Winter Sale,1,2
94832,2025-02-11 09:37:00,Search Ads,-,1,3
94832,2025-02-11 17:17:00,Direct Traffic,-,0,4
94832,2025-02-11 23:09:00,Search Ads,Brand Awareness,0,5
94841,2025-02-10 00:59:00,Email,Brand Awareness,0,1
94841,2025-02-10 09:26:00,Search Ads,Retargeting,0,2
94841,2025-02-11 19:23:00,Referral,Discount Offer,1,3
94897,2025-02-10 12:49:00,Direct Traffic,-,0,1
94897,2025-02-11 01:03:00,Referral,Brand Awareness,0,2
94897,2025-02-11 16:35:00,Social Media,-,0,3
94932,2025-02-10 00:43:00,Social Media,Winter Sale,0,1
94932,2025-02-10 04:04:00,Email,-,0,2
94932,2025-02-10 06:26:00,Email,Winter Sale,0,3
94932,2025-02-11 00:37:00,Direct Traffic,-,0,4
94932,2025-02-11 07:35:00,Direct Traffic,-,0,5
94932,2025-02-11 19:32:00,Search Ads,New Product Launch,0,6
94970,2025-02-10 15:33:00,Referral,-,1,1
94970,2025-02-11 08:35:00,Email,Retargeting,0,2
94970,2025-02-11 11:31:00,Search Ads,Brand Awareness,1,3
94970,2025-02-11 20:04:00,Referral,Brand Awareness,1,4
94970,2025-02-11 22:47:00,Search Ads,Brand Awareness,1,5
95114,2025-02-10 20:41:00,Email,Retargeting,1,1
95114,2025-02-10 21:11:00,Display Ads,Retargeting,0,2
95114,2025-02-11 04:24:00,Email,Retargeting,1,3
95195,2025-02-11 01:57:00,Search Ads,Retargeting,0,1
95195,2025-02-11 04:44:00,Direct Traffic,-,0,2
95242,2025-02-10 09:03:00,Referral,Discount Offer,0,1
95242,2025-02-11 07:17:00,Search Ads,Brand Awareness,1,2
95275,2025-02-10 01:50:00,Social Media,Retargeting,0,1
95275,2025-02-11 02:33:00,Referral,-,0,2
95275,2025-02-11 02:33:00,Direct Traffic,-,0,3
95275,2025-02-11 04:00:00,Email,Brand Awareness,0,4
95275,2025-02-11 15:11:00,Social Media,-,0,5
95298,2025-02-10 04:04:00,Display Ads,Discount Offer,0,1
95298,2025-02-10 11:38:00,Social Media,Winter Sale,0,2
95298,2025-02-11 08:14:00,Display Ads,Winter Sale,0,3
95298,2025-02-11 23:59:00,Direct Traffic,-,1,4
95303,2025-02-10 07:15:00,Referral,Winter Sale,1,1
95303,2025-02-10 09:12:00,Display Ads,Retargeting,0,2
95303,2025-02-11 01:08:00,Display Ads,Discount Offer,1,3
95303,2025-02-11 16:10:00,Email,Retargeting,0,4
95402,2025-02-10 03:46:00,Direct Traffic,-,0,1
95402,2025-02-10 19:59:00,Email,Retargeting,1,2
95402,2025-02-11 15:46:00,Direct Traffic,-,0,3
95402,2025-02-11 20:58:00,Referral,Brand Awareness,1,4
95449,2025-02-11 02:16:00,Display Ads,Brand Awareness,0,1
95449,2025-02-11 21:43:00,Direct Traffic,-,1,2
95461,2025-02-10 12:54:00,Search Ads,Discount Offer,1,1
95461,2025-02-10 20:32:00,Referral,Winter Sale,0,2
95461,2025-02-11 07:45:00,Search Ads,Winter Sale,1,3
95461,2025-02-11 14:50:00,Referral,Retargeting,0,4
95461,2025-02-11 20:46:00,Referral,Discount Offer,0,5
95509,2025-02-10 03:14:00,Direct Traffic,-,1,1
95509,2025-02-11 07:24:00,Display Ads,Retargeting,0,2
95511,2025-02-10 08:11:00,Search Ads,Winter Sale,1,1
95511,2025-02-10 23:13:00,Display Ads,-,1,2
95511,2025-02-11 12:24:00,Search Ads,Winter Sale,0,3
95564,2025-02-11 11:15:00,Search Ads,-,0,1
95590,2025-02-10 02:42:00,Social Media,Winter Sale,1,1
95590,2025-02-10 21:11:00,Display Ads,Winter Sale,0,2
95590,2025-02-11 09:42:00,Referral,New Product Launch,1,3
95590,2025-02-11 15:21:00,Referral,Discount Offer,1,4
95608,2025-02-11 11:27:00,Email,New Product Launch,1,1
95648,2025-02-10 12:10:00,Referral,Winter Sale,0,1
95648,2025-02-11 08:56:00,Referral,-,1,2
95665,2025-02-10 09:12:00,Social Media,Discount Offer,0,1
95665,2025-02-10 09:29:00,Email,-,1,2
95665,2025-02-10 17:59:00,Display Ads,Retargeting,0,3
95665,2025-02-11 17:01:00,Social Media,Brand Awareness,1,4
95694,2025-02-10 02:38:00,Search Ads,Retargeting,1,1
95694,2025-02-10 10:58:00,Display Ads,Winter Sale,1,2
95694,2025-02-11 00:56:00,Search Ads,Retargeting,0,3
95694,2025-02-11 02:45:00,Display Ads,Winter Sale,0,4
95694,2025-02-11 03:38:00,Direct Traffic,-,0,5
95694,2025-02-11 12:58:00,Email,Discount Offer,1,6
95739,2025-02-10 00:34:00,Display Ads,Retargeting,0,1
95739,2025-02-10 06:51:00,Referral,-,0,2
95739,2025-02-10 19:33:00,Display Ads,Retargeting,0,3
95739,2025-02-11 01:36:00,Direct Traffic,-,0,4
95739,2025-02-11 04:33:00,Email,New Product Launch,1,5
95739,2025-02-11 23:10:00,Display Ads,Discount Offer,0,6
95745,2025-02-10 00:53:00,Social Media,Discount Offer,1,1
95745,2025-02-10 12:21:00,Referral,Winter Sale,1,2
95745,2025-02-11 12:07:00,Email,-,0,3
95772,2025-02-10 03:29:00,Referral,Retargeting,1,1
95772,2025-02-10 07:10:00,Direct Traffic,-,1,2
95772,2025-02-10 07:25:00,Display Ads,-,0,3
95772,2025-02-10 19:23:00,Social Media,Retargeting,0,4
95772,2025-02-10 19:46:00,Social Media,Retargeting,0,5
95772,2025-02-10 21:58:00,Search Ads,Brand Awareness,0,6
95799,2025-02-10 02:38:00,Display Ads,New Product Launch,1,1
95799,2025-02-10 07:47:00,Display Ads,Retargeting,1,2
95799,2025-02-10 21:28:00,Social Media,-,1,3
95799,2025-02-11 09:46:00,Email,Winter Sale,1,4
95799,2025-02-11 19:09:00,Referral,Retargeting,1,5
95799,2025-02-11 19:25:00,Email,Winter Sale,0,6
95840,2025-02-10 00:05:00,Referral,Brand Awareness,1,1
95840,2025-02-10 00:41:00,Referral,-,1,2
95840,2025-02-10 02:14:00,Social Media,Winter Sale,0,3
95840,2025-02-11 11:15:00,Referral,Brand Awareness,0,4
95840,2025-02-11 14:27:00,Display Ads,New Product Launch,0,5
95870,2025-02-10 23:49:00,Display Ads,Brand Awareness,0,1
95870,2025-02-11 04:46:00,Referral,Brand Awareness,1,2
95870,2025-02-11 11:18:00,Display Ads,-,0,3
95886,2025-02-11 06:31:00,Referral,-,0,1
95886,2025-02-11 14:34:00,Search Ads,Retargeting,0,2
95948,2025-02-10 20:54:00,Search Ads,Discount Offer,0,1
95948,2025-02-11 22:08:00,Direct Traffic,-,0,2
95960,2025-02-11 09:13:00,Display Ads,Brand Awareness,1,1
95960,2025-02-11 10:42:00,Social Media,Retargeting,0,2
95960,2025-02-11 16:25:00,Social Media,Brand Awareness,1,3
95960,2025-02-11 17:27:00,Social Media,Brand Awareness,0,4
95962,2025-02-10 01:35:00,Direct Traffic,-,1,1
95962,2025-02-10 23:01:00,Referral,-,1,2
96007,2025-02-10 15:49:00,Direct Traffic,-,0,1
96007,2025-02-10 22:47:00,Referral,-,0,2
96007,2025-02-11 20:46:00,Referral,Winter Sale,0,3
96015,2025-02-10 07:40:00,Search Ads,Brand Awareness,0,1
96015,2025-02-10 19:19:00,Display Ads,Brand Awareness,0,2
96015,2025-02-10 22:08:00,Email,Winter Sale,0,3
96015,2025-02-11 03:07:00,Referral,Winter Sale,0,4
96015,2025-02-11 03:10:00,Direct Traffic,-,0,5
96015,2025-02-11 15:31:00,Direct Traffic,-,1,6
96124,2025-02-11 18:28:00,Search Ads,Retargeting,1,1
96142,2025-02-10 04:33:00,Direct Traffic,-,1,1
96142,2025-02-10 05:22:00,Search Ads,New Product Launch,0,2
96142,2025-02-10 20:29:00,Search Ads,Winter Sale,0,3
96142,2025-02-10 21:25:00,Search Ads,Brand Awareness,1,4
96142,2025-02-11 05:59:00,Search Ads,Retargeting,1,5
96142,2025-02-11 12:26:00,Search Ads,Retargeting,0,6
96237,2025-02-10 16:40:00,Social Media,Brand Awareness,0,1
96237,2025-02-10 18:55:00,Direct Traffic,-,0,2
96237,2025-02-10 18:57:00,Email,Winter Sale,0,3
96237,2025-02-11 05:51:00,Display Ads,New Product Launch,1,4
96237,2025-02-11 12:25:00,Social Media,Winter Sale,0,5
96237,2025-02-11 18:24:00,Social Media,Winter Sale,0,6
96237,2025-02-11 19:52:00,Search Ads,New Product Launch,1,7
96285,2025-02-10 05:35:00,Email,Winter Sale,0,1
96285,2025-02-11 05:09:00,Display Ads,Brand Awareness,0,2
96294,2025-02-10 00:51:00,Referral,Discount Offer,1,1
96294,2025-02-11 06:17:00,Search Ads,New Product Launch,0,2
96294,2025-02-11 08:30:00,Social Media,Brand Awareness,0,3
96294,2025-02-11 20:01:00,Social Media,-,1,4
96454,2025-02-10 01:31:00,Direct Traffic,-,0,1
96454,2025-02-10 04:22:00,Referral,Retargeting,1,2
96454,2025-02-10 12:38:00,Email,Discount Offer,0,3
96454,2025-02-10 13:13:00,Display Ads,New Product Launch,1,4
96454,2025-02-10 21:33:00,Referral,Brand Awareness,1,5
96454,2025-02-11 19:46:00,Search Ads,New Product Launch,0,6
96473,2025-02-11 08:56:00,Social Media,Brand Awareness,0,1
96473,2025-02-11 10:58:00,Email,Brand Awareness,1,2
96491,2025-02-11 18:45:00,Social Media,-,1,1
96491,2025-02-11 18:54:00,Referral,Retargeting,0,2
96523,2025-02-10 20:39:00,Social Media,Brand Awareness,1,1
96523,2025-02-11 04:30:00,Display Ads,-,1,2
96523,2025-02-11 14:07:00,Email,New Product Launch,0,3
96542,2025-02-10 09:40:00,Display Ads,Winter Sale,1,1
96542,2025-02-10 14:28:00,Display Ads,-,1,2
96542,2025-02-11 13:38:00,Email,-,0,3
96542,2025-02-11 20:01:00,Referral,New Product Launch,0,4
96546,2025-02-10 14:05:00,Referral,Brand Awareness,1,1
96546,2025-02-11 00:10:00,Direct Traffic,-,1,2
96546,2025-02-11 02:25:00,Search Ads,New Product Launch,0,3
96598,2025-02-10 02:05:00,Search Ads,-,0,1
96598,2025-02-11 07:41:00,Social Media,-,0,2
96598,2025-02-11 08:06:00,Referral,Brand Awareness,1,3
96629,2025-02-10 07:19:00,Social Media,Retargeting,1,1
96629,2025-02-11 06:41:00,Email,-,0,2
96629,2025-02-11 17:14:00,Search Ads,Brand Awareness,1,3
96629,2025-02-11 23:05:00,Search Ads,Retargeting,1,4
96656,2025-02-10 01:28:00,Referral,-,0,1
96656,2025-02-10 08:50:00,Social Media,Retargeting,0,2
96656,2025-02-11 04:58:00,Social Media,Winter Sale,0,3
96656,2025-02-11 17:28:00,Social Media,-,0,4
96671,2025-02-10 00:48:00,Referral,Discount Offer,1,1
96671,2025-02-11 08:23:00,Email,New Product Launch,0,2
96671,2025-02-11 13:36:00,Search Ads,Retargeting,0,3
96672,2025-02-10 00:31:00,Display Ads,Winter Sale,0,1
96672,2025-02-10 21:04:00,Search Ads,Retargeting,1,2
96672,2025-02-11 03:19:00,Direct Traffic,-,0,3
96688,2025-02-10 14:03:00,Direct Traffic,-,0,1
96688,2025-02-11 00:10:00,Referral,Discount Offer,0,2
96740,2025-02-10 08:23:00,Display Ads,Winter Sale,1,1
96740,2025-02-11 06:28:00,Email,Winter Sale,0,2
96740,2025-02-11 08:45:00,Search Ads,Retargeting,1,3
96740,2025-02-11 12:22:00,Email,Discount Offer,1,4
96838,2025-02-10 02:54:00,Email,-,0,1
96855,2025-02-10 19:21:00,Email,Brand Awareness,1,1
96855,2025-02-10 20:30:00,Direct Traffic,-,1,2
96855,2025-02-11 05:16:00,Referral,-,0,3
96872,2025-02-10 07:15:00,Social Media,New Product Launch,1,1
96872,2025-02-10 20:29:00,Referral,Discount Offer,0,2
96872,2025-02-11 19:21:00,Email,Winter Sale,0,3
96872,2025-02-11 19:34:00,Direct Traffic,-,1,4
96872,2025-02-11 23:32:00,Email,Discount Offer,0,5
96900,2025-02-10 00:16:00,Referral,New Product Launch,1,1
96900,2025-02-10 10:51:00,Social Media,Brand Awareness,1,2
96933,2025-02-11 23:22:00,Social Media,-,0,1
96934,2025-02-10 12:38:00,Email,Winter Sale,1,1
96934,2025-02-10 18:18:00,Search Ads,Brand Awareness,0,2
96934,2025-02-11 12:46:00,Email,Discount Offer,0,3
96934,2025-02-11 15:17:00,Display Ads,Retargeting,1,4
97087,2025-02-10 16:16:00,Direct Traffic,-,0,1
97087,2025-02-10 18:41:00,Referral,Brand Awareness,0,2
97087,2025-02-11 03:00:00,Email,New Product Launch,1,3
97127,2025-02-10 22:04:00,Direct Traffic,-,1,1
97127,2025-02-11 02:46:00,Search Ads,Retargeting,0,2
97127,2025-02-11 06:09:00,Social Media,Retargeting,1,3
97127,2025-02-11 21:11:00,Referral,Retargeting,1,4
97135,2025-02-10 19:20:00,Search Ads,Retargeting,0,1
97135,2025-02-11 16:59:00,Email,Brand Awareness,0,2
97151,2025-02-11 16:02:00,Social Media,Brand Awareness,1,1
97201,2025-02-10 05:33:00,Display Ads,New Product Launch,0,1
97201,2025-02-10 11:47:00,Referral,Retargeting,0,2
97201,2025-02-11 01:41:00,Social Media,-,1,3
97230,2025-02-10 21:01:00,Social Media,Retargeting,0,1
97280,2025-02-10 00:26:00,Referral,Brand Awareness,1,1
97280,2025-02-10 02:52:00,Social Media,Discount Offer,0,2
97280,2025-02-10 03:39:00,Referral,Discount Offer,0,3
97280,2025-02-11 03:02:00,Direct Traffic,-,1,4
97335,2025-02-10 18:04:00,Email,Discount Offer,1,1
97335,2025-02-10 23:23:00,Search Ads,Retargeting,1,2
97446,2025-02-10 20:35:00,Display Ads,Winter Sale,0,1
97446,2025-02-11 03:09:00,Display Ads,New Product Launch,0,2
97446,2025-02-11 19:44:00,Referral,Discount Offer,1,3
97508,2025-02-10 07:04:00,Display Ads,Retargeting,1,1
97508,2025-02-10 08:49:00,Referral,-,1,2
97508,2025-02-10 20:14:00,Email,Retargeting,0,3
97529,2025-02-10 00:03:00,Display Ads,Brand Awareness,0,1
97529,2025-02-10 09:30:00,Search Ads,-,0,2
97706,2025-02-10 02:18:00,Search Ads,Discount Offer,0,1
97706,2025-02-10 09:34:00,Social Media,Brand Awareness,0,2
97706,2025-02-10 20:17:00,Search Ads,Brand Awareness,1,3
97706,2025-02-11 16:09:00,Search Ads,Brand Awareness,1,4
97726,2025-02-10 08:57:00,Email,-,1,1
97726,2025-02-10 11:14:00,Email,-,0,2
97726,2025-02-10 11:20:00,Direct Traffic,-,1,3
97726,2025-02-10 23:34:00,Email,Winter Sale,1,4
97726,2025-02-11 07:09:00,Display Ads,-,0,5
97756,2025-02-10 01:37:00,Display Ads,-,1,1
97756,2025-02-10 03:27:00,Referral,Winter Sale,0,2
97756,2025-02-10 17:44:00,Direct Traffic,-,1,3
97756,2025-02-11 04:31:00,Social Media,Discount Offer,0,4
97756,2025-02-11 14:10:00,Social Media,Winter Sale,0,5
97780,2025-02-11 15:58:00,Direct Traffic,-,0,1
97780,2025-02-11 19:48:00,Display Ads,-,1,2
97780,2025-02-11 20:29:00,Referral,Brand Awareness,0,3
97804,2025-02-10 11:55:00,Direct Traffic,-,1,1
97804,2025-02-10 13:14:00,Search Ads,Retargeting,0,2
97804,2025-02-10 20:55:00,Email,New Product Launch,0,3
97804,2025-02-11 03:18:00,Email,Brand Awareness,1,4
97804,2025-02-11 07:30:00,Social Media,Winter Sale,1,5
97825,2025-02-10 03:27:00,Search Ads,-,0,1
97825,2025-02-10 05:59:00,Referral,Discount Offer,1,2
97825,2025-02-11 01:46:00,Referral,Discount Offer,1,3
97825,2025-02-11 09:27:00,Direct Traffic,-,0,4
97826,2025-02-10 07:30:00,Display Ads,Retargeting,1,1
97826,2025-02-11 02:29:00,Direct Traffic,-,0,2
97826,2025-02-11 04:01:00,Email,Retargeting,0,3
97826,2025-02-11 11:46:00,Search Ads,Brand Awareness,1,4
97844,2025-02-10 18:03:00,Search Ads,-,1,1
97844,2025-02-10 20:32:00,Referral,Winter Sale,0,2
97844,2025-02-10 21:30:00,Display Ads,Discount Offer,1,3
97844,2025-02-11 00:03:00,Referral,Winter Sale,0,4
97844,2025-02-11 11:21:00,Search Ads,Retargeting,0,5
97844,2025-02-11 12:04:00,Direct Traffic,-,1,6
97844,2025-02-11 15:52:00,Social Media,Brand Awareness,0,7
97853,2025-02-10 09:35:00,Email,Discount Offer,1,1
97853,2025-02-10 16:55:00,Search Ads,New Product Launch,1,2
97881,2025-02-10 23:10:00,Display Ads,New Product Launch,0,1
97881,2025-02-11 02:55:00,Referral,-,0,2
97881,2025-02-11 07:35:00,Referral,Brand Awareness,0,3
97881,2025-02-11 17:47:00,Social Media,Discount Offer,0,4
97894,2025-02-10 03:12:00,Search Ads,-,1,1
97899,2025-02-10 01:50:00,Email,New Product Launch,0,1
97899,2025-02-10 13:05:00,Search Ads,New Product Launch,0,2
97899,2025-02-10 17:47:00,Social Media,New Product Launch,0,3
97899,2025-02-11 01:21:00,Display Ads,Discount Offer,0,4
97899,2025-02-11 15:29:00,Display Ads,Brand Awareness,0,5
97899,2025-02-11 21:10:00,Display Ads,Retargeting,1,6
97915,2025-02-10 09:22:00,Email,Winter Sale,1,1
97915,2025-02-11 03:08:00,Direct Traffic,-,1,2
97915,2025-02-11 06:08:00,Display Ads,Retargeting,1,3
98014,2025-02-10 23:47:00,Direct Traffic,-,1,1
98014,2025-02-11 14:16:00,Email,-,0,2
98015,2025-02-11 02:11:00,Referral,Brand Awareness,0,1
98015,2025-02-11 19:38:00,Email,Winter Sale,0,2
98055,2025-02-10 08:20:00,Email,Winter Sale,1,1
98055,2025-02-11 13:45:00,Direct Traffic,-,1,2
98055,2025-02-11 21:35:00,Referral,New Product Launch,0,3
98079,2025-02-10 01:06:00,Referral,Retargeting,1,1
98079,2025-02-10 16:47:00,Referral,-,0,2
98079,2025-02-11 05:07:00,Search Ads,Discount Offer,1,3
98079,2025-02-11 05:54:00,Search Ads,Discount Offer,0,4
98079,2025-02-11 16:52:00,Email,Brand Awareness,1,5
98079,2025-02-11 17:42:00,Social Media,Winter Sale,0,6
98133,2025-02-10 01:04:00,Direct Traffic,-,1,1
98133,2025-02-10 06:59:00,Direct Traffic,-,1,2
98133,2025-02-11 09:11:00,Social Media,Discount Offer,0,3
98152,2025-02-10 21:06:00,Social Media,Winter Sale,0,1
98152,2025-02-10 22:38:00,Social Media,Winter Sale,0,2
98152,2025-02-10 23:30:00,Search Ads,New Product Launch,1,3
98152,2025-02-11 09:04:00,Direct Traffic,-,1,4
98152,2025-02-11 18:06:00,Email,Retargeting,0,5
98152,2025-02-11 20:36:00,Social Media,Retargeting,1,6
98208,2025-02-10 04:52:00,Direct Traffic,-,0,1
98208,2025-02-10 06:34:00,Social Media,Winter Sale,1,2
98208,2025-02-10 18:49:00,Display Ads,Discount Offer,1,3
98208,2025-02-11 05:58:00,Email,-,0,4
98208,2025-02-11 19:28:00,Search Ads,New Product Launch,0,5
98219,2025-02-10 06:57:00,Search Ads,Retargeting,0,1
98219,2025-02-11 19:34:00,Email,Brand Awareness,1,2
98219,2025-02-11 19:59:00,Display Ads,-,1,3
98237,2025-02-10 02:48:00,Direct Traffic,-,1,1
98237,2025-02-10 22:57:00,Direct Traffic,-,0,2
98237,2025-02-11 19:11:00,Email,New Product Launch,0,3
98237,2025-02-11 19:42:00,Display Ads,Winter Sale,1,4
98237,2025-02-11 21:41:00,Social Media,Retargeting,1,5
98242,2025-02-10 15:43:00,Search Ads,New Product Launch,0,1
98242,2025-02-11 22:57:00,Email,Brand Awareness,0,2
98273,2025-02-10 15:02:00,Referral,Retargeting,0,1
98273,2025-02-11 10:56:00,Display Ads,Retargeting,1,2
98273,2025-02-11 19:10:00,Social Media,Winter Sale,0,3
98275,2025-02-10 00:27:00,Direct Traffic,-,0,1
98275,2025-02-10 18:30:00,Referral,Retargeting,1,2
98275,2025-02-11 09:47:00,Display Ads,Retargeting,0,3
98275,2025-02-11 18:59:00,Search Ads,Brand Awareness,0,4
98295,2025-02-10 09:53:00,Email,New Product Launch,0,1
98295,2025-02-11 12:22:00,Social Media,Retargeting,1,2
98310,2025-02-10 06:15:00,Display Ads,Discount Offer,0,1
98310,2025-02-10 14:54:00,Social Media,-,0,2
98310,2025-02-11 00:52:00,Referral,Discount Offer,1,3
98310,2025-02-11 06:45:00,Referral,Discount Offer,0,4
98310,2025-02-11 18:36:00,Email,-,0,5
98310,2025-02-11 19:15:00,Email,Winter Sale,0,6
98310,2025-02-11 22:07:00,Search Ads,Winter Sale,1,7
98320,2025-02-10 07:14:00,Direct Traffic,-,1,1
98320,2025-02-11 00:31:00,Search Ads,Retargeting,1,2
98320,2025-02-11 06:58:00,Direct Traffic,-,1,3
98320,2025-02-11 08:26:00,Direct Traffic,-,1,4
98343,2025-02-10 05:58:00,Display Ads,-,1,1
98411,2025-02-10 00:31:00,Search Ads,Brand Awareness,0,1
98411,2025-02-10 02:51:00,Email,New Product Launch,1,2
98411,2025-02-11 05:21:00,Search Ads,Discount Offer,0,3
98418,2025-02-10 01:48:00,Direct Traffic,-,0,1
98418,2025-02-10 14:23:00,Direct Traffic,-,1,2
98418,2025-02-10 21:42:00,Social Media,Brand Awareness,1,3
98418,2025-02-11 03:21:00,Display Ads,Discount Offer,0,4
98418,2025-02-11 04:00:00,Display Ads,Discount Offer,0,5
98418,2025-02-11 09:50:00,Search Ads,-,1,6
98418,2025-02-11 10:14:00,Search Ads,Brand Awareness,0,7
98418,2025-02-11 15:57:00,Display Ads,Winter Sale,1,8
98432,2025-02-10 14:11:00,Search Ads,Discount Offer,0,1
98432,2025-02-11 10:13:00,Referral,-,0,2
98432,2025-02-11 20:54:00,Referral,New Product Launch,0,3
98517,2025-02-10 06:37:00,Referral,Discount Offer,0,1
98517,2025-02-10 07:48:00,Referral,New Product Launch,0,2
98517,2025-02-10 21:32:00,Display Ads,Brand Awareness,1,3
98517,2025-02-11 07:53:00,Direct Traffic,-,0,4
98520,2025-02-10 10:12:00,Direct Traffic,-,0,1
98520,2025-02-10 14:58:00,Email,-,1,2
98520,2025-02-11 09:45:00,Social Media,-,1,3
98520,2025-02-11 23:30:00,Email,New Product Launch,0,4
98627,2025-02-10 13:05:00,Referral,New Product Launch,0,1
98627,2025-02-11 08:16:00,Direct Traffic,-,1,2
98627,2025-02-11 12:14:00,Search Ads,Discount Offer,0,3
98628,2025-02-10 03:14:00,Search Ads,Retargeting,0,1
98628,2025-02-11 19:28:00,Display Ads,Retargeting,0,2
98655,2025-02-10 16:03:00,Search Ads,Winter Sale,1,1
98670,2025-02-11 03:35:00,Search Ads,Discount Offer,1,1
98670,2025-02-11 09:50:00,Search Ads,-,1,2
98670,2025-02-11 10:27:00,Social Media,New Product Launch,1,3
98673,2025-02-11 21:10:00,Display Ads,Winter Sale,1,1
98683,2025-02-10 07:25:00,Search Ads,Brand Awareness,0,1
98683,2025-02-10 10:43:00,Display Ads,Brand Awareness,1,2
98683,2025-02-11 09:01:00,Direct Traffic,-,0,3
98683,2025-02-11 13:04:00,Social Media,Discount Offer,0,4
98683,2025-02-11 16:37:00,Email,Winter Sale,0,5
98687,2025-02-10 15:26:00,Email,New Product Launch,0,1
98687,2025-02-10 18:45:00,Search Ads,Retargeting,0,2
98738,2025-02-10 08:12:00,Referral,Retargeting,0,1
98738,2025-02-10 09:35:00,Search Ads,-,0,2
98738,2025-02-10 18:44:00,Social Media,Discount Offer,0,3
98788,2025-02-11 20:10:00,Display Ads,Discount Offer,0,1
98843,2025-02-10 01:37:00,Display Ads,-,1,1
98843,2025-02-10 22:29:00,Social Media,Discount Offer,1,2
98881,2025-02-10 00:34:00,Email,New Product Launch,1,1
98881,2025-02-10 11:00:00,Referral,Discount Offer,0,2
98881,2025-02-10 17:20:00,Social Media,New Product Launch,0,3
98881,2025-02-11 07:45:00,Social Media,Discount Offer,0,4
98881,2025-02-11 13:35:00,Referral,-,0,5
98920,2025-02-11 00:33:00,Search Ads,Discount Offer,0,1
98920,2025-02-11 20:52:00,Search Ads,Brand Awareness,0,2
98997,2025-02-10 11:09:00,Search Ads,Discount Offer,0,1
98997,2025-02-11 15:21:00,Referral,Retargeting,0,2
99018,2025-02-10 04:06:00,Referral,Brand Awareness,1,1
99018,2025-02-10 23:51:00,Social Media,Winter Sale,0,2
99018,2025-02-11 19:31:00,Social Media,Discount Offer,0,3
99065,2025-02-10 08:11:00,Email,Retargeting,1,1
99065,2025-02-10 15:46:00,Referral,-,0,2
99065,2025-02-11 01:45:00,Display Ads,-,1,3
99065,2025-02-11 21:20:00,Direct Traffic,-,0,4
99093,2025-02-10 05:44:00,Referral,-,1,1
99093,2025-02-11 00:55:00,Search Ads,Winter Sale,1,2
99093,2025-02-11 10:46:00,Direct Traffic,-,0,3
99115,2025-02-11 16:45:00,Search Ads,Brand Awareness,0,1
99147,2025-02-10 07:45:00,Direct Traffic,-,1,1
99147,2025-02-10 18:25:00,Direct Traffic,-,1,2
99147,2025-02-10 21:05:00,Search Ads,Retargeting,0,3
99147,2025-02-11 10:49:00,Social Media,Discount Offer,0,4
99147,2025-02-11 18:34:00,Referral,Winter Sale,1,5
99147,2025-02-11 19:53:00,Search Ads,Retargeting,0,6
99147,2025-02-11 20:36:00,Email,Brand Awareness,1,7
99149,2025-02-10 22:14:00,Referral,Discount Offer,0,1
99149,2025-02-11 02:20:00,Display Ads,Discount Offer,1,2
99153,2025-02-11 01:51:00,Display Ads,-,1,1
99153,2025-02-11 05:40:00,Direct Traffic,-,0,2
99157,2025-02-10 15:53:00,Display Ads,-,0,1
99157,2025-02-10 22:33:00,Search Ads,Brand Awareness,1,2
99157,2025-02-11 06:31:00,Display Ads,-,1,3
99250,2025-02-10 02:02:00,Referral,Winter Sale,0,1
99250,2025-02-10 21:33:00,Search Ads,-,0,2
99318,2025-02-11 07:47:00,Search Ads,-,1,1
99321,2025-02-10 00:57:00,Display Ads,Discount Offer,0,1
99321,2025-02-10 13:55:00,Direct Traffic,-,1,2
99321,2025-02-10 17:46:00,Email,-,1,3
99321,2025-02-10 18:35:00,Direct Traffic,-,0,4
99321,2025-02-10 21:23:00,Referral,New Product Launch,0,5
99321,2025-02-11 16:25:00,Email,Retargeting,0,6
99481,2025-02-10 08:37:00,Search Ads,Retargeting,0,1
99481,2025-02-10 09:33:00,Social Media,New Product Launch,1,2
99481,2025-02-11 00:21:00,Referral,-,0,3
99481,2025-02-11 07:14:00,Display Ads,-,0,4
99481,2025-02-11 11:27:00,Referral,Winter Sale,0,5
99481,2025-02-11 17:16:00,Direct Traffic,-,1,6
99490,2025-02-10 05:32:00,Referral,New Product Launch,0,1
99490,2025-02-10 08:56:00,Search Ads,New Product Launch,0,2
99490,2025-02-11 05:16:00,Search Ads,-,0,3
99490,2025-02-11 21:31:00,Referral,New Product Launch,1,4
99526,2025-02-10 06:09:00,Direct Traffic,-,0,1
99526,2025-02-10 19:03:00,Display Ads,Retargeting,0,2
99526,2025-02-11 00:53:00,Referral,New Product Launch,1,3
99526,2025-02-11 07:35:00,Direct Traffic,-,1,4
99526,2025-02-11 12:54:00,Social Media,Brand Awareness,1,5
99526,2025-02-11 20:27:00,Search Ads,Brand Awareness,0,6
99566,2025-02-10 12:03:00,Referral,New Product Launch,0,1
99566,2025-02-10 21:56:00,Referral,-,0,2
99566,2025-02-11 16:47:00,Direct Traffic,-,0,3
99597,2025-02-10 18:33:00,Display Ads,Retargeting,1,1
99597,2025-02-11 11:13:00,Search Ads,-,1,2
99597,2025-02-11 23:57:00,Direct Traffic,-,1,3
99618,2025-02-10 09:25:00,Search Ads,Brand Awareness,1,1
99627,2025-02-10 07:09:00,Search Ads,Discount Offer,0,1
99627,2025-02-10 18:58:00,Search Ads,-,1,2
99627,2025-02-10 19:01:00,Email,Retargeting,0,3
99627,2025-02-11 20:19:00,Display Ads,Discount Offer,1,4
99697,2025-02-10 00:37:00,Referral,Retargeting,0,1
99697,2025-02-10 11:09:00,Social Media,New Product Launch,1,2
99697,2025-02-11 06:14:00,Email,Brand Awareness,1,3
99697,2025-02-11 13:36:00,Social Media,Retargeting,1,4
99744,2025-02-10 10:19:00,Direct Traffic,-,1,1
99744,2025-02-11 23:05:00,Email,Retargeting,1,2
99746,2025-02-11 16:20:00,Direct Traffic,-,1,1
99746,2025-02-11 16:21:00,Email,-,1,2
99746,2025-02-11 18:10:00,Direct Traffic,-,1,3
99748,2025-02-10 07:11:00,Search Ads,Discount Offer,1,1
99748,2025-02-10 12:04:00,Display Ads,Discount Offer,1,2
99748,2025-02-10 14:46:00,Search Ads,Winter Sale,0,3
99748,2025-02-11 08:00:00,Referral,Brand Awareness,0,4
99748,2025-02-11 23:32:00,Referral,Retargeting,1,5
99782,2025-02-10 09:52:00,Display Ads,Retargeting,0,1
99782,2025-02-10 13:51:00,Social Media,Discount Offer,1,2
99782,2025-02-10 18:55:00,Search Ads,New Product Launch,1,3
99782,2025-02-11 11:32:00,Referral,Discount Offer,1,4
99782,2025-02-11 23:53:00,Email,Winter Sale,0,5
99794,2025-02-10 03:41:00,Email,Winter Sale,0,1
99794,2025-02-10 13:40:00,Direct Traffic,-,1,2
99794,2025-02-10 15:15:00,Direct Traffic,-,0,3
99794,2025-02-11 21:36:00,Search Ads,Winter Sale,0,4
99794,2025-02-11 23:19:00,Display Ads,Winter Sale,1,5
99799,2025-02-10 22:14:00,Referral,-,1,1
99799,2025-02-11 19:18:00,Search Ads,Discount Offer,1,2
99937,2025-02-10 04:16:00,Display Ads,Brand Awareness,0,1
99937,2025-02-10 21:55:00,Referral,Discount Offer,0,2
99937,2025-02-11 05:37:00,Display Ads,Brand Awareness,0,3
99937,2025-02-11 08:11:00,Direct Traffic,-,0,4
99937,2025-02-11 14:38:00,Direct Traffic,-,1,5
99937,2025-02-11 21:23:00,Display Ads,Retargeting,0,6
99995,2025-02-10 02:59:00,Referral,Winter Sale,0,1
99995,2025-02-10 06:15:00,Search Ads,-,1,2
99995,2025-02-10 18:37:00,Referral,Retargeting,0,3
99995,2025-02-10 23:46:00,Display Ads,Discount Offer,0,4
99995,2025-02-11 15:07:00,Email,Retargeting,1,5
99995,2025-02-11 16:38:00,Search Ads,Brand Awareness,0,6
