User ID,Timestamp,Channel,Campaign,Conversion
83281,10-02-2025 07:58,Email,New Product Launch,No
68071,10-02-2025 23:38,Search Ads,Winter Sale,No
90131,11-02-2025 10:41,Social Media,Brand Awareness,Yes
71026,10-02-2025 08:19,Direct Traffic,-,Yes
94486,10-02-2025 15:15,Email,Retargeting,Yes
31134,11-02-2025 06:43,Search Ads,-,Yes
99995,10-02-2025 06:15,Search Ads,-,Yes
45832,11-02-2025 01:09,Referral,Winter Sale,Yes
79863,10-02-2025 06:48,Display Ads,Discount Offer,Yes
35324,10-02-2025 21:36,Direct Traffic,-,No
50905,11-02-2025 22:04,Social Media,Brand Awareness,No
82798,10-02-2025 08:57,Display Ads,New Product Launch,Yes
53313,10-02-2025 14:45,Social Media,Brand Awareness,Yes
59109,10-02-2025 14:18,Display Ads,Brand Awareness,No
72045,11-02-2025 18:39,Referral,Retargeting,No
91019,10-02-2025 04:28,Email,Winter Sale,No
78241,11-02-2025 11:24,Display Ads,Brand Awareness,Yes
71565,11-02-2025 17:24,Email,Retargeting,Yes
60684,10-02-2025 01:31,Email,-,Yes
28998,11-02-2025 11:15,Direct Traffic,-,Yes
39795,11-02-2025 22:31,Display Ads,New Product Launch,No
83286,11-02-2025 16:16,Social Media,Discount Offer,No
62862,11-02-2025 02:10,Referral,Discount Offer,Yes
20507,11-02-2025 12:49,Email,Discount Offer,Yes
28295,11-02-2025 14:52,Social Media,New Product Launch,No
96523,10-02-2025 20:39,Social Media,Brand Awareness,Yes
30910,11-02-2025 02:03,Referral,Discount Offer,Yes
78262,11-02-2025 17:34,Referral,Brand Awareness,No
37903,10-02-2025 18:20,Search Ads,Retargeting,Yes
22684,11-02-2025 17:40,Direct Traffic,-,No
14396,10-02-2025 00:29,Social Media,Discount Offer,Yes
31679,11-02-2025 16:14,Email,Brand Awareness,No
73216,10-02-2025 16:07,Email,-,Yes
34551,10-02-2025 15:55,Referral,Discount Offer,No
20513,11-02-2025 07:12,Search Ads,-,Yes
78925,10-02-2025 02:27,Social Media,Retargeting,No
30845,11-02-2025 15:43,Email,Retargeting,Yes
27437,11-02-2025 10:47,Direct Traffic,-,No
17566,10-02-2025 14:33,Search Ads,Brand Awareness,No
61019,10-02-2025 20:23,Referral,Brand Awareness,No
96237,10-02-2025 18:57,Email,Winter Sale,No
93014,11-02-2025 15:51,Search Ads,-,No
81371,10-02-2025 04:28,Search Ads,Brand Awareness,No
76909,11-02-2025 02:40,Display Ads,Retargeting,Yes
29914,11-02-2025 02:00,Display Ads,Retargeting,Yes
33255,11-02-2025 08:10,Email,-,No
32685,10-02-2025 22:59,Referral,Winter Sale,No
28171,11-02-2025 10:26,Email,-,Yes
32391,10-02-2025 17:20,Email,Brand Awareness,No
82495,10-02-2025 01:32,Direct Traffic,-,Yes
55755,11-02-2025 16:42,Display Ads,Brand Awareness,Yes
94548,11-02-2025 03:33,Direct Traffic,-,No
89180,10-02-2025 01:11,Direct Traffic,-,No
72532,10-02-2025 14:00,Search Ads,-,Yes
53707,10-02-2025 04:51,Referral,Retargeting,Yes
57726,11-02-2025 20:24,Direct Traffic,-,Yes
90253,10-02-2025 03:11,Direct Traffic,-,Yes
57564,10-02-2025 05:37,Direct Traffic,-,No
29113,10-02-2025 04:09,Direct Traffic,-,Yes
94722,10-02-2025 14:02,Referral,-,No
62079,10-02-2025 10:24,Email,Winter Sale,No
63416,10-02-2025 10:38,Display Ads,Discount Offer,No
89732,10-02-2025 09:27,Referral,Discount Offer,No
15395,11-02-2025 07:00,Referral,Brand Awareness,Yes
33578,11-02-2025 06:49,Referral,Retargeting,Yes
57627,11-02-2025 23:05,Display Ads,-,Yes
92974,11-02-2025 04:58,Social Media,Discount Offer,Yes
23599,11-02-2025 05:59,Direct Traffic,-,No
17614,10-02-2025 19:07,Search Ads,Retargeting,No
15491,10-02-2025 16:33,Social Media,Retargeting,No
69460,10-02-2025 16:55,Search Ads,Winter Sale,No
35837,11-02-2025 04:46,Social Media,-,No
64703,10-02-2025 00:09,Referral,Retargeting,Yes
74876,10-02-2025 14:42,Search Ads,Discount Offer,No
14398,11-02-2025 15:36,Referral,Discount Offer,Yes
73721,11-02-2025 12:51,Search Ads,Winter Sale,No
89340,10-02-2025 23:25,Direct Traffic,-,No
94174,10-02-2025 21:36,Display Ads,Brand Awareness,Yes
72741,11-02-2025 13:15,Display Ads,-,No
17708,10-02-2025 14:13,Direct Traffic,-,No
67722,10-02-2025 19:28,Display Ads,Brand Awareness,No
90253,11-02-2025 12:06,Direct Traffic,-,Yes
16311,11-02-2025 22:17,Social Media,-,Yes
32391,11-02-2025 11:41,Search Ads,-,No
73105,11-02-2025 11:11,Display Ads,-,Yes
79941,11-02-2025 15:18,Email,Brand Awareness,No
96015,10-02-2025 07:40,Search Ads,Brand Awareness,No
54874,10-02-2025 20:07,Search Ads,Retargeting,No
37162,11-02-2025 23:24,Direct Traffic,-,No
58969,10-02-2025 20:31,Display Ads,Brand Awareness,No
67211,11-02-2025 05:41,Search Ads,New Product Launch,No
81847,11-02-2025 01:51,Social Media,Brand Awareness,Yes
90088,10-02-2025 03:51,Social Media,New Product Launch,No
95590,11-02-2025 15:21,Referral,Discount Offer,Yes
21995,11-02-2025 05:24,Direct Traffic,-,No
30155,10-02-2025 21:55,Social Media,-,No
85049,11-02-2025 04:51,Social Media,Retargeting,Yes
67211,11-02-2025 12:24,Social Media,Winter Sale,Yes
83035,11-02-2025 02:33,Email,Winter Sale,No
73105,11-02-2025 17:13,Display Ads,-,Yes
63337,11-02-2025 22:03,Search Ads,New Product Launch,No
26185,11-02-2025 16:40,Social Media,Winter Sale,No
58797,10-02-2025 20:15,Social Media,-,No
67935,10-02-2025 22:15,Display Ads,Winter Sale,Yes
81888,11-02-2025 00:28,Email,Retargeting,Yes
42030,11-02-2025 06:17,Search Ads,New Product Launch,No
94486,11-02-2025 11:12,Social Media,Retargeting,No
55829,11-02-2025 04:46,Social Media,Retargeting,Yes
50840,10-02-2025 17:42,Display Ads,Discount Offer,Yes
76871,10-02-2025 09:24,Direct Traffic,-,No
25845,10-02-2025 00:34,Referral,Retargeting,Yes
32160,11-02-2025 07:51,Referral,Discount Offer,No
43175,11-02-2025 22:13,Email,Discount Offer,Yes
83965,10-02-2025 12:36,Direct Traffic,-,No
47781,10-02-2025 03:03,Direct Traffic,-,Yes
45812,11-02-2025 06:37,Display Ads,Retargeting,Yes
45622,11-02-2025 18:43,Social Media,New Product Launch,Yes
55079,11-02-2025 21:05,Direct Traffic,-,Yes
60226,10-02-2025 06:16,Search Ads,New Product Launch,No
52130,11-02-2025 19:13,Direct Traffic,-,No
96142,10-02-2025 21:25,Search Ads,Brand Awareness,Yes
69602,10-02-2025 20:33,Referral,Retargeting,No
61352,10-02-2025 12:07,Social Media,Retargeting,Yes
93270,10-02-2025 00:19,Email,Discount Offer,Yes
35887,10-02-2025 14:37,Social Media,Discount Offer,Yes
74629,10-02-2025 05:43,Direct Traffic,-,Yes
37380,10-02-2025 07:38,Display Ads,Brand Awareness,No
10698,10-02-2025 02:15,Referral,New Product Launch,No
67893,11-02-2025 23:59,Search Ads,New Product Launch,Yes
78241,11-02-2025 02:04,Display Ads,New Product Launch,Yes
88708,10-02-2025 01:52,Display Ads,New Product Launch,No
18572,11-02-2025 12:59,Direct Traffic,-,No
43361,10-02-2025 00:16,Search Ads,Winter Sale,No
67809,11-02-2025 09:45,Referral,Retargeting,No
18348,10-02-2025 09:50,Display Ads,Winter Sale,Yes
64907,10-02-2025 14:12,Email,Discount Offer,Yes
28998,11-02-2025 23:06,Email,Brand Awareness,No
55631,11-02-2025 19:24,Search Ads,New Product Launch,No
14398,10-02-2025 12:08,Direct Traffic,-,No
73835,10-02-2025 02:57,Direct Traffic,-,No
38175,11-02-2025 10:40,Social Media,Discount Offer,No
38857,10-02-2025 20:17,Search Ads,Retargeting,Yes
23279,11-02-2025 20:11,Email,Retargeting,Yes
82446,11-02-2025 02:49,Social Media,Brand Awareness,No
73029,10-02-2025 10:16,Email,-,No
64228,10-02-2025 14:34,Email,Retargeting,Yes
87642,10-02-2025 11:20,Search Ads,Discount Offer,No
11780,10-02-2025 15:07,Display Ads,Brand Awareness,No
30429,11-02-2025 02:34,Display Ads,-,No
11209,10-02-2025 22:14,Email,Winter Sale,No
51437,10-02-2025 22:29,Referral,Winter Sale,Yes
90848,10-02-2025 01:12,Referral,Retargeting,No
49394,11-02-2025 16:46,Email,Winter Sale,Yes
57108,10-02-2025 00:57,Direct Traffic,-,Yes
83035,11-02-2025 21:18,Email,Discount Offer,No
50295,10-02-2025 01:04,Social Media,Discount Offer,No
28194,10-02-2025 11:40,Social Media,Brand Awareness,Yes
40130,11-02-2025 01:58,Referral,Winter Sale,Yes
17879,11-02-2025 23:08,Referral,Retargeting,No
80960,11-02-2025 22:36,Search Ads,Retargeting,No
49913,10-02-2025 18:37,Email,Discount Offer,Yes
15418,11-02-2025 02:57,Email,New Product Launch,No
60973,10-02-2025 05:22,Referral,New Product Launch,No
22755,10-02-2025 09:50,Social Media,-,No
34938,10-02-2025 02:32,Direct Traffic,-,Yes
30521,10-02-2025 00:01,Display Ads,Discount Offer,Yes
78560,10-02-2025 09:46,Referral,Retargeting,No
42806,11-02-2025 05:45,Social Media,Winter Sale,No
54089,10-02-2025 21:42,Direct Traffic,-,Yes
35337,10-02-2025 16:30,Direct Traffic,-,Yes
28289,10-02-2025 22:34,Search Ads,New Product Launch,Yes
25172,11-02-2025 08:13,Referral,Brand Awareness,No
98219,10-02-2025 06:57,Search Ads,Retargeting,No
49456,11-02-2025 11:01,Referral,-,No
70378,10-02-2025 02:11,Email,Winter Sale,No
96740,10-02-2025 08:23,Display Ads,Winter Sale,Yes
97780,11-02-2025 19:48,Display Ads,-,Yes
72645,10-02-2025 09:04,Social Media,-,No
28589,11-02-2025 14:22,Search Ads,-,Yes
44303,11-02-2025 09:45,Social Media,Discount Offer,Yes
42970,11-02-2025 10:51,Referral,Brand Awareness,No
52689,10-02-2025 01:20,Referral,New Product Launch,No
83355,10-02-2025 15:11,Direct Traffic,-,Yes
56050,10-02-2025 11:50,Display Ads,Brand Awareness,Yes
71027,11-02-2025 06:13,Display Ads,New Product Launch,No
62697,10-02-2025 08:05,Email,New Product Launch,No
86014,11-02-2025 18:37,Referral,New Product Launch,Yes
57669,10-02-2025 05:31,Email,Brand Awareness,Yes
28047,11-02-2025 07:21,Email,Discount Offer,No
35598,11-02-2025 17:32,Display Ads,Winter Sale,Yes
68838,10-02-2025 20:10,Email,-,No
46506,10-02-2025 02:12,Display Ads,New Product Launch,Yes
56855,11-02-2025 20:48,Email,Winter Sale,No
28385,11-02-2025 13:26,Display Ads,Retargeting,Yes
69316,10-02-2025 22:13,Referral,Brand Awareness,No
85470,11-02-2025 22:42,Direct Traffic,-,No
32424,10-02-2025 01:27,Search Ads,Brand Awareness,No
95665,11-02-2025 17:01,Social Media,Brand Awareness,Yes
10255,10-02-2025 01:10,Social Media,New Product Launch,No
49673,11-02-2025 00:35,Search Ads,Winter Sale,Yes
67175,10-02-2025 13:06,Referral,Brand Awareness,No
26693,10-02-2025 18:50,Social Media,New Product Launch,Yes
69421,11-02-2025 13:01,Email,Brand Awareness,Yes
24765,10-02-2025 23:17,Display Ads,New Product Launch,Yes
28144,10-02-2025 17:52,Display Ads,Retargeting,No
57669,10-02-2025 14:09,Direct Traffic,-,No
62225,10-02-2025 17:08,Direct Traffic,-,No
38683,11-02-2025 04:02,Search Ads,Brand Awareness,No
32344,10-02-2025 19:33,Referral,Winter Sale,Yes
62422,11-02-2025 20:50,Direct Traffic,-,Yes
31278,11-02-2025 21:42,Search Ads,-,No
79091,11-02-2025 12:42,Email,-,Yes
25105,11-02-2025 02:44,Email,New Product Launch,No
46221,11-02-2025 12:50,Search Ads,Winter Sale,Yes
68891,10-02-2025 11:13,Referral,Brand Awareness,Yes
54874,10-02-2025 00:18,Email,Retargeting,No
38822,11-02-2025 23:09,Direct Traffic,-,No
67860,11-02-2025 21:55,Referral,Winter Sale,No
29015,10-02-2025 23:11,Email,Winter Sale,No
33189,10-02-2025 21:59,Referral,Discount Offer,No
27470,10-02-2025 03:00,Referral,Brand Awareness,Yes
74300,11-02-2025 22:48,Display Ads,New Product Launch,No
71932,10-02-2025 06:03,Social Media,-,Yes
37659,10-02-2025 08:16,Email,Winter Sale,Yes
97706,10-02-2025 02:18,Search Ads,Discount Offer,No
80739,10-02-2025 11:08,Referral,-,Yes
72532,10-02-2025 03:21,Display Ads,-,Yes
41901,11-02-2025 12:05,Display Ads,New Product Launch,No
76065,10-02-2025 05:50,Referral,Brand Awareness,Yes
62298,11-02-2025 04:42,Email,-,Yes
97844,10-02-2025 21:30,Display Ads,Discount Offer,Yes
34218,10-02-2025 14:43,Display Ads,New Product Launch,No
89800,10-02-2025 05:04,Email,Brand Awareness,No
34943,11-02-2025 10:17,Direct Traffic,-,Yes
15640,11-02-2025 02:22,Referral,Winter Sale,Yes
43603,11-02-2025 20:20,Email,New Product Launch,No
41941,11-02-2025 00:42,Direct Traffic,-,Yes
28297,10-02-2025 08:17,Referral,Brand Awareness,No
64781,11-02-2025 10:51,Referral,Brand Awareness,No
79163,11-02-2025 16:34,Social Media,Brand Awareness,Yes
76743,10-02-2025 02:09,Direct Traffic,-,No
40517,11-02-2025 19:12,Direct Traffic,-,No
98418,11-02-2025 10:14,Search Ads,Brand Awareness,No
76066,11-02-2025 14:53,Social Media,New Product Launch,Yes
65966,10-02-2025 20:56,Social Media,Winter Sale,Yes
16083,10-02-2025 10:06,Display Ads,-,No
25845,11-02-2025 02:58,Email,-,Yes
64032,11-02-2025 00:24,Email,-,Yes
52260,10-02-2025 12:50,Search Ads,Brand Awareness,No
84395,10-02-2025 22:21,Social Media,Brand Awareness,No
35789,10-02-2025 10:44,Direct Traffic,-,Yes
72415,11-02-2025 12:53,Direct Traffic,-,No
72077,10-02-2025 17:43,Email,-,No
86824,11-02-2025 09:21,Social Media,New Product Launch,No
54070,11-02-2025 11:01,Search Ads,Retargeting,Yes
91093,11-02-2025 15:57,Social Media,Retargeting,Yes
50176,10-02-2025 18:08,Display Ads,New Product Launch,Yes
37916,11-02-2025 00:29,Search Ads,Discount Offer,Yes
70222,11-02-2025 18:48,Search Ads,Brand Awareness,No
55513,10-02-2025 18:48,Direct Traffic,-,Yes
41115,11-02-2025 10:54,Referral,Discount Offer,No
37591,10-02-2025 11:25,Social Media,-,No
64747,11-02-2025 19:28,Search Ads,Discount Offer,Yes
11741,10-02-2025 23:08,Display Ads,Discount Offer,Yes
64742,10-02-2025 05:31,Referral,Brand Awareness,No
27814,11-02-2025 19:32,Referral,Winter Sale,No
86886,10-02-2025 03:11,Display Ads,-,No
62107,11-02-2025 09:05,Direct Traffic,-,No
33292,10-02-2025 21:20,Search Ads,Brand Awareness,Yes
22943,10-02-2025 20:48,Referral,Winter Sale,No
69192,11-02-2025 07:01,Social Media,Retargeting,Yes
96142,10-02-2025 20:29,Search Ads,Winter Sale,No
11661,11-02-2025 22:42,Display Ads,Brand Awareness,Yes
85049,10-02-2025 15:54,Referral,Retargeting,No
15259,10-02-2025 16:01,Direct Traffic,-,No
33255,10-02-2025 22:58,Email,Brand Awareness,Yes
67455,10-02-2025 15:58,Search Ads,New Product Launch,No
79019,11-02-2025 22:39,Display Ads,Retargeting,No
16255,10-02-2025 23:02,Social Media,Retargeting,No
31185,11-02-2025 01:16,Search Ads,Winter Sale,No
24014,11-02-2025 23:46,Email,Retargeting,Yes
16814,10-02-2025 19:15,Display Ads,Brand Awareness,No
35664,10-02-2025 05:30,Social Media,Winter Sale,Yes
95461,10-02-2025 12:54,Search Ads,Discount Offer,Yes
49375,10-02-2025 13:47,Social Media,Brand Awareness,Yes
35887,10-02-2025 15:59,Search Ads,New Product Launch,No
80259,10-02-2025 16:50,Direct Traffic,-,No
26511,10-02-2025 20:05,Direct Traffic,-,Yes
97446,10-02-2025 20:35,Display Ads,Winter Sale,No
22863,11-02-2025 00:23,Social Media,Brand Awareness,Yes
17784,10-02-2025 09:53,Email,Discount Offer,Yes
12275,11-02-2025 01:57,Email,Discount Offer,No
99782,10-02-2025 18:55,Search Ads,New Product Launch,Yes
65082,10-02-2025 17:15,Referral,Brand Awareness,Yes
62061,11-02-2025 18:51,Email,New Product Launch,No
85426,11-02-2025 12:37,Display Ads,-,No
86085,10-02-2025 07:19,Search Ads,Discount Offer,No
60022,11-02-2025 08:24,Direct Traffic,-,Yes
52397,10-02-2025 05:23,Search Ads,Winter Sale,No
12755,11-02-2025 16:54,Email,Discount Offer,No
78560,10-02-2025 07:58,Search Ads,Retargeting,No
38252,11-02-2025 12:29,Referral,Discount Offer,No
29719,10-02-2025 15:45,Social Media,Brand Awareness,No
23415,10-02-2025 02:47,Email,-,No
90548,11-02-2025 00:23,Direct Traffic,-,No
98152,11-02-2025 20:36,Social Media,Retargeting,Yes
73373,11-02-2025 00:17,Display Ads,Discount Offer,No
48639,11-02-2025 23:22,Email,New Product Launch,Yes
62843,11-02-2025 23:37,Display Ads,Brand Awareness,No
51664,11-02-2025 19:00,Social Media,-,Yes
58703,11-02-2025 00:58,Direct Traffic,-,No
24215,11-02-2025 22:05,Search Ads,Brand Awareness,No
45575,11-02-2025 15:08,Display Ads,-,No
34498,11-02-2025 14:25,Display Ads,Discount Offer,Yes
77091,11-02-2025 14:22,Display Ads,Brand Awareness,Yes
15233,10-02-2025 11:19,Search Ads,-,Yes
22741,10-02-2025 13:15,Email,Discount Offer,No
77184,11-02-2025 07:44,Display Ads,Discount Offer,No
51068,10-02-2025 19:43,Social Media,New Product Launch,No
44397,10-02-2025 11:03,Social Media,Retargeting,No
21910,11-02-2025 21:08,Referral,-,Yes
57372,11-02-2025 13:58,Social Media,-,No
19385,10-02-2025 09:34,Referral,New Product Launch,Yes
90632,10-02-2025 18:41,Search Ads,New Product Launch,No
79192,10-02-2025 23:30,Referral,New Product Launch,No
37386,11-02-2025 19:56,Direct Traffic,-,Yes
85049,11-02-2025 21:08,Search Ads,Brand Awareness,No
75328,11-02-2025 17:33,Social Media,Retargeting,No
39158,10-02-2025 16:51,Social Media,Retargeting,Yes
55745,10-02-2025 10:16,Referral,Brand Awareness,No
84203,10-02-2025 17:54,Social Media,-,Yes
40965,11-02-2025 17:37,Email,Retargeting,Yes
95461,10-02-2025 20:32,Referral,Winter Sale,No
85486,10-02-2025 13:01,Social Media,Brand Awareness,Yes
22773,10-02-2025 13:43,Social Media,Discount Offer,Yes
91904,10-02-2025 06:04,Email,-,Yes
25246,11-02-2025 13:24,Referral,-,No
54106,10-02-2025 10:39,Social Media,Brand Awareness,No
11741,11-02-2025 12:51,Referral,Discount Offer,No
10442,10-02-2025 19:54,Search Ads,Winter Sale,Yes
15891,11-02-2025 23:45,Direct Traffic,-,No
26541,11-02-2025 15:53,Email,Discount Offer,Yes
46911,10-02-2025 21:47,Search Ads,Brand Awareness,Yes
96598,10-02-2025 02:05,Search Ads,-,No
72959,10-02-2025 20:08,Direct Traffic,-,No
54070,11-02-2025 22:28,Direct Traffic,-,No
65082,11-02-2025 05:01,Direct Traffic,-,No
52320,11-02-2025 22:04,Search Ads,Discount Offer,No
75095,11-02-2025 17:13,Social Media,Retargeting,No
11831,10-02-2025 13:11,Social Media,Discount Offer,Yes
37382,10-02-2025 10:14,Display Ads,Retargeting,Yes
45750,10-02-2025 10:13,Display Ads,Brand Awareness,Yes
18298,10-02-2025 23:36,Search Ads,Brand Awareness,Yes
47795,11-02-2025 14:49,Social Media,Winter Sale,No
72028,10-02-2025 06:52,Social Media,Brand Awareness,Yes
85844,11-02-2025 02:33,Display Ads,Winter Sale,Yes
34498,10-02-2025 11:52,Referral,Brand Awareness,Yes
23781,10-02-2025 23:34,Social Media,Winter Sale,Yes
53293,11-02-2025 14:39,Direct Traffic,-,No
35006,11-02-2025 19:52,Direct Traffic,-,No
64767,10-02-2025 23:08,Social Media,Winter Sale,Yes
40517,11-02-2025 05:27,Display Ads,Brand Awareness,Yes
50839,10-02-2025 04:34,Referral,Discount Offer,No
37121,10-02-2025 23:04,Social Media,Discount Offer,No
72095,11-02-2025 03:45,Social Media,Winter Sale,No
27371,10-02-2025 15:45,Email,Retargeting,Yes
99093,11-02-2025 10:46,Direct Traffic,-,No
38468,10-02-2025 16:36,Direct Traffic,-,No
77184,11-02-2025 03:02,Referral,Retargeting,No
35409,11-02-2025 04:15,Email,Winter Sale,No
57564,10-02-2025 08:20,Direct Traffic,-,Yes
50653,10-02-2025 01:05,Direct Traffic,-,Yes
58748,10-02-2025 21:08,Referral,-,No
80527,11-02-2025 04:01,Social Media,-,No
65871,11-02-2025 02:24,Referral,Winter Sale,No
24876,10-02-2025 14:39,Search Ads,Brand Awareness,Yes
76689,11-02-2025 06:10,Display Ads,-,Yes
30460,10-02-2025 19:30,Search Ads,-,No
33843,11-02-2025 21:25,Referral,New Product Launch,Yes
84413,10-02-2025 13:21,Direct Traffic,-,Yes
46977,11-02-2025 04:20,Referral,Brand Awareness,Yes
79181,10-02-2025 08:13,Email,-,Yes
24594,10-02-2025 06:44,Email,Retargeting,No
75841,11-02-2025 12:29,Display Ads,-,Yes
78381,10-02-2025 05:51,Direct Traffic,-,No
14476,11-02-2025 00:36,Direct Traffic,-,No
92673,11-02-2025 16:09,Social Media,Retargeting,Yes
61368,11-02-2025 06:17,Social Media,Discount Offer,No
70850,11-02-2025 18:55,Display Ads,-,No
27925,10-02-2025 01:27,Social Media,-,No
47829,10-02-2025 16:10,Social Media,Brand Awareness,Yes
27106,11-02-2025 06:26,Direct Traffic,-,No
33292,10-02-2025 13:34,Email,Winter Sale,No
45981,11-02-2025 01:58,Direct Traffic,-,No
81190,10-02-2025 03:07,Display Ads,-,No
78646,11-02-2025 16:09,Display Ads,Brand Awareness,No
52236,11-02-2025 06:11,Display Ads,New Product Launch,No
78441,10-02-2025 20:02,Email,Brand Awareness,Yes
79883,11-02-2025 20:39,Referral,New Product Launch,Yes
91448,11-02-2025 22:32,Direct Traffic,-,No
61985,10-02-2025 00:39,Social Media,-,Yes
18995,10-02-2025 14:34,Direct Traffic,-,No
97844,11-02-2025 15:52,Social Media,Brand Awareness,No
94548,10-02-2025 08:16,Search Ads,Winter Sale,No
44400,11-02-2025 15:17,Social Media,New Product Launch,Yes
52553,11-02-2025 06:02,Referral,Discount Offer,No
79100,10-02-2025 16:34,Search Ads,New Product Launch,No
26511,10-02-2025 13:40,Email,Brand Awareness,Yes
34649,10-02-2025 17:05,Email,Brand Awareness,Yes
87191,11-02-2025 03:37,Email,New Product Launch,Yes
93431,11-02-2025 02:14,Social Media,-,No
11894,10-02-2025 03:13,Display Ads,Discount Offer,Yes
93328,10-02-2025 03:24,Search Ads,New Product Launch,No
83615,11-02-2025 07:56,Direct Traffic,-,Yes
76645,11-02-2025 11:34,Search Ads,Winter Sale,Yes
82497,10-02-2025 18:23,Direct Traffic,-,No
54877,11-02-2025 08:13,Referral,Brand Awareness,No
73527,11-02-2025 12:10,Display Ads,Winter Sale,No
21504,11-02-2025 22:51,Display Ads,Discount Offer,No
81847,10-02-2025 02:48,Search Ads,Brand Awareness,No
50636,11-02-2025 20:19,Search Ads,Discount Offer,No
93007,11-02-2025 23:36,Referral,Winter Sale,No
81446,11-02-2025 23:22,Display Ads,Discount Offer,No
78932,10-02-2025 12:21,Direct Traffic,-,Yes
76821,10-02-2025 16:13,Display Ads,Discount Offer,Yes
63990,11-02-2025 09:04,Referral,New Product Launch,Yes
82701,11-02-2025 07:29,Social Media,Winter Sale,No
46667,10-02-2025 07:17,Email,Brand Awareness,Yes
94486,11-02-2025 09:43,Social Media,Discount Offer,No
71911,11-02-2025 01:33,Referral,Retargeting,Yes
62107,10-02-2025 14:46,Display Ads,New Product Launch,No
43603,11-02-2025 19:36,Email,New Product Launch,No
29773,10-02-2025 21:11,Search Ads,Discount Offer,No
47152,11-02-2025 20:01,Email,Brand Awareness,No
21504,11-02-2025 08:49,Referral,Brand Awareness,No
38485,10-02-2025 11:04,Social Media,New Product Launch,Yes
64157,11-02-2025 03:27,Referral,Discount Offer,No
69192,11-02-2025 14:28,Search Ads,Discount Offer,No
26783,11-02-2025 07:27,Social Media,New Product Launch,No
75656,10-02-2025 07:24,Display Ads,Winter Sale,Yes
74513,11-02-2025 18:44,Email,-,No
81851,10-02-2025 17:10,Social Media,Discount Offer,Yes
17272,11-02-2025 19:12,Search Ads,Winter Sale,No
85470,11-02-2025 00:20,Email,New Product Launch,No
58238,10-02-2025 11:13,Direct Traffic,-,Yes
80551,11-02-2025 09:03,Social Media,Winter Sale,Yes
65497,11-02-2025 18:07,Direct Traffic,-,No
96934,10-02-2025 12:38,Email,Winter Sale,Yes
85725,10-02-2025 13:01,Direct Traffic,-,No
28144,10-02-2025 09:30,Social Media,New Product Launch,No
34310,10-02-2025 07:50,Social Media,Winter Sale,No
65207,10-02-2025 06:22,Social Media,New Product Launch,No
44397,11-02-2025 15:16,Email,Discount Offer,No
28297,10-02-2025 07:49,Display Ads,Discount Offer,No
20306,11-02-2025 07:47,Social Media,Retargeting,No
98237,11-02-2025 19:42,Display Ads,Winter Sale,Yes
63416,11-02-2025 23:59,Social Media,New Product Launch,No
78831,10-02-2025 14:49,Search Ads,Discount Offer,No
35337,10-02-2025 15:38,Email,New Product Launch,Yes
83481,11-02-2025 17:05,Display Ads,Retargeting,Yes
37559,10-02-2025 02:30,Direct Traffic,-,Yes
72636,10-02-2025 00:32,Search Ads,New Product Launch,No
11295,10-02-2025 05:48,Social Media,Brand Awareness,Yes
98670,11-02-2025 03:35,Search Ads,Discount Offer,Yes
77483,10-02-2025 03:02,Display Ads,Winter Sale,Yes
62843,11-02-2025 15:12,Email,Brand Awareness,No
64153,10-02-2025 02:39,Referral,Brand Awareness,No
36625,10-02-2025 16:14,Email,Brand Awareness,Yes
35980,10-02-2025 11:04,Direct Traffic,-,Yes
81847,10-02-2025 19:26,Search Ads,-,Yes
92988,11-02-2025 23:03,Referral,Retargeting,Yes
28265,10-02-2025 06:40,Display Ads,Brand Awareness,No
94932,11-02-2025 07:35,Direct Traffic,-,No
64541,11-02-2025 11:21,Display Ads,Discount Offer,No
15277,11-02-2025 16:45,Email,New Product Launch,No
35212,11-02-2025 12:31,Display Ads,Retargeting,Yes
31070,11-02-2025 21:33,Social Media,-,No
58703,10-02-2025 08:34,Social Media,Discount Offer,No
71306,11-02-2025 06:00,Social Media,Retargeting,Yes
64867,11-02-2025 02:22,Email,New Product Launch,No
21690,10-02-2025 14:08,Display Ads,Discount Offer,Yes
43094,11-02-2025 23:08,Email,Brand Awareness,Yes
86081,11-02-2025 14:10,Display Ads,New Product Launch,Yes
89239,11-02-2025 03:17,Email,New Product Launch,No
83312,10-02-2025 19:33,Email,Retargeting,Yes
85725,10-02-2025 00:30,Direct Traffic,-,Yes
69301,10-02-2025 15:40,Display Ads,Discount Offer,Yes
36375,11-02-2025 04:04,Display Ads,Brand Awareness,Yes
95960,11-02-2025 16:25,Social Media,Brand Awareness,Yes
64747,10-02-2025 06:06,Social Media,-,No
45315,11-02-2025 12:59,Display Ads,New Product Launch,Yes
80046,11-02-2025 18:12,Search Ads,-,Yes
80999,10-02-2025 13:36,Social Media,-,No
87642,11-02-2025 05:57,Email,New Product Launch,No
60881,11-02-2025 14:54,Direct Traffic,-,No
25147,11-02-2025 17:45,Display Ads,Retargeting,No
86112,11-02-2025 21:47,Search Ads,Brand Awareness,No
28729,11-02-2025 02:31,Direct Traffic,-,Yes
90897,11-02-2025 12:06,Display Ads,-,Yes
39379,11-02-2025 00:50,Display Ads,Retargeting,No
80602,10-02-2025 00:02,Display Ads,-,No
88293,10-02-2025 05:45,Social Media,Retargeting,No
68632,11-02-2025 14:05,Social Media,Winter Sale,Yes
77231,11-02-2025 20:47,Search Ads,Winter Sale,No
90516,10-02-2025 09:01,Referral,New Product Launch,No
80133,11-02-2025 15:40,Email,Retargeting,No
40597,11-02-2025 11:20,Display Ads,-,No
46592,10-02-2025 04:57,Referral,Discount Offer,No
24810,10-02-2025 12:24,Referral,-,No
78804,11-02-2025 19:41,Referral,-,Yes
56363,11-02-2025 12:21,Referral,-,Yes
80804,10-02-2025 05:18,Social Media,Retargeting,No
97726,11-02-2025 07:09,Display Ads,-,No
85426,11-02-2025 04:37,Social Media,New Product Launch,No
29461,10-02-2025 00:59,Social Media,Winter Sale,Yes
50783,10-02-2025 15:35,Direct Traffic,-,No
41935,10-02-2025 22:56,Email,Retargeting,No
76909,10-02-2025 01:44,Social Media,Brand Awareness,No
83281,11-02-2025 15:01,Referral,New Product Launch,Yes
28912,10-02-2025 12:17,Social Media,Discount Offer,No
47675,11-02-2025 15:41,Social Media,-,Yes
85902,10-02-2025 12:22,Display Ads,Winter Sale,Yes
91357,10-02-2025 14:35,Direct Traffic,-,No
33601,10-02-2025 05:36,Direct Traffic,-,No
26601,10-02-2025 09:05,Social Media,Brand Awareness,No
32877,11-02-2025 10:21,Search Ads,Winter Sale,No
47675,10-02-2025 03:16,Direct Traffic,-,Yes
51068,11-02-2025 18:37,Search Ads,Discount Offer,No
10167,11-02-2025 22:03,Display Ads,Brand Awareness,Yes
95840,11-02-2025 14:27,Display Ads,New Product Launch,No
55983,10-02-2025 19:05,Direct Traffic,-,No
45832,10-02-2025 15:25,Referral,Brand Awareness,No
72118,10-02-2025 22:28,Search Ads,New Product Launch,No
29440,10-02-2025 14:08,Social Media,Winter Sale,Yes
50905,11-02-2025 06:56,Direct Traffic,-,Yes
60095,10-02-2025 03:26,Direct Traffic,-,No
62128,11-02-2025 21:26,Direct Traffic,-,No
69838,10-02-2025 07:21,Referral,Brand Awareness,Yes
32839,10-02-2025 08:12,Email,-,No
90039,11-02-2025 18:56,Referral,Retargeting,Yes
27925,10-02-2025 19:34,Direct Traffic,-,Yes
30578,10-02-2025 09:48,Referral,Discount Offer,No
99321,10-02-2025 13:55,Direct Traffic,-,Yes
18383,11-02-2025 18:41,Search Ads,Brand Awareness,No
51664,10-02-2025 07:22,Display Ads,Discount Offer,No
44309,11-02-2025 11:09,Email,Brand Awareness,No
85844,11-02-2025 09:14,Display Ads,Winter Sale,No
64325,10-02-2025 14:36,Social Media,New Product Launch,No
39400,10-02-2025 20:21,Referral,Retargeting,No
38491,10-02-2025 23:20,Referral,Discount Offer,Yes
32391,11-02-2025 21:35,Display Ads,New Product Launch,No
71235,11-02-2025 04:31,Referral,Brand Awareness,No
90359,11-02-2025 18:01,Display Ads,Discount Offer,Yes
72815,11-02-2025 19:40,Referral,-,Yes
47785,11-02-2025 09:13,Email,Discount Offer,Yes
92904,11-02-2025 20:43,Direct Traffic,-,Yes
46428,11-02-2025 08:49,Social Media,Winter Sale,No
65084,10-02-2025 04:45,Social Media,New Product Launch,Yes
17614,11-02-2025 00:09,Direct Traffic,-,Yes
86715,10-02-2025 00:19,Search Ads,Discount Offer,No
47829,11-02-2025 10:12,Display Ads,Discount Offer,Yes
56219,10-02-2025 12:10,Social Media,Brand Awareness,Yes
89793,10-02-2025 20:20,Referral,New Product Launch,Yes
59072,11-02-2025 09:59,Email,-,No
46977,11-02-2025 19:07,Referral,Brand Awareness,Yes
68681,11-02-2025 05:03,Social Media,-,Yes
79894,10-02-2025 09:49,Social Media,Winter Sale,No
57079,10-02-2025 04:51,Search Ads,Winter Sale,Yes
72415,11-02-2025 08:53,Display Ads,Brand Awareness,No
75293,11-02-2025 11:02,Display Ads,Brand Awareness,No
99490,10-02-2025 05:32,Referral,New Product Launch,No
35296,10-02-2025 19:44,Email,-,No
83626,10-02-2025 02:19,Direct Traffic,-,No
68891,11-02-2025 08:57,Display Ads,Retargeting,No
33345,10-02-2025 19:31,Search Ads,Discount Offer,No
67914,10-02-2025 14:24,Direct Traffic,-,Yes
92402,10-02-2025 02:29,Referral,New Product Launch,Yes
43692,11-02-2025 04:40,Email,New Product Launch,No
58689,10-02-2025 12:59,Referral,New Product Launch,No
24221,10-02-2025 18:23,Social Media,Winter Sale,Yes
88808,10-02-2025 01:21,Email,-,No
94548,10-02-2025 00:58,Social Media,-,No
24771,10-02-2025 18:56,Email,Discount Offer,Yes
61867,11-02-2025 07:52,Referral,Winter Sale,No
74192,11-02-2025 08:14,Social Media,Discount Offer,No
36148,10-02-2025 03:30,Search Ads,-,Yes
60856,10-02-2025 07:24,Email,-,Yes
32839,10-02-2025 22:27,Search Ads,-,No
97087,10-02-2025 16:16,Direct Traffic,-,No
41049,10-02-2025 08:36,Social Media,Brand Awareness,Yes
30588,10-02-2025 05:36,Display Ads,Discount Offer,Yes
15390,10-02-2025 22:50,Direct Traffic,-,No
59109,11-02-2025 22:28,Direct Traffic,-,Yes
59927,10-02-2025 06:29,Search Ads,New Product Launch,Yes
21484,10-02-2025 16:40,Display Ads,Brand Awareness,No
24771,11-02-2025 10:16,Search Ads,New Product Launch,No
69248,10-02-2025 03:02,Referral,New Product Launch,Yes
24741,10-02-2025 04:24,Social Media,Discount Offer,Yes
58064,10-02-2025 17:18,Social Media,Winter Sale,No
67419,11-02-2025 18:17,Social Media,Winter Sale,No
41638,10-02-2025 00:33,Direct Traffic,-,Yes
30274,11-02-2025 19:27,Social Media,Retargeting,Yes
29734,10-02-2025 19:25,Display Ads,Discount Offer,No
25874,11-02-2025 08:06,Display Ads,-,Yes
18301,10-02-2025 16:11,Search Ads,Discount Offer,Yes
56041,11-02-2025 18:57,Direct Traffic,-,No
27371,11-02-2025 03:49,Direct Traffic,-,No
78980,10-02-2025 19:13,Display Ads,New Product Launch,No
16416,11-02-2025 19:24,Search Ads,Discount Offer,No
95509,10-02-2025 03:14,Direct Traffic,-,Yes
68721,11-02-2025 15:37,Referral,Retargeting,No
72612,11-02-2025 13:45,Search Ads,New Product Launch,No
91357,11-02-2025 13:37,Social Media,New Product Launch,No
34551,11-02-2025 03:19,Referral,-,Yes
39559,11-02-2025 18:33,Social Media,Retargeting,No
21713,11-02-2025 22:02,Direct Traffic,-,No
30910,10-02-2025 14:52,Display Ads,Winter Sale,No
48404,11-02-2025 22:45,Social Media,Brand Awareness,No
30380,10-02-2025 14:33,Email,Winter Sale,Yes
85459,11-02-2025 05:36,Direct Traffic,-,Yes
13771,11-02-2025 12:42,Direct Traffic,-,No
40350,10-02-2025 18:52,Search Ads,New Product Launch,No
11058,11-02-2025 22:50,Referral,Brand Awareness,Yes
24620,10-02-2025 13:08,Search Ads,Winter Sale,Yes
29648,11-02-2025 16:00,Social Media,Winter Sale,Yes
60590,10-02-2025 13:17,Search Ads,Brand Awareness,No
61426,10-02-2025 09:54,Search Ads,-,Yes
67525,10-02-2025 11:17,Email,-,No
20826,11-02-2025 10:22,Search Ads,Brand Awareness,Yes
71235,11-02-2025 09:18,Email,-,No
80623,10-02-2025 03:49,Search Ads,Discount Offer,No
32839,10-02-2025 19:31,Referral,Discount Offer,No
42824,10-02-2025 08:08,Referral,Winter Sale,Yes
56219,10-02-2025 08:16,Social Media,Brand Awareness,Yes
77748,11-02-2025 00:29,Display Ads,Discount Offer,Yes
67455,10-02-2025 03:13,Email,Brand Awareness,No
69282,10-02-2025 10:26,Search Ads,Brand Awareness,Yes
38457,10-02-2025 02:00,Display Ads,Brand Awareness,Yes
54301,11-02-2025 02:34,Display Ads,Discount Offer,No
76040,10-02-2025 20:16,Search Ads,Brand Awareness,No
18589,11-02-2025 16:55,Social Media,-,Yes
88425,11-02-2025 20:38,Social Media,Brand Awareness,Yes
78083,10-02-2025 10:37,Social Media,Brand Awareness,Yes
85844,11-02-2025 22:36,Referral,Discount Offer,Yes
90332,10-02-2025 04:00,Display Ads,Discount Offer,No
56009,11-02-2025 21:40,Social Media,New Product Launch,Yes
77184,11-02-2025 13:18,Referral,Discount Offer,No
67722,10-02-2025 00:06,Social Media,New Product Launch,No
11058,11-02-2025 12:21,Search Ads,Brand Awareness,No
27541,10-02-2025 17:57,Direct Traffic,-,No
31581,10-02-2025 15:28,Search Ads,Discount Offer,Yes
20510,10-02-2025 14:44,Display Ads,Winter Sale,No
32160,10-02-2025 06:46,Display Ads,Winter Sale,No
68632,10-02-2025 15:27,Direct Traffic,-,No
76711,10-02-2025 03:14,Social Media,-,No
81103,10-02-2025 02:49,Email,Discount Offer,Yes
18298,11-02-2025 07:14,Search Ads,Retargeting,Yes
29440,11-02-2025 17:47,Email,Discount Offer,Yes
45981,10-02-2025 11:12,Direct Traffic,-,No
77968,11-02-2025 23:53,Direct Traffic,-,No
94897,10-02-2025 12:49,Direct Traffic,-,No
24576,11-02-2025 20:50,Search Ads,Winter Sale,No
11511,11-02-2025 16:15,Display Ads,Retargeting,Yes
10068,11-02-2025 23:05,Social Media,Winter Sale,No
13471,10-02-2025 14:18,Search Ads,Winter Sale,Yes
29785,11-02-2025 18:40,Direct Traffic,-,Yes
21668,11-02-2025 15:54,Display Ads,-,Yes
61462,11-02-2025 03:57,Display Ads,New Product Launch,No
78284,11-02-2025 08:08,Referral,New Product Launch,Yes
81937,11-02-2025 04:06,Display Ads,-,Yes
25901,11-02-2025 11:09,Display Ads,-,No
97825,10-02-2025 03:27,Search Ads,-,No
29809,11-02-2025 05:04,Email,Winter Sale,No
25229,11-02-2025 05:52,Referral,Winter Sale,No
65938,11-02-2025 06:09,Social Media,Discount Offer,No
37386,10-02-2025 22:40,Direct Traffic,-,Yes
37055,10-02-2025 20:52,Social Media,-,Yes
26622,10-02-2025 04:29,Social Media,Brand Awareness,No
34192,10-02-2025 12:48,Display Ads,Winter Sale,No
52335,10-02-2025 16:29,Email,New Product Launch,No
60108,11-02-2025 09:36,Direct Traffic,-,No
42610,11-02-2025 01:45,Search Ads,Winter Sale,No
48949,11-02-2025 09:15,Social Media,New Product Launch,No
33960,10-02-2025 04:38,Display Ads,Brand Awareness,No
70576,10-02-2025 14:17,Search Ads,Retargeting,No
35942,10-02-2025 19:52,Social Media,Brand Awareness,Yes
68641,10-02-2025 20:01,Display Ads,New Product Launch,Yes
87027,11-02-2025 18:27,Search Ads,New Product Launch,No
67893,11-02-2025 11:28,Email,New Product Launch,Yes
28965,10-02-2025 05:43,Display Ads,New Product Launch,No
79823,10-02-2025 16:04,Display Ads,Retargeting,No
76669,10-02-2025 13:11,Referral,Retargeting,No
98208,10-02-2025 06:34,Social Media,Winter Sale,Yes
79883,10-02-2025 01:29,Display Ads,-,Yes
78076,11-02-2025 12:51,Direct Traffic,-,No
87245,10-02-2025 08:31,Search Ads,New Product Launch,Yes
67935,10-02-2025 02:49,Social Media,New Product Launch,No
25229,11-02-2025 03:32,Social Media,New Product Launch,Yes
71827,11-02-2025 05:37,Social Media,New Product Launch,Yes
88885,11-02-2025 10:30,Direct Traffic,-,No
73566,11-02-2025 04:00,Display Ads,Discount Offer,No
59032,10-02-2025 11:18,Direct Traffic,-,Yes
64153,11-02-2025 01:56,Social Media,-,No
17702,10-02-2025 14:18,Display Ads,Winter Sale,No
19388,11-02-2025 00:56,Referral,New Product Launch,Yes
94832,11-02-2025 23:09,Search Ads,Brand Awareness,No
26644,11-02-2025 13:04,Direct Traffic,-,No
38677,10-02-2025 06:23,Search Ads,Brand Awareness,Yes
14036,10-02-2025 04:20,Direct Traffic,-,Yes
47795,10-02-2025 06:27,Direct Traffic,-,Yes
45981,10-02-2025 11:46,Email,Winter Sale,No
49366,10-02-2025 10:24,Social Media,Winter Sale,No
98920,11-02-2025 20:52,Search Ads,Brand Awareness,No
40350,11-02-2025 01:30,Search Ads,Retargeting,Yes
20999,11-02-2025 04:20,Email,Brand Awareness,Yes
48089,11-02-2025 02:23,Search Ads,Winter Sale,No
88142,11-02-2025 02:38,Email,Winter Sale,No
69602,11-02-2025 02:19,Referral,Discount Offer,No
80471,11-02-2025 12:48,Search Ads,Retargeting,No
48237,10-02-2025 18:47,Search Ads,-,Yes
61426,10-02-2025 11:53,Search Ads,New Product Launch,Yes
17863,11-02-2025 03:28,Direct Traffic,-,No
50636,11-02-2025 11:45,Display Ads,-,No
32839,10-02-2025 09:54,Direct Traffic,-,No
16893,10-02-2025 16:14,Direct Traffic,-,Yes
71570,10-02-2025 14:12,Social Media,Discount Offer,No
19097,10-02-2025 10:03,Display Ads,Brand Awareness,No
86296,11-02-2025 23:14,Display Ads,-,No
29664,10-02-2025 15:04,Direct Traffic,-,No
61177,11-02-2025 12:45,Direct Traffic,-,No
51399,11-02-2025 11:10,Display Ads,Brand Awareness,No
36215,10-02-2025 17:06,Email,-,No
19644,11-02-2025 03:12,Search Ads,Brand Awareness,Yes
20524,10-02-2025 23:06,Direct Traffic,-,No
13438,11-02-2025 14:17,Search Ads,Brand Awareness,Yes
29800,10-02-2025 00:35,Display Ads,New Product Launch,No
44994,11-02-2025 16:11,Display Ads,-,No
34935,11-02-2025 12:29,Referral,Brand Awareness,No
90332,10-02-2025 21:21,Display Ads,Discount Offer,Yes
65175,10-02-2025 17:34,Search Ads,Retargeting,Yes
43883,10-02-2025 21:55,Display Ads,Discount Offer,Yes
44026,10-02-2025 13:21,Direct Traffic,-,Yes
23216,11-02-2025 07:39,Display Ads,Discount Offer,No
17598,10-02-2025 10:00,Search Ads,Winter Sale,No
43398,10-02-2025 07:19,Email,-,Yes
12877,10-02-2025 12:59,Email,Brand Awareness,No
50281,11-02-2025 18:23,Email,-,Yes
70378,11-02-2025 01:30,Search Ads,Winter Sale,No
71094,11-02-2025 19:39,Social Media,Brand Awareness,Yes
56733,11-02-2025 11:08,Social Media,-,No
37786,11-02-2025 12:35,Referral,Winter Sale,No
13139,11-02-2025 06:43,Social Media,Discount Offer,No
58762,10-02-2025 12:47,Referral,Brand Awareness,Yes
29709,11-02-2025 15:21,Referral,Brand Awareness,Yes
61905,10-02-2025 07:11,Display Ads,Discount Offer,No
49297,11-02-2025 03:13,Direct Traffic,-,No
40227,10-02-2025 21:03,Social Media,Winter Sale,No
91442,10-02-2025 12:18,Display Ads,New Product Launch,Yes
46662,11-02-2025 18:01,Email,New Product Launch,Yes
67419,10-02-2025 03:31,Display Ads,-,Yes
72959,11-02-2025 05:56,Social Media,Winter Sale,Yes
90435,11-02-2025 21:01,Email,-,No
98628,10-02-2025 03:14,Search Ads,Retargeting,No
13035,10-02-2025 10:34,Email,Winter Sale,Yes
20826,11-02-2025 15:26,Social Media,Brand Awareness,No
55398,11-02-2025 17:47,Social Media,Discount Offer,Yes
57943,10-02-2025 02:53,Social Media,Winter Sale,Yes
78932,10-02-2025 17:48,Social Media,Brand Awareness,No
35887,10-02-2025 21:38,Search Ads,Retargeting,No
17598,10-02-2025 19:41,Email,Winter Sale,Yes
55398,10-02-2025 05:59,Display Ads,Discount Offer,No
60493,10-02-2025 10:55,Social Media,Discount Offer,No
18503,10-02-2025 16:33,Email,Brand Awareness,No
61522,10-02-2025 04:42,Email,Retargeting,Yes
22358,11-02-2025 14:03,Email,-,Yes
93007,10-02-2025 08:51,Display Ads,New Product Launch,Yes
27438,11-02-2025 11:17,Referral,-,Yes
55894,10-02-2025 16:39,Search Ads,-,No
11784,11-02-2025 05:52,Referral,-,No
51664,11-02-2025 05:35,Direct Traffic,-,No
91612,10-02-2025 04:54,Email,Discount Offer,Yes
70093,10-02-2025 05:03,Display Ads,Winter Sale,Yes
26437,11-02-2025 10:23,Display Ads,Retargeting,No
63511,10-02-2025 02:56,Direct Traffic,-,No
89677,11-02-2025 22:28,Social Media,Winter Sale,Yes
96454,11-02-2025 19:46,Search Ads,New Product Launch,No
96629,11-02-2025 23:05,Search Ads,Retargeting,Yes
36393,11-02-2025 00:12,Direct Traffic,-,No
12806,11-02-2025 04:26,Search Ads,New Product Launch,Yes
59425,11-02-2025 05:54,Search Ads,Winter Sale,Yes
82764,11-02-2025 23:19,Referral,Brand Awareness,Yes
73566,10-02-2025 08:00,Social Media,Discount Offer,No
92808,11-02-2025 06:14,Display Ads,Winter Sale,Yes
15582,10-02-2025 01:35,Email,Winter Sale,Yes
72612,10-02-2025 02:15,Referral,Winter Sale,No
83965,11-02-2025 17:53,Direct Traffic,-,Yes
43787,11-02-2025 08:16,Display Ads,Retargeting,Yes
64440,11-02-2025 12:31,Display Ads,Brand Awareness,No
65259,11-02-2025 07:13,Email,-,Yes
80503,10-02-2025 16:53,Social Media,-,Yes
34708,10-02-2025 21:12,Search Ads,Winter Sale,Yes
46221,10-02-2025 08:32,Social Media,Brand Awareness,Yes
78284,11-02-2025 05:25,Search Ads,-,Yes
73264,10-02-2025 01:16,Referral,Retargeting,Yes
88151,10-02-2025 23:23,Display Ads,Retargeting,No
34094,10-02-2025 19:51,Email,-,No
95511,11-02-2025 12:24,Search Ads,Winter Sale,No
53599,11-02-2025 15:10,Social Media,New Product Launch,No
96542,10-02-2025 09:40,Display Ads,Winter Sale,Yes
83319,11-02-2025 03:45,Display Ads,Retargeting,Yes
63527,10-02-2025 06:39,Social Media,Retargeting,No
29809,11-02-2025 01:28,Search Ads,Retargeting,Yes
91630,11-02-2025 19:07,Referral,Discount Offer,Yes
69729,10-02-2025 16:35,Display Ads,-,Yes
40530,10-02-2025 07:37,Display Ads,Discount Offer,Yes
58884,11-02-2025 04:50,Direct Traffic,-,No
13775,11-02-2025 21:48,Direct Traffic,-,Yes
65207,11-02-2025 00:32,Direct Traffic,-,No
24221,11-02-2025 12:22,Search Ads,Retargeting,No
92621,10-02-2025 16:05,Direct Traffic,-,Yes
99115,11-02-2025 16:45,Search Ads,Brand Awareness,No
99147,10-02-2025 07:45,Direct Traffic,-,Yes
41901,11-02-2025 21:19,Referral,Winter Sale,Yes
47740,10-02-2025 22:16,Email,New Product Launch,Yes
43398,10-02-2025 13:51,Display Ads,-,No
86112,10-02-2025 00:38,Direct Traffic,-,Yes
90213,10-02-2025 00:29,Social Media,-,Yes
91203,10-02-2025 23:34,Search Ads,Discount Offer,Yes
90712,11-02-2025 05:53,Search Ads,New Product Launch,No
81470,11-02-2025 07:05,Social Media,-,No
80267,10-02-2025 00:45,Referral,-,No
73412,11-02-2025 22:05,Direct Traffic,-,Yes
46662,11-02-2025 05:08,Email,Retargeting,Yes
60996,10-02-2025 15:26,Social Media,Brand Awareness,Yes
87345,11-02-2025 20:54,Direct Traffic,-,No
90322,10-02-2025 23:52,Direct Traffic,-,No
93802,10-02-2025 03:09,Social Media,Retargeting,No
31833,11-02-2025 03:09,Direct Traffic,-,Yes
82712,11-02-2025 03:38,Direct Traffic,-,Yes
89240,10-02-2025 09:01,Search Ads,New Product Launch,No
62979,11-02-2025 19:19,Social Media,Winter Sale,Yes
85309,11-02-2025 01:03,Email,Winter Sale,No
85343,11-02-2025 21:04,Search Ads,-,No
36097,10-02-2025 15:49,Social Media,Retargeting,No
24568,11-02-2025 05:13,Display Ads,-,No
83712,10-02-2025 10:58,Direct Traffic,-,No
44877,10-02-2025 16:44,Direct Traffic,-,No
68762,11-02-2025 10:10,Display Ads,Winter Sale,Yes
62035,11-02-2025 19:25,Referral,-,Yes
38822,11-02-2025 06:12,Email,Discount Offer,Yes
54089,11-02-2025 00:00,Email,Brand Awareness,Yes
25441,11-02-2025 15:06,Display Ads,New Product Launch,Yes
92988,10-02-2025 13:52,Display Ads,Discount Offer,Yes
65233,11-02-2025 00:41,Direct Traffic,-,Yes
91203,11-02-2025 22:44,Email,Retargeting,Yes
69737,11-02-2025 00:32,Search Ads,Discount Offer,Yes
50216,11-02-2025 08:53,Email,Discount Offer,No
28587,11-02-2025 20:16,Referral,Winter Sale,Yes
48654,10-02-2025 12:23,Social Media,-,No
89901,11-02-2025 07:47,Social Media,Brand Awareness,Yes
16311,10-02-2025 06:22,Email,Winter Sale,No
80602,10-02-2025 20:31,Display Ads,New Product Launch,No
30977,11-02-2025 18:40,Search Ads,New Product Launch,Yes
33960,11-02-2025 08:06,Referral,Winter Sale,No
42970,11-02-2025 14:02,Referral,Retargeting,Yes
46738,10-02-2025 02:05,Referral,Discount Offer,Yes
54719,10-02-2025 17:06,Referral,Retargeting,Yes
73838,11-02-2025 11:39,Search Ads,New Product Launch,No
23018,10-02-2025 20:30,Email,-,No
14668,11-02-2025 08:04,Email,Discount Offer,Yes
22931,10-02-2025 11:26,Display Ads,Winter Sale,No
49673,11-02-2025 04:58,Email,-,No
43298,11-02-2025 02:10,Direct Traffic,-,Yes
65740,10-02-2025 06:07,Direct Traffic,-,No
73814,11-02-2025 00:03,Social Media,Brand Awareness,Yes
15596,11-02-2025 22:38,Social Media,Winter Sale,No
72337,10-02-2025 23:20,Social Media,-,Yes
45927,10-02-2025 12:15,Email,Retargeting,Yes
31901,10-02-2025 17:21,Search Ads,-,No
94486,11-02-2025 18:33,Email,Winter Sale,Yes
87191,10-02-2025 13:03,Display Ads,Winter Sale,No
79883,10-02-2025 01:38,Search Ads,Discount Offer,Yes
80938,11-02-2025 09:48,Direct Traffic,-,No
35227,11-02-2025 19:36,Referral,-,No
52408,10-02-2025 21:06,Direct Traffic,-,Yes
59390,10-02-2025 06:19,Direct Traffic,-,No
21212,10-02-2025 06:07,Display Ads,-,No
82225,11-02-2025 20:17,Email,New Product Launch,Yes
33377,11-02-2025 09:48,Display Ads,New Product Launch,No
36393,11-02-2025 19:00,Search Ads,-,Yes
49297,11-02-2025 03:06,Direct Traffic,-,Yes
74627,10-02-2025 08:02,Display Ads,New Product Launch,No
90114,10-02-2025 13:30,Search Ads,Discount Offer,Yes
75802,11-02-2025 03:46,Search Ads,Winter Sale,No
76940,11-02-2025 19:46,Email,New Product Launch,Yes
54719,11-02-2025 23:20,Social Media,Brand Awareness,No
15891,10-02-2025 06:52,Referral,-,Yes
13980,11-02-2025 20:39,Search Ads,-,Yes
88072,10-02-2025 11:50,Social Media,Retargeting,No
36308,11-02-2025 01:40,Display Ads,Brand Awareness,Yes
22921,10-02-2025 16:02,Email,-,Yes
65820,11-02-2025 07:03,Search Ads,Brand Awareness,Yes
37554,11-02-2025 06:08,Social Media,New Product Launch,No
79404,11-02-2025 01:15,Direct Traffic,-,No
18699,10-02-2025 20:16,Direct Traffic,-,Yes
38468,10-02-2025 08:03,Direct Traffic,-,No
48990,10-02-2025 08:06,Direct Traffic,-,Yes
39056,10-02-2025 19:38,Display Ads,Winter Sale,No
29109,10-02-2025 16:18,Social Media,Discount Offer,Yes
89901,11-02-2025 09:29,Direct Traffic,-,No
49073,11-02-2025 03:15,Display Ads,Brand Awareness,No
23449,11-02-2025 06:24,Display Ads,-,Yes
64541,10-02-2025 15:34,Search Ads,New Product Launch,Yes
90409,11-02-2025 11:53,Search Ads,-,No
39144,11-02-2025 20:21,Display Ads,Retargeting,Yes
27942,10-02-2025 22:45,Search Ads,Brand Awareness,No
80282,10-02-2025 16:06,Referral,Winter Sale,No
21595,10-02-2025 12:37,Display Ads,-,Yes
49655,10-02-2025 20:21,Display Ads,New Product Launch,Yes
13438,11-02-2025 16:06,Referral,Winter Sale,Yes
98418,11-02-2025 04:00,Display Ads,Discount Offer,No
65026,11-02-2025 11:07,Social Media,New Product Launch,No
58344,11-02-2025 17:14,Display Ads,New Product Launch,Yes
76584,10-02-2025 05:18,Social Media,New Product Launch,Yes
35824,11-02-2025 09:15,Search Ads,Discount Offer,No
39101,10-02-2025 15:56,Email,New Product Launch,No
48850,10-02-2025 04:09,Display Ads,Retargeting,Yes
42776,11-02-2025 18:28,Direct Traffic,-,Yes
98418,10-02-2025 14:23,Direct Traffic,-,Yes
21712,11-02-2025 00:38,Search Ads,-,No
86085,11-02-2025 08:56,Search Ads,Brand Awareness,No
91512,11-02-2025 14:59,Display Ads,-,No
54278,10-02-2025 02:38,Search Ads,Winter Sale,No
41454,10-02-2025 19:19,Social Media,Retargeting,No
86974,11-02-2025 17:38,Social Media,Winter Sale,Yes
88708,10-02-2025 23:02,Email,Brand Awareness,Yes
26644,10-02-2025 17:07,Direct Traffic,-,No
68047,10-02-2025 20:01,Display Ads,Winter Sale,No
69421,10-02-2025 21:18,Social Media,New Product Launch,No
15921,10-02-2025 03:47,Social Media,Retargeting,No
52282,11-02-2025 03:38,Email,Winter Sale,No
90964,10-02-2025 20:43,Email,Retargeting,No
64847,10-02-2025 22:36,Social Media,Brand Awareness,Yes
80731,11-02-2025 16:11,Search Ads,Discount Offer,No
85426,11-02-2025 10:21,Display Ads,New Product Launch,No
92621,10-02-2025 07:18,Direct Traffic,-,Yes
73566,11-02-2025 01:36,Display Ads,Winter Sale,Yes
15937,11-02-2025 23:50,Display Ads,Winter Sale,Yes
37162,10-02-2025 12:35,Direct Traffic,-,Yes
19644,11-02-2025 10:13,Email,Brand Awareness,Yes
19444,11-02-2025 12:04,Display Ads,Winter Sale,Yes
73654,10-02-2025 02:42,Search Ads,Brand Awareness,Yes
93693,11-02-2025 09:34,Direct Traffic,-,No
39144,11-02-2025 03:42,Referral,New Product Launch,Yes
94028,11-02-2025 19:06,Email,Retargeting,No
52609,11-02-2025 15:45,Social Media,-,Yes
95195,11-02-2025 01:57,Search Ads,Retargeting,No
72244,11-02-2025 07:05,Email,-,No
83489,11-02-2025 03:14,Email,Winter Sale,No
62128,10-02-2025 16:31,Social Media,New Product Launch,Yes
79941,10-02-2025 04:36,Social Media,Winter Sale,No
34649,11-02-2025 11:19,Email,New Product Launch,Yes
85197,10-02-2025 09:25,Social Media,Brand Awareness,Yes
13872,10-02-2025 04:16,Referral,Discount Offer,No
12509,11-02-2025 19:05,Social Media,Discount Offer,Yes
19444,10-02-2025 00:00,Direct Traffic,-,No
98920,11-02-2025 00:33,Search Ads,Discount Offer,No
97894,10-02-2025 03:12,Search Ads,-,Yes
37902,10-02-2025 05:17,Social Media,-,Yes
25539,10-02-2025 01:02,Social Media,Winter Sale,No
22385,11-02-2025 21:20,Social Media,New Product Launch,No
87893,11-02-2025 04:48,Direct Traffic,-,Yes
94607,11-02-2025 15:07,Display Ads,Brand Awareness,No
34192,10-02-2025 19:23,Social Media,Retargeting,Yes
14212,10-02-2025 14:51,Direct Traffic,-,No
84925,11-02-2025 00:26,Search Ads,-,No
82005,11-02-2025 07:28,Search Ads,Winter Sale,Yes
26109,10-02-2025 16:57,Direct Traffic,-,No
48080,11-02-2025 22:22,Display Ads,Brand Awareness,No
94841,10-02-2025 00:59,Email,Brand Awareness,No
30664,10-02-2025 08:46,Referral,-,No
68632,10-02-2025 22:51,Search Ads,-,No
22811,11-02-2025 00:36,Referral,Discount Offer,Yes
32663,11-02-2025 22:33,Referral,Winter Sale,No
88818,10-02-2025 20:40,Search Ads,Retargeting,Yes
30895,11-02-2025 21:23,Email,New Product Launch,Yes
62558,11-02-2025 01:13,Referral,Winter Sale,Yes
30280,11-02-2025 13:00,Direct Traffic,-,Yes
64955,10-02-2025 22:05,Display Ads,Winter Sale,No
65073,11-02-2025 11:50,Display Ads,Brand Awareness,Yes
61655,10-02-2025 18:58,Email,New Product Launch,No
54016,11-02-2025 14:06,Display Ads,Brand Awareness,No
68849,10-02-2025 22:09,Referral,Retargeting,Yes
13004,11-02-2025 10:41,Social Media,New Product Launch,Yes
23202,11-02-2025 20:00,Direct Traffic,-,No
47735,11-02-2025 20:43,Display Ads,New Product Launch,Yes
64142,10-02-2025 03:58,Direct Traffic,-,No
94174,11-02-2025 21:02,Social Media,-,No
82159,11-02-2025 12:32,Direct Traffic,-,Yes
67525,11-02-2025 19:49,Social Media,Brand Awareness,Yes
11416,11-02-2025 01:40,Display Ads,Discount Offer,Yes
71911,10-02-2025 22:04,Social Media,Brand Awareness,No
99321,10-02-2025 00:57,Display Ads,Discount Offer,No
75841,11-02-2025 04:25,Social Media,Brand Awareness,Yes
43033,11-02-2025 21:25,Direct Traffic,-,No
18587,10-02-2025 00:44,Social Media,-,No
89572,11-02-2025 06:53,Referral,Discount Offer,Yes
11831,11-02-2025 21:55,Direct Traffic,-,Yes
92346,11-02-2025 02:57,Referral,Retargeting,No
57949,10-02-2025 15:15,Email,New Product Launch,No
55533,10-02-2025 10:30,Referral,Retargeting,No
97508,10-02-2025 08:49,Referral,-,Yes
63685,10-02-2025 23:44,Direct Traffic,-,Yes
61285,10-02-2025 18:21,Referral,Discount Offer,No
83153,10-02-2025 05:52,Direct Traffic,-,Yes
36457,10-02-2025 02:25,Social Media,Retargeting,No
65881,11-02-2025 08:52,Referral,-,Yes
63274,11-02-2025 06:51,Social Media,Winter Sale,No
23209,10-02-2025 03:53,Referral,Discount Offer,Yes
54531,10-02-2025 13:05,Referral,New Product Launch,Yes
17168,11-02-2025 13:43,Social Media,Winter Sale,Yes
57108,10-02-2025 05:12,Direct Traffic,-,No
27480,10-02-2025 11:49,Direct Traffic,-,No
63072,11-02-2025 14:50,Direct Traffic,-,Yes
61053,10-02-2025 05:24,Display Ads,Retargeting,Yes
43931,10-02-2025 05:06,Search Ads,New Product Launch,Yes
39770,10-02-2025 08:23,Search Ads,Brand Awareness,Yes
63781,10-02-2025 05:53,Search Ads,-,Yes
77968,10-02-2025 01:34,Direct Traffic,-,Yes
33074,11-02-2025 16:09,Search Ads,Brand Awareness,No
79304,10-02-2025 13:16,Referral,Discount Offer,Yes
19517,10-02-2025 15:44,Search Ads,Winter Sale,No
59281,10-02-2025 01:07,Email,-,No
66986,11-02-2025 15:27,Email,Brand Awareness,Yes
89953,10-02-2025 01:27,Email,Brand Awareness,No
41962,11-02-2025 15:02,Referral,Retargeting,Yes
39287,11-02-2025 04:30,Referral,-,Yes
41146,11-02-2025 14:44,Social Media,New Product Launch,No
83667,10-02-2025 14:20,Direct Traffic,-,Yes
22943,11-02-2025 07:59,Search Ads,New Product Launch,Yes
28511,10-02-2025 20:49,Social Media,Retargeting,Yes
47174,11-02-2025 04:08,Social Media,Discount Offer,No
16814,10-02-2025 11:09,Social Media,-,Yes
24845,11-02-2025 00:19,Direct Traffic,-,No
15924,11-02-2025 00:30,Social Media,-,Yes
13186,11-02-2025 15:55,Referral,Retargeting,No
79181,10-02-2025 06:34,Display Ads,Brand Awareness,No
47566,11-02-2025 18:20,Search Ads,Retargeting,Yes
48404,11-02-2025 06:33,Email,New Product Launch,Yes
50453,11-02-2025 11:00,Direct Traffic,-,Yes
41490,10-02-2025 19:15,Display Ads,Winter Sale,Yes
81103,11-02-2025 04:37,Direct Traffic,-,No
55550,11-02-2025 19:36,Social Media,Discount Offer,Yes
76850,11-02-2025 23:21,Direct Traffic,-,No
16979,10-02-2025 22:09,Email,Brand Awareness,No
86443,10-02-2025 04:35,Direct Traffic,-,Yes
70632,10-02-2025 00:29,Direct Traffic,-,No
32828,11-02-2025 12:51,Search Ads,-,Yes
33499,10-02-2025 00:08,Display Ads,-,Yes
11511,10-02-2025 20:30,Email,Discount Offer,No
25105,10-02-2025 03:29,Social Media,New Product Launch,Yes
90213,10-02-2025 16:46,Email,New Product Launch,Yes
86700,11-02-2025 14:32,Referral,Retargeting,No
68343,10-02-2025 19:01,Social Media,New Product Launch,Yes
31723,11-02-2025 21:26,Search Ads,Retargeting,No
28848,11-02-2025 11:46,Direct Traffic,-,No
79883,10-02-2025 22:09,Display Ads,Retargeting,No
99597,11-02-2025 11:13,Search Ads,-,Yes
93942,11-02-2025 14:45,Direct Traffic,-,Yes
82166,10-02-2025 09:47,Search Ads,Winter Sale,No
69737,11-02-2025 23:43,Referral,Brand Awareness,Yes
21343,10-02-2025 10:03,Email,-,No
16916,10-02-2025 23:33,Social Media,-,Yes
25544,10-02-2025 21:26,Referral,-,Yes
43036,11-02-2025 16:54,Display Ads,Retargeting,No
83153,11-02-2025 13:41,Direct Traffic,-,Yes
76711,11-02-2025 14:26,Display Ads,Retargeting,No
52274,10-02-2025 22:33,Referral,Brand Awareness,No
54301,10-02-2025 08:02,Email,Discount Offer,Yes
15351,10-02-2025 13:28,Referral,-,Yes
21177,11-02-2025 17:35,Email,Brand Awareness,No
45812,10-02-2025 22:17,Social Media,New Product Launch,No
34708,10-02-2025 23:07,Display Ads,Brand Awareness,No
56912,11-02-2025 09:45,Social Media,New Product Launch,No
65626,10-02-2025 07:02,Social Media,Winter Sale,No
66646,11-02-2025 17:13,Search Ads,-,No
44859,10-02-2025 02:44,Referral,Winter Sale,No
97706,11-02-2025 16:09,Search Ads,Brand Awareness,Yes
26384,11-02-2025 01:59,Direct Traffic,-,No
71797,11-02-2025 15:31,Direct Traffic,-,Yes
98411,10-02-2025 02:51,Email,New Product Launch,Yes
50840,10-02-2025 23:15,Referral,Winter Sale,Yes
20524,10-02-2025 17:09,Referral,Brand Awareness,No
71979,10-02-2025 05:17,Search Ads,Brand Awareness,No
83673,11-02-2025 12:16,Referral,-,No
20990,10-02-2025 04:24,Social Media,Retargeting,Yes
83147,11-02-2025 01:02,Referral,Brand Awareness,No
82182,10-02-2025 21:15,Email,New Product Launch,No
69729,11-02-2025 10:32,Referral,Discount Offer,No
79461,11-02-2025 17:49,Display Ads,-,Yes
62089,11-02-2025 01:12,Direct Traffic,-,No
68649,10-02-2025 05:24,Display Ads,Retargeting,Yes
29800,11-02-2025 00:58,Direct Traffic,-,Yes
82050,10-02-2025 08:39,Search Ads,Retargeting,Yes
74884,10-02-2025 22:26,Referral,Retargeting,Yes
96454,10-02-2025 04:22,Referral,Retargeting,Yes
10556,10-02-2025 20:13,Display Ads,New Product Launch,Yes
70378,10-02-2025 06:19,Email,Discount Offer,Yes
35199,11-02-2025 04:58,Referral,Winter Sale,Yes
39251,10-02-2025 16:39,Direct Traffic,-,Yes
12877,11-02-2025 14:01,Search Ads,Brand Awareness,Yes
48649,11-02-2025 14:08,Social Media,Discount Offer,No
74104,11-02-2025 11:54,Search Ads,-,No
76732,10-02-2025 19:17,Direct Traffic,-,No
49128,10-02-2025 00:56,Display Ads,Retargeting,Yes
19388,11-02-2025 09:20,Referral,New Product Launch,Yes
55587,10-02-2025 04:53,Search Ads,Discount Offer,Yes
54531,11-02-2025 19:52,Direct Traffic,-,Yes
23018,11-02-2025 23:41,Display Ads,Winter Sale,Yes
50264,11-02-2025 14:48,Social Media,Brand Awareness,Yes
45340,11-02-2025 14:00,Direct Traffic,-,Yes
53115,11-02-2025 14:27,Email,Brand Awareness,Yes
99794,10-02-2025 13:40,Direct Traffic,-,Yes
46911,10-02-2025 05:27,Search Ads,Discount Offer,Yes
16916,10-02-2025 07:18,Social Media,Retargeting,Yes
76806,11-02-2025 08:13,Search Ads,Brand Awareness,Yes
15152,11-02-2025 19:53,Display Ads,New Product Launch,No
98683,10-02-2025 10:43,Display Ads,Brand Awareness,Yes
42734,10-02-2025 18:01,Social Media,Brand Awareness,Yes
41463,11-02-2025 03:48,Display Ads,-,Yes
83640,10-02-2025 03:47,Search Ads,Discount Offer,Yes
29834,11-02-2025 15:46,Email,Winter Sale,Yes
52906,11-02-2025 06:13,Social Media,New Product Launch,Yes
71306,11-02-2025 10:31,Social Media,Winter Sale,No
59102,10-02-2025 05:28,Email,Discount Offer,Yes
30694,10-02-2025 18:27,Direct Traffic,-,No
80133,10-02-2025 02:48,Social Media,-,No
47740,10-02-2025 14:46,Referral,-,Yes
47206,10-02-2025 19:36,Direct Traffic,-,No
32839,11-02-2025 11:16,Email,Winter Sale,No
54301,10-02-2025 09:18,Display Ads,Retargeting,No
86889,10-02-2025 03:29,Social Media,New Product Launch,Yes
45981,11-02-2025 04:18,Social Media,Retargeting,Yes
29837,11-02-2025 12:39,Social Media,New Product Launch,No
26189,11-02-2025 17:51,Search Ads,Retargeting,No
48639,11-02-2025 12:48,Direct Traffic,-,No
19097,11-02-2025 03:26,Social Media,Discount Offer,Yes
60156,11-02-2025 15:33,Direct Traffic,-,Yes
50166,10-02-2025 13:36,Search Ads,-,Yes
52142,10-02-2025 08:49,Search Ads,Retargeting,Yes
65026,11-02-2025 07:01,Social Media,Retargeting,No
35598,10-02-2025 22:06,Direct Traffic,-,Yes
62697,11-02-2025 13:19,Email,Discount Offer,No
66008,10-02-2025 05:01,Direct Traffic,-,Yes
67466,11-02-2025 01:20,Social Media,Retargeting,Yes
98843,10-02-2025 01:37,Display Ads,-,Yes
39876,11-02-2025 11:39,Direct Traffic,-,Yes
87081,11-02-2025 22:59,Direct Traffic,-,Yes
15241,11-02-2025 10:21,Display Ads,-,No
11790,11-02-2025 17:00,Referral,Brand Awareness,No
60755,11-02-2025 20:22,Referral,Brand Awareness,Yes
60571,10-02-2025 19:38,Search Ads,Discount Offer,No
33382,11-02-2025 11:05,Display Ads,Discount Offer,No
96015,11-02-2025 15:31,Direct Traffic,-,Yes
32883,11-02-2025 11:44,Social Media,Discount Offer,No
52553,10-02-2025 11:34,Social Media,New Product Launch,Yes
88293,10-02-2025 21:25,Social Media,Brand Awareness,No
63990,10-02-2025 16:21,Direct Traffic,-,Yes
88094,11-02-2025 03:55,Display Ads,Brand Awareness,Yes
88142,10-02-2025 13:06,Referral,Retargeting,Yes
15578,11-02-2025 01:08,Search Ads,Brand Awareness,No
73999,11-02-2025 08:20,Email,-,No
90712,10-02-2025 04:57,Referral,Brand Awareness,No
68849,10-02-2025 05:51,Display Ads,Retargeting,No
75302,11-02-2025 15:45,Referral,-,Yes
58703,11-02-2025 01:00,Search Ads,Retargeting,No
53151,11-02-2025 02:13,Search Ads,New Product Launch,No
83947,10-02-2025 11:42,Display Ads,New Product Launch,Yes
86715,10-02-2025 22:43,Referral,Discount Offer,Yes
36676,10-02-2025 01:03,Search Ads,-,Yes
84492,10-02-2025 18:40,Search Ads,-,No
93474,11-02-2025 14:48,Social Media,-,Yes
45058,11-02-2025 01:30,Email,New Product Launch,No
91390,11-02-2025 11:29,Search Ads,Discount Offer,No
80575,11-02-2025 08:42,Direct Traffic,-,Yes
82708,10-02-2025 04:00,Email,Brand Awareness,No
90090,11-02-2025 13:24,Direct Traffic,-,No
84567,10-02-2025 02:53,Display Ads,Retargeting,Yes
56072,10-02-2025 23:50,Search Ads,-,Yes
19644,11-02-2025 00:04,Social Media,New Product Launch,No
83481,10-02-2025 18:56,Display Ads,Winter Sale,Yes
10654,10-02-2025 08:53,Email,-,Yes
61983,11-02-2025 14:41,Referral,Retargeting,Yes
51057,10-02-2025 23:30,Direct Traffic,-,No
85459,10-02-2025 13:37,Social Media,Winter Sale,No
24221,11-02-2025 19:52,Email,Winter Sale,Yes
45564,11-02-2025 02:17,Email,Discount Offer,Yes
62212,11-02-2025 23:29,Display Ads,New Product Launch,Yes
79823,10-02-2025 11:40,Email,-,Yes
54741,11-02-2025 01:18,Search Ads,Winter Sale,Yes
60798,11-02-2025 08:39,Social Media,Discount Offer,No
95298,10-02-2025 04:04,Display Ads,Discount Offer,No
38286,11-02-2025 01:14,Email,Retargeting,Yes
78752,11-02-2025 09:47,Social Media,Discount Offer,Yes
25254,11-02-2025 08:45,Social Media,Brand Awareness,Yes
27463,10-02-2025 20:53,Social Media,Retargeting,No
82044,10-02-2025 11:48,Referral,New Product Launch,Yes
87642,10-02-2025 13:37,Direct Traffic,-,Yes
83489,10-02-2025 06:55,Search Ads,Discount Offer,No
24741,10-02-2025 03:48,Search Ads,New Product Launch,Yes
16337,10-02-2025 15:32,Referral,New Product Launch,No
72929,11-02-2025 04:57,Social Media,Discount Offer,No
82166,11-02-2025 12:55,Referral,Winter Sale,Yes
35661,10-02-2025 16:20,Direct Traffic,-,No
54766,11-02-2025 20:02,Social Media,Retargeting,No
47511,10-02-2025 16:15,Display Ads,Winter Sale,No
82667,11-02-2025 11:10,Display Ads,Brand Awareness,Yes
11686,11-02-2025 21:41,Search Ads,Retargeting,Yes
23781,11-02-2025 21:44,Referral,Retargeting,Yes
66881,11-02-2025 08:31,Referral,-,Yes
66008,10-02-2025 23:59,Email,Winter Sale,No
84693,11-02-2025 05:21,Referral,New Product Launch,Yes
21177,10-02-2025 16:41,Direct Traffic,-,No
51578,11-02-2025 18:04,Search Ads,-,No
46924,11-02-2025 10:06,Social Media,-,No
86889,11-02-2025 20:21,Email,Winter Sale,No
91449,10-02-2025 22:13,Email,Discount Offer,Yes
66454,10-02-2025 18:50,Referral,Brand Awareness,No
74300,10-02-2025 05:31,Search Ads,Retargeting,Yes
17278,11-02-2025 10:39,Direct Traffic,-,Yes
27774,11-02-2025 14:04,Search Ads,Winter Sale,Yes
92043,11-02-2025 19:13,Referral,Winter Sale,No
61650,11-02-2025 17:50,Search Ads,Brand Awareness,Yes
20853,10-02-2025 00:37,Search Ads,Discount Offer,Yes
42285,11-02-2025 23:28,Direct Traffic,-,No
74272,10-02-2025 23:47,Direct Traffic,-,Yes
76040,10-02-2025 20:54,Direct Traffic,-,Yes
98418,11-02-2025 15:57,Display Ads,Winter Sale,Yes
98133,11-02-2025 09:11,Social Media,Discount Offer,No
72892,11-02-2025 01:37,Search Ads,-,No
40090,11-02-2025 10:48,Social Media,-,No
18995,11-02-2025 05:30,Search Ads,Discount Offer,No
99481,10-02-2025 08:37,Search Ads,Retargeting,No
59787,10-02-2025 22:44,Display Ads,Retargeting,Yes
69090,11-02-2025 14:18,Direct Traffic,-,Yes
30429,10-02-2025 21:54,Direct Traffic,-,Yes
51057,10-02-2025 03:32,Referral,Winter Sale,Yes
19364,11-02-2025 06:31,Direct Traffic,-,No
73457,11-02-2025 20:50,Referral,Brand Awareness,No
78083,11-02-2025 13:09,Search Ads,Winter Sale,No
50926,10-02-2025 21:19,Email,Discount Offer,No
61358,10-02-2025 19:01,Display Ads,New Product Launch,Yes
63192,11-02-2025 11:28,Email,-,No
71259,11-02-2025 02:42,Direct Traffic,-,Yes
25790,11-02-2025 15:03,Social Media,New Product Launch,No
22755,11-02-2025 09:27,Display Ads,-,No
95745,11-02-2025 12:07,Email,-,No
24161,10-02-2025 08:05,Direct Traffic,-,No
85576,11-02-2025 12:23,Direct Traffic,-,No
18582,11-02-2025 07:34,Direct Traffic,-,No
73945,11-02-2025 13:10,Search Ads,New Product Launch,Yes
61770,11-02-2025 11:31,Referral,Winter Sale,Yes
51785,10-02-2025 09:54,Display Ads,Discount Offer,No
35230,10-02-2025 13:18,Search Ads,Retargeting,No
31133,11-02-2025 08:44,Direct Traffic,-,Yes
17619,10-02-2025 20:48,Direct Traffic,-,Yes
39628,10-02-2025 16:21,Social Media,Brand Awareness,Yes
56452,11-02-2025 18:00,Referral,Retargeting,No
99995,11-02-2025 16:38,Search Ads,Brand Awareness,No
73814,10-02-2025 11:24,Direct Traffic,-,Yes
65473,11-02-2025 04:36,Display Ads,Retargeting,No
76514,11-02-2025 19:45,Search Ads,New Product Launch,Yes
75865,10-02-2025 19:33,Referral,Discount Offer,No
14080,10-02-2025 10:55,Direct Traffic,-,Yes
83962,10-02-2025 06:40,Search Ads,-,No
50366,10-02-2025 22:54,Email,Brand Awareness,No
90632,11-02-2025 13:17,Direct Traffic,-,No
55427,10-02-2025 00:48,Email,Brand Awareness,Yes
57564,11-02-2025 08:41,Direct Traffic,-,Yes
79163,11-02-2025 14:17,Display Ads,Brand Awareness,Yes
60852,11-02-2025 03:54,Email,New Product Launch,Yes
86774,10-02-2025 13:04,Referral,New Product Launch,Yes
28265,10-02-2025 13:06,Social Media,Brand Awareness,Yes
78945,11-02-2025 11:40,Social Media,New Product Launch,No
56912,11-02-2025 22:07,Direct Traffic,-,Yes
31278,10-02-2025 07:30,Social Media,Retargeting,Yes
74272,10-02-2025 23:55,Direct Traffic,-,Yes
32562,11-02-2025 09:45,Social Media,Winter Sale,No
70948,11-02-2025 17:16,Display Ads,Discount Offer,No
16062,11-02-2025 11:06,Search Ads,New Product Launch,No
69942,11-02-2025 06:52,Social Media,New Product Launch,Yes
41964,11-02-2025 10:03,Search Ads,Retargeting,Yes
43531,10-02-2025 10:32,Email,New Product Launch,No
75804,11-02-2025 01:43,Display Ads,Brand Awareness,No
27767,11-02-2025 18:08,Social Media,Brand Awareness,No
11894,10-02-2025 00:40,Direct Traffic,-,No
29709,11-02-2025 23:44,Social Media,Discount Offer,No
81851,11-02-2025 07:14,Direct Traffic,-,Yes
25441,10-02-2025 09:32,Display Ads,-,No
52282,11-02-2025 12:47,Direct Traffic,-,Yes
20300,11-02-2025 07:03,Direct Traffic,-,Yes
64177,10-02-2025 17:02,Referral,Winter Sale,Yes
44295,11-02-2025 18:39,Referral,-,No
38775,10-02-2025 20:25,Email,Winter Sale,No
78945,11-02-2025 04:32,Social Media,-,Yes
32882,11-02-2025 06:09,Email,Discount Offer,No
54044,11-02-2025 07:16,Direct Traffic,-,No
60484,11-02-2025 01:33,Referral,-,Yes
77294,11-02-2025 18:34,Direct Traffic,-,Yes
69602,10-02-2025 20:16,Email,Retargeting,Yes
47735,10-02-2025 08:51,Referral,Discount Offer,Yes
16255,11-02-2025 19:53,Email,-,No
83772,10-02-2025 10:38,Referral,Discount Offer,No
39101,11-02-2025 21:05,Display Ads,Brand Awareness,Yes
66962,10-02-2025 16:57,Display Ads,Winter Sale,No
13090,10-02-2025 02:07,Social Media,Brand Awareness,Yes
62169,10-02-2025 05:00,Email,New Product Launch,No
29395,11-02-2025 21:46,Direct Traffic,-,Yes
69781,10-02-2025 07:23,Search Ads,-,No
71235,11-02-2025 06:36,Email,Brand Awareness,Yes
13184,10-02-2025 17:53,Search Ads,Brand Awareness,Yes
74464,10-02-2025 13:39,Direct Traffic,-,No
30447,10-02-2025 23:34,Search Ads,Winter Sale,Yes
61529,11-02-2025 00:11,Direct Traffic,-,Yes
83962,10-02-2025 13:41,Display Ads,Brand Awareness,No
68891,11-02-2025 10:23,Social Media,New Product Launch,No
91394,11-02-2025 23:00,Display Ads,Discount Offer,Yes
83673,11-02-2025 01:22,Email,Winter Sale,No
90635,11-02-2025 12:36,Direct Traffic,-,No
10426,10-02-2025 04:18,Referral,Winter Sale,Yes
52328,11-02-2025 07:51,Referral,New Product Launch,Yes
48089,11-02-2025 11:28,Direct Traffic,-,Yes
31703,10-02-2025 23:01,Direct Traffic,-,No
39628,10-02-2025 02:44,Display Ads,Brand Awareness,Yes
39321,11-02-2025 10:15,Display Ads,Retargeting,No
75302,11-02-2025 18:54,Email,Retargeting,No
28948,11-02-2025 21:00,Direct Traffic,-,No
78083,11-02-2025 06:15,Display Ads,-,Yes
30155,10-02-2025 03:17,Social Media,-,No
53599,10-02-2025 15:42,Search Ads,Brand Awareness,Yes
54440,11-02-2025 12:18,Social Media,-,No
65743,11-02-2025 06:51,Search Ads,Discount Offer,No
63620,10-02-2025 12:54,Email,-,No
46918,10-02-2025 00:40,Email,-,Yes
59281,10-02-2025 17:54,Search Ads,-,No
57318,10-02-2025 21:20,Display Ads,Winter Sale,No
82064,11-02-2025 05:19,Search Ads,New Product Launch,Yes
39128,11-02-2025 17:45,Referral,New Product Launch,Yes
87606,11-02-2025 13:12,Email,Retargeting,Yes
65708,11-02-2025 09:46,Search Ads,Brand Awareness,No
38173,11-02-2025 23:13,Search Ads,-,Yes
46342,10-02-2025 00:34,Direct Traffic,-,No
51057,10-02-2025 15:44,Direct Traffic,-,Yes
15239,10-02-2025 18:45,Search Ads,Discount Offer,Yes
24215,11-02-2025 21:01,Display Ads,-,No
69838,11-02-2025 08:58,Social Media,Discount Offer,No
62229,10-02-2025 15:46,Email,Brand Awareness,No
34551,11-02-2025 17:00,Display Ads,-,No
74032,10-02-2025 11:35,Direct Traffic,-,No
74738,10-02-2025 17:49,Direct Traffic,-,No
16302,11-02-2025 15:26,Search Ads,Discount Offer,Yes
66986,11-02-2025 22:47,Search Ads,Retargeting,Yes
54395,10-02-2025 04:28,Referral,Discount Offer,No
15277,11-02-2025 23:52,Social Media,Winter Sale,Yes
65514,10-02-2025 06:43,Email,Discount Offer,No
75656,10-02-2025 00:48,Referral,New Product Launch,No
55355,10-02-2025 05:02,Display Ads,Retargeting,No
19180,11-02-2025 16:16,Email,Brand Awareness,Yes
84925,10-02-2025 02:20,Email,-,Yes
73118,10-02-2025 11:13,Display Ads,Retargeting,No
23332,10-02-2025 04:03,Direct Traffic,-,No
33843,10-02-2025 10:53,Search Ads,-,Yes
12797,11-02-2025 00:32,Social Media,-,No
93271,11-02-2025 17:21,Display Ads,Discount Offer,No
17702,11-02-2025 13:50,Social Media,Retargeting,Yes
66664,10-02-2025 17:39,Email,Brand Awareness,No
91341,10-02-2025 05:25,Direct Traffic,-,No
37055,10-02-2025 20:15,Social Media,Retargeting,Yes
72040,11-02-2025 18:56,Search Ads,Brand Awareness,No
75352,10-02-2025 12:29,Direct Traffic,-,No
65473,10-02-2025 21:01,Email,Winter Sale,No
52260,11-02-2025 20:52,Email,Winter Sale,No
61177,10-02-2025 02:46,Email,-,Yes
79969,10-02-2025 14:05,Email,New Product Launch,Yes
53313,10-02-2025 01:48,Referral,Discount Offer,No
77597,11-02-2025 10:05,Social Media,New Product Launch,No
36115,10-02-2025 23:47,Referral,Retargeting,Yes
45750,10-02-2025 12:14,Display Ads,New Product Launch,Yes
17329,11-02-2025 00:36,Referral,Winter Sale,Yes
16004,10-02-2025 21:44,Social Media,New Product Launch,No
50264,11-02-2025 11:50,Referral,New Product Launch,Yes
76328,11-02-2025 06:22,Email,Discount Offer,No
67398,11-02-2025 12:01,Display Ads,-,No
51020,11-02-2025 03:01,Social Media,New Product Launch,Yes
45964,10-02-2025 20:13,Social Media,Retargeting,Yes
99065,10-02-2025 08:11,Email,Retargeting,Yes
85722,11-02-2025 20:09,Social Media,-,No
62101,11-02-2025 10:50,Direct Traffic,-,Yes
65726,10-02-2025 09:17,Search Ads,New Product Launch,No
31210,10-02-2025 18:38,Direct Traffic,-,No
31868,10-02-2025 00:07,Direct Traffic,-,No
66042,10-02-2025 03:33,Direct Traffic,-,Yes
25959,11-02-2025 09:50,Social Media,Brand Awareness,No
92646,11-02-2025 19:53,Social Media,Retargeting,No
28246,10-02-2025 16:46,Direct Traffic,-,Yes
65922,11-02-2025 01:42,Search Ads,Brand Awareness,No
13191,10-02-2025 08:11,Display Ads,Winter Sale,Yes
63323,10-02-2025 13:36,Display Ads,-,No
78514,10-02-2025 18:43,Display Ads,New Product Launch,Yes
79863,10-02-2025 08:42,Social Media,New Product Launch,No
48867,10-02-2025 15:54,Direct Traffic,-,Yes
17761,10-02-2025 11:58,Referral,-,No
12663,11-02-2025 08:38,Referral,Discount Offer,Yes
19097,11-02-2025 11:08,Email,-,No
79634,10-02-2025 00:59,Display Ads,Discount Offer,Yes
41964,11-02-2025 06:12,Direct Traffic,-,Yes
57949,11-02-2025 23:20,Search Ads,New Product Launch,Yes
34693,10-02-2025 12:33,Social Media,New Product Launch,Yes
31340,11-02-2025 05:08,Email,Brand Awareness,No
35756,10-02-2025 15:50,Search Ads,-,Yes
68657,10-02-2025 03:05,Direct Traffic,-,Yes
60684,11-02-2025 17:26,Display Ads,Winter Sale,Yes
47236,11-02-2025 19:13,Direct Traffic,-,No
59251,10-02-2025 09:35,Email,New Product Launch,No
86856,10-02-2025 00:06,Referral,Discount Offer,Yes
30380,11-02-2025 13:25,Search Ads,New Product Launch,No
25170,10-02-2025 07:55,Social Media,Winter Sale,Yes
39364,11-02-2025 04:03,Referral,Discount Offer,No
81103,11-02-2025 02:04,Referral,New Product Launch,No
29149,10-02-2025 13:45,Direct Traffic,-,Yes
47740,10-02-2025 09:18,Direct Traffic,-,No
25468,10-02-2025 10:47,Email,Winter Sale,No
93942,11-02-2025 10:02,Email,Brand Awareness,No
28912,11-02-2025 23:33,Social Media,Discount Offer,Yes
14080,10-02-2025 06:10,Search Ads,-,Yes
26601,11-02-2025 04:16,Referral,-,No
77310,10-02-2025 00:08,Display Ads,Winter Sale,No
72379,11-02-2025 11:28,Social Media,Discount Offer,Yes
12397,11-02-2025 19:59,Direct Traffic,-,No
95870,11-02-2025 04:46,Referral,Brand Awareness,Yes
11835,11-02-2025 23:11,Social Media,Discount Offer,No
59927,10-02-2025 20:09,Display Ads,Retargeting,Yes
54741,11-02-2025 08:12,Referral,-,No
73105,11-02-2025 18:15,Referral,Discount Offer,No
61983,11-02-2025 23:41,Search Ads,Brand Awareness,Yes
97335,10-02-2025 23:23,Search Ads,Retargeting,Yes
32160,10-02-2025 18:25,Email,New Product Launch,No
48990,11-02-2025 10:35,Social Media,Retargeting,Yes
22516,11-02-2025 12:41,Direct Traffic,-,No
13775,10-02-2025 08:58,Search Ads,Retargeting,Yes
49647,11-02-2025 10:52,Email,-,Yes
52553,10-02-2025 10:05,Display Ads,New Product Launch,Yes
30299,10-02-2025 12:54,Social Media,Discount Offer,Yes
16814,10-02-2025 03:37,Email,Winter Sale,Yes
30582,11-02-2025 01:41,Social Media,New Product Launch,No
78381,10-02-2025 13:17,Social Media,New Product Launch,Yes
91157,11-02-2025 02:35,Email,New Product Launch,Yes
40350,11-02-2025 13:16,Search Ads,Retargeting,No
40133,10-02-2025 09:24,Social Media,New Product Launch,No
17168,11-02-2025 01:00,Email,Retargeting,Yes
69737,11-02-2025 12:55,Direct Traffic,-,No
13687,10-02-2025 21:12,Direct Traffic,-,No
79181,11-02-2025 14:48,Referral,Winter Sale,No
65233,10-02-2025 06:13,Direct Traffic,-,Yes
61878,10-02-2025 18:23,Email,Brand Awareness,Yes
63072,10-02-2025 22:55,Social Media,Brand Awareness,No
87375,11-02-2025 07:09,Direct Traffic,-,No
27437,10-02-2025 16:06,Referral,New Product Launch,No
36179,10-02-2025 14:59,Direct Traffic,-,Yes
96015,10-02-2025 19:19,Display Ads,Brand Awareness,No
57389,10-02-2025 18:25,Display Ads,Discount Offer,No
13035,11-02-2025 03:58,Referral,Winter Sale,No
30842,10-02-2025 19:00,Email,New Product Launch,Yes
59730,10-02-2025 19:24,Social Media,-,No
87939,11-02-2025 04:52,Email,-,Yes
97201,10-02-2025 11:47,Referral,Retargeting,No
84828,11-02-2025 14:43,Search Ads,New Product Launch,Yes
59840,10-02-2025 09:50,Display Ads,Winter Sale,Yes
31889,10-02-2025 21:15,Email,Winter Sale,No
43065,11-02-2025 14:35,Direct Traffic,-,No
49243,10-02-2025 16:41,Display Ads,Discount Offer,Yes
37121,11-02-2025 04:32,Search Ads,Winter Sale,Yes
28721,11-02-2025 12:18,Social Media,Winter Sale,No
43361,11-02-2025 13:22,Search Ads,Discount Offer,Yes
19400,10-02-2025 06:44,Email,Brand Awareness,Yes
34653,10-02-2025 07:07,Search Ads,Retargeting,No
83578,11-02-2025 13:29,Social Media,Discount Offer,Yes
15555,11-02-2025 05:39,Social Media,New Product Launch,Yes
25952,11-02-2025 21:29,Display Ads,New Product Launch,Yes
98687,10-02-2025 18:45,Search Ads,Retargeting,No
41312,11-02-2025 12:39,Referral,Retargeting,Yes
48404,11-02-2025 03:34,Search Ads,Discount Offer,No
78183,10-02-2025 08:51,Search Ads,-,Yes
19754,10-02-2025 03:42,Display Ads,New Product Launch,No
88859,11-02-2025 05:04,Referral,-,Yes
55446,11-02-2025 02:30,Referral,Winter Sale,No
57793,11-02-2025 18:11,Referral,Winter Sale,Yes
41641,11-02-2025 18:31,Referral,Winter Sale,No
41422,10-02-2025 02:11,Display Ads,Retargeting,Yes
80769,10-02-2025 23:32,Direct Traffic,-,Yes
55980,11-02-2025 00:03,Direct Traffic,-,Yes
55820,10-02-2025 11:43,Email,New Product Launch,Yes
77908,10-02-2025 02:15,Direct Traffic,-,Yes
30607,11-02-2025 00:02,Email,Retargeting,No
71292,10-02-2025 18:50,Search Ads,-,Yes
90751,11-02-2025 00:20,Direct Traffic,-,Yes
48639,11-02-2025 10:02,Referral,New Product Launch,Yes
29114,10-02-2025 16:25,Referral,-,No
14476,11-02-2025 19:41,Display Ads,Winter Sale,Yes
80046,11-02-2025 08:59,Social Media,Retargeting,No
42360,11-02-2025 14:42,Social Media,Winter Sale,Yes
35619,11-02-2025 03:33,Social Media,Retargeting,No
34087,10-02-2025 20:29,Direct Traffic,-,Yes
82783,10-02-2025 19:37,Social Media,Retargeting,No
95665,10-02-2025 09:29,Email,-,Yes
75328,10-02-2025 22:32,Search Ads,New Product Launch,Yes
11284,11-02-2025 08:40,Social Media,-,No
47174,10-02-2025 22:08,Email,Winter Sale,No
34263,11-02-2025 06:25,Display Ads,Brand Awareness,No
19328,10-02-2025 04:35,Direct Traffic,-,Yes
55079,11-02-2025 13:23,Referral,Retargeting,No
65026,11-02-2025 09:14,Social Media,New Product Launch,Yes
77294,11-02-2025 05:35,Social Media,New Product Launch,Yes
55035,11-02-2025 02:39,Email,Retargeting,Yes
26537,10-02-2025 00:11,Social Media,New Product Launch,No
83991,11-02-2025 06:55,Email,-,Yes
90184,10-02-2025 14:26,Referral,Brand Awareness,Yes
59611,11-02-2025 17:26,Email,New Product Launch,No
96015,11-02-2025 03:10,Direct Traffic,-,No
32120,11-02-2025 02:51,Email,-,No
83355,10-02-2025 07:52,Email,New Product Launch,No
99748,10-02-2025 07:11,Search Ads,Discount Offer,Yes
55446,10-02-2025 11:17,Direct Traffic,-,Yes
71292,11-02-2025 21:56,Social Media,Brand Awareness,Yes
43065,10-02-2025 05:45,Display Ads,Winter Sale,No
91341,11-02-2025 22:17,Direct Traffic,-,No
24025,11-02-2025 23:36,Display Ads,Discount Offer,Yes
30446,10-02-2025 19:35,Social Media,Retargeting,Yes
87967,11-02-2025 22:12,Email,Winter Sale,Yes
89677,11-02-2025 16:14,Direct Traffic,-,Yes
42824,10-02-2025 15:27,Display Ads,Winter Sale,Yes
85419,11-02-2025 22:24,Direct Traffic,-,Yes
64956,11-02-2025 09:16,Social Media,New Product Launch,No
98520,10-02-2025 14:58,Email,-,Yes
89685,11-02-2025 06:53,Search Ads,Winter Sale,No
34087,10-02-2025 14:48,Social Media,Winter Sale,Yes
81470,11-02-2025 20:59,Referral,Discount Offer,No
57627,11-02-2025 15:54,Search Ads,Retargeting,Yes
59319,10-02-2025 18:13,Search Ads,Brand Awareness,No
81952,11-02-2025 20:41,Social Media,New Product Launch,No
66060,10-02-2025 23:14,Search Ads,Brand Awareness,Yes
79307,11-02-2025 05:37,Email,Discount Offer,No
22923,10-02-2025 01:27,Search Ads,-,Yes
52282,10-02-2025 04:45,Social Media,Winter Sale,Yes
10341,10-02-2025 21:08,Display Ads,-,Yes
36918,10-02-2025 00:50,Referral,Retargeting,Yes
36375,11-02-2025 20:42,Email,New Product Launch,Yes
26754,10-02-2025 06:06,Display Ads,New Product Launch,Yes
63367,10-02-2025 14:12,Referral,-,Yes
59188,11-02-2025 15:43,Display Ads,Discount Offer,No
27944,10-02-2025 14:09,Display Ads,-,Yes
80602,11-02-2025 17:35,Direct Traffic,-,No
23482,11-02-2025 14:59,Direct Traffic,-,Yes
62875,11-02-2025 09:32,Referral,Discount Offer,No
44535,10-02-2025 12:04,Email,Retargeting,No
38485,10-02-2025 01:50,Display Ads,Brand Awareness,No
46988,11-02-2025 19:32,Email,Discount Offer,Yes
67253,10-02-2025 05:59,Social Media,Winter Sale,No
14386,10-02-2025 11:10,Direct Traffic,-,No
70719,10-02-2025 04:39,Social Media,-,Yes
63471,11-02-2025 19:25,Referral,Retargeting,No
74032,11-02-2025 05:36,Direct Traffic,-,No
51813,10-02-2025 18:01,Email,Discount Offer,Yes
76806,11-02-2025 00:29,Display Ads,Retargeting,No
18981,11-02-2025 14:30,Social Media,Brand Awareness,Yes
58546,10-02-2025 03:37,Social Media,-,No
17133,10-02-2025 04:48,Social Media,Retargeting,No
94253,11-02-2025 01:04,Referral,Retargeting,No
39056,10-02-2025 20:25,Direct Traffic,-,Yes
55745,11-02-2025 09:02,Display Ads,Retargeting,No
84325,10-02-2025 18:00,Social Media,Winter Sale,Yes
44752,11-02-2025 00:22,Referral,New Product Launch,No
44062,10-02-2025 04:17,Social Media,-,Yes
88515,11-02-2025 07:11,Display Ads,Brand Awareness,No
83286,10-02-2025 17:55,Search Ads,Brand Awareness,Yes
37722,11-02-2025 17:15,Referral,Brand Awareness,Yes
79131,11-02-2025 13:00,Social Media,Winter Sale,No
90322,10-02-2025 22:41,Referral,New Product Launch,No
60881,10-02-2025 22:35,Search Ads,Winter Sale,Yes
70773,11-02-2025 01:22,Direct Traffic,-,Yes
36135,11-02-2025 00:31,Email,New Product Launch,Yes
30820,10-02-2025 23:00,Social Media,Discount Offer,No
75637,10-02-2025 13:26,Display Ads,New Product Launch,No
38252,10-02-2025 07:40,Email,Retargeting,No
47339,10-02-2025 08:29,Display Ads,Winter Sale,Yes
97087,11-02-2025 03:00,Email,New Product Launch,Yes
14398,10-02-2025 04:31,Direct Traffic,-,No
33255,11-02-2025 06:15,Direct Traffic,-,No
61905,11-02-2025 10:56,Referral,Discount Offer,No
74686,11-02-2025 00:46,Email,Retargeting,Yes
89412,11-02-2025 18:34,Search Ads,Discount Offer,No
45148,10-02-2025 07:17,Display Ads,New Product Launch,No
63620,10-02-2025 06:46,Direct Traffic,-,Yes
23958,11-02-2025 14:57,Referral,-,Yes
73141,10-02-2025 08:14,Direct Traffic,-,No
46667,10-02-2025 07:49,Search Ads,Retargeting,No
78831,10-02-2025 21:34,Social Media,New Product Launch,No
82125,10-02-2025 10:30,Direct Traffic,-,Yes
38457,11-02-2025 03:04,Referral,Brand Awareness,Yes
78830,11-02-2025 13:27,Display Ads,Winter Sale,Yes
16893,11-02-2025 22:33,Social Media,Discount Offer,Yes
44397,11-02-2025 20:06,Search Ads,Winter Sale,Yes
88938,10-02-2025 12:16,Referral,Brand Awareness,No
32402,10-02-2025 07:07,Direct Traffic,-,No
26291,11-02-2025 14:48,Direct Traffic,-,No
61578,11-02-2025 02:15,Email,New Product Launch,No
27347,10-02-2025 19:26,Social Media,Winter Sale,Yes
42285,11-02-2025 15:30,Display Ads,Brand Awareness,No
30443,11-02-2025 07:29,Search Ads,Discount Offer,No
28985,10-02-2025 13:40,Direct Traffic,-,Yes
83153,11-02-2025 16:10,Referral,Brand Awareness,No
64037,10-02-2025 06:35,Email,Retargeting,Yes
46768,11-02-2025 13:13,Search Ads,New Product Launch,Yes
57372,11-02-2025 12:51,Search Ads,New Product Launch,No
17863,11-02-2025 22:29,Direct Traffic,-,No
56219,10-02-2025 17:07,Direct Traffic,-,Yes
16248,11-02-2025 11:07,Direct Traffic,-,Yes
98738,10-02-2025 09:35,Search Ads,-,No
35324,11-02-2025 08:54,Social Media,Brand Awareness,Yes
66115,11-02-2025 03:26,Direct Traffic,-,No
31200,10-02-2025 04:47,Referral,-,Yes
35873,11-02-2025 17:13,Direct Traffic,-,Yes
52335,11-02-2025 06:40,Referral,Brand Awareness,Yes
69460,11-02-2025 08:40,Email,Discount Offer,Yes
68071,11-02-2025 21:44,Display Ads,-,No
59033,11-02-2025 05:20,Direct Traffic,-,No
15082,11-02-2025 15:50,Referral,New Product Launch,Yes
92334,10-02-2025 17:47,Display Ads,Discount Offer,Yes
61985,11-02-2025 09:13,Search Ads,Discount Offer,No
19262,10-02-2025 10:44,Referral,-,No
88728,11-02-2025 14:51,Email,Retargeting,No
23497,11-02-2025 09:21,Direct Traffic,-,No
28912,10-02-2025 11:48,Referral,New Product Launch,No
58258,10-02-2025 17:18,Social Media,Retargeting,Yes
23216,11-02-2025 03:14,Referral,Retargeting,Yes
56855,10-02-2025 07:25,Display Ads,-,No
34372,11-02-2025 20:02,Direct Traffic,-,Yes
75352,11-02-2025 15:39,Referral,Discount Offer,No
77230,11-02-2025 16:29,Direct Traffic,-,Yes
90359,10-02-2025 08:26,Display Ads,-,No
25362,11-02-2025 17:14,Direct Traffic,-,Yes
83785,11-02-2025 08:14,Referral,New Product Launch,Yes
36947,11-02-2025 02:52,Email,Winter Sale,No
39351,10-02-2025 05:55,Referral,New Product Launch,Yes
11416,11-02-2025 14:49,Email,Winter Sale,Yes
89467,11-02-2025 20:39,Display Ads,Discount Offer,No
57943,10-02-2025 03:21,Direct Traffic,-,Yes
30521,11-02-2025 12:25,Email,Retargeting,No
89239,11-02-2025 09:49,Search Ads,-,Yes
64703,10-02-2025 03:54,Search Ads,Brand Awareness,Yes
86042,11-02-2025 10:47,Display Ads,New Product Launch,No
70502,10-02-2025 21:23,Email,Discount Offer,Yes
76240,10-02-2025 05:45,Display Ads,Discount Offer,No
33345,10-02-2025 18:11,Display Ads,Brand Awareness,Yes
27814,11-02-2025 15:20,Social Media,-,Yes
11780,10-02-2025 17:29,Referral,-,No
24239,11-02-2025 19:44,Search Ads,Winter Sale,No
78262,11-02-2025 18:45,Direct Traffic,-,No
26097,10-02-2025 12:19,Social Media,Discount Offer,Yes
94028,10-02-2025 01:25,Display Ads,Retargeting,No
88258,10-02-2025 04:29,Search Ads,New Product Launch,No
35664,10-02-2025 06:41,Direct Traffic,-,Yes
24568,10-02-2025 18:00,Email,Retargeting,Yes
96688,10-02-2025 14:03,Direct Traffic,-,No
79883,10-02-2025 09:22,Referral,Winter Sale,Yes
68381,10-02-2025 18:09,Direct Traffic,-,Yes
30675,11-02-2025 17:23,Social Media,Retargeting,Yes
33999,10-02-2025 17:20,Direct Traffic,-,Yes
67935,10-02-2025 12:52,Referral,Discount Offer,No
21690,10-02-2025 20:25,Email,Brand Awareness,No
41969,10-02-2025 00:32,Social Media,-,No
47060,10-02-2025 09:34,Referral,Brand Awareness,Yes
36377,11-02-2025 08:32,Referral,-,Yes
23331,10-02-2025 04:45,Search Ads,Brand Awareness,No
89901,10-02-2025 02:29,Referral,New Product Launch,No
29238,10-02-2025 10:23,Search Ads,Winter Sale,No
20916,10-02-2025 16:22,Social Media,Discount Offer,No
46918,10-02-2025 04:24,Email,Retargeting,Yes
26648,11-02-2025 04:25,Display Ads,Brand Awareness,Yes
49847,10-02-2025 01:25,Social Media,Brand Awareness,Yes
35837,10-02-2025 16:50,Referral,Winter Sale,Yes
12509,11-02-2025 19:28,Email,Discount Offer,Yes
87245,10-02-2025 08:10,Social Media,Retargeting,Yes
12863,10-02-2025 07:30,Email,Winter Sale,Yes
13428,11-02-2025 13:47,Search Ads,-,No
79891,10-02-2025 05:52,Search Ads,Retargeting,Yes
30578,10-02-2025 13:20,Search Ads,Retargeting,Yes
34708,10-02-2025 02:43,Display Ads,Winter Sale,Yes
60684,11-02-2025 03:59,Display Ads,-,No
81406,10-02-2025 16:07,Search Ads,Retargeting,Yes
34833,10-02-2025 17:07,Referral,-,Yes
99018,10-02-2025 23:51,Social Media,Winter Sale,No
88316,11-02-2025 22:59,Search Ads,-,Yes
28481,10-02-2025 23:53,Social Media,Discount Offer,Yes
89174,11-02-2025 15:15,Search Ads,Retargeting,No
61537,10-02-2025 11:48,Email,Discount Offer,Yes
23449,11-02-2025 11:16,Search Ads,Brand Awareness,No
48654,11-02-2025 10:51,Referral,New Product Launch,No
37559,10-02-2025 11:58,Social Media,Retargeting,Yes
35789,11-02-2025 20:07,Direct Traffic,-,No
65832,11-02-2025 17:17,Direct Traffic,-,Yes
23589,11-02-2025 13:49,Search Ads,New Product Launch,Yes
61426,11-02-2025 06:56,Social Media,Discount Offer,No
33960,10-02-2025 00:19,Referral,New Product Launch,No
55767,10-02-2025 04:05,Display Ads,New Product Launch,Yes
31275,10-02-2025 19:05,Display Ads,Retargeting,Yes
44869,11-02-2025 22:58,Search Ads,Discount Offer,No
27944,10-02-2025 15:21,Search Ads,Brand Awareness,No
29734,10-02-2025 11:46,Email,Winter Sale,No
29773,10-02-2025 11:55,Social Media,Brand Awareness,Yes
82927,10-02-2025 03:35,Search Ads,-,No
26097,10-02-2025 00:39,Display Ads,Brand Awareness,Yes
25172,10-02-2025 13:52,Direct Traffic,-,No
26727,10-02-2025 16:47,Search Ads,Discount Offer,No
57079,11-02-2025 11:41,Display Ads,Discount Offer,Yes
99526,11-02-2025 00:53,Referral,New Product Launch,Yes
55176,11-02-2025 00:43,Social Media,-,Yes
30955,11-02-2025 00:04,Display Ads,Retargeting,Yes
53932,10-02-2025 09:53,Social Media,New Product Launch,No
60772,10-02-2025 23:29,Referral,Retargeting,Yes
12432,10-02-2025 15:54,Direct Traffic,-,No
46954,11-02-2025 00:52,Email,Discount Offer,Yes
66382,11-02-2025 00:29,Social Media,New Product Launch,No
39400,11-02-2025 02:58,Email,-,No
85722,11-02-2025 05:18,Email,Discount Offer,No
69761,11-02-2025 19:56,Email,-,No
40350,11-02-2025 00:20,Social Media,Discount Offer,No
62748,10-02-2025 17:32,Social Media,New Product Launch,Yes
90001,10-02-2025 11:28,Referral,Discount Offer,No
13035,11-02-2025 01:23,Search Ads,Retargeting,Yes
77681,11-02-2025 17:22,Search Ads,Winter Sale,Yes
84413,11-02-2025 09:52,Display Ads,Brand Awareness,No
61537,11-02-2025 23:22,Direct Traffic,-,No
32402,10-02-2025 09:06,Social Media,Winter Sale,No
81371,11-02-2025 08:10,Direct Traffic,-,No
72077,11-02-2025 16:19,Direct Traffic,-,Yes
17478,10-02-2025 20:35,Search Ads,Retargeting,Yes
58496,10-02-2025 04:41,Direct Traffic,-,Yes
17727,10-02-2025 00:45,Display Ads,Retargeting,No
71036,10-02-2025 06:49,Direct Traffic,-,Yes
72045,10-02-2025 16:20,Social Media,Brand Awareness,Yes
79863,11-02-2025 19:24,Direct Traffic,-,Yes
63473,10-02-2025 10:35,Display Ads,Discount Offer,Yes
79019,10-02-2025 13:19,Email,Discount Offer,Yes
46954,10-02-2025 04:45,Direct Traffic,-,No
67211,11-02-2025 15:15,Social Media,New Product Launch,No
38286,11-02-2025 11:44,Social Media,New Product Launch,No
60236,10-02-2025 13:12,Referral,Brand Awareness,Yes
31324,10-02-2025 15:39,Direct Traffic,-,No
86327,11-02-2025 23:18,Direct Traffic,-,Yes
73527,11-02-2025 19:29,Referral,Brand Awareness,No
32739,11-02-2025 05:23,Search Ads,-,Yes
86216,10-02-2025 02:58,Social Media,-,No
71292,11-02-2025 12:12,Social Media,New Product Launch,No
61426,10-02-2025 07:47,Referral,Brand Awareness,Yes
22863,11-02-2025 19:43,Direct Traffic,-,Yes
36175,11-02-2025 23:36,Display Ads,Winter Sale,No
98152,11-02-2025 18:06,Email,Retargeting,No
71753,11-02-2025 18:57,Search Ads,Winter Sale,No
53707,11-02-2025 18:59,Search Ads,Brand Awareness,Yes
31340,10-02-2025 10:48,Referral,New Product Launch,No
38226,11-02-2025 17:16,Social Media,Retargeting,Yes
67466,10-02-2025 15:46,Email,Retargeting,No
63781,11-02-2025 18:57,Display Ads,-,No
85426,10-02-2025 00:19,Email,Winter Sale,No
24956,10-02-2025 03:40,Social Media,-,Yes
33991,10-02-2025 23:45,Search Ads,Retargeting,Yes
44675,11-02-2025 15:22,Search Ads,Retargeting,Yes
26644,11-02-2025 23:41,Display Ads,Retargeting,Yes
80938,10-02-2025 02:09,Search Ads,New Product Launch,No
89412,11-02-2025 23:00,Search Ads,Discount Offer,No
96872,11-02-2025 19:21,Email,Winter Sale,No
74984,11-02-2025 22:01,Display Ads,Retargeting,No
80731,11-02-2025 22:59,Email,Retargeting,Yes
27470,11-02-2025 17:53,Search Ads,New Product Launch,Yes
35942,10-02-2025 13:28,Email,-,Yes
77992,11-02-2025 12:15,Search Ads,Discount Offer,No
67882,11-02-2025 21:52,Referral,Discount Offer,No
60856,10-02-2025 15:17,Social Media,New Product Launch,No
82050,10-02-2025 22:04,Referral,Discount Offer,Yes
52320,10-02-2025 23:34,Search Ads,Winter Sale,Yes
13364,10-02-2025 01:28,Display Ads,Brand Awareness,No
26109,10-02-2025 00:19,Display Ads,-,No
71078,10-02-2025 17:59,Social Media,Discount Offer,No
75802,11-02-2025 04:51,Referral,Brand Awareness,No
48867,11-02-2025 22:12,Search Ads,Retargeting,No
79268,11-02-2025 07:49,Direct Traffic,-,No
47735,10-02-2025 20:46,Social Media,Retargeting,No
23331,10-02-2025 23:37,Social Media,Winter Sale,Yes
29015,11-02-2025 14:56,Referral,Retargeting,Yes
73373,11-02-2025 16:16,Referral,Winter Sale,No
88061,10-02-2025 18:22,Referral,New Product Launch,No
56094,11-02-2025 18:12,Email,Discount Offer,No
67893,11-02-2025 07:10,Display Ads,Discount Offer,No
29809,10-02-2025 03:29,Referral,Discount Offer,Yes
82166,10-02-2025 06:56,Search Ads,Discount Offer,No
35789,10-02-2025 12:57,Search Ads,Discount Offer,Yes
31703,10-02-2025 02:47,Referral,Winter Sale,No
87245,11-02-2025 02:50,Direct Traffic,-,Yes
92025,11-02-2025 13:44,Email,Discount Offer,No
16893,11-02-2025 10:14,Referral,Brand Awareness,Yes
19184,11-02-2025 05:53,Social Media,Discount Offer,Yes
90969,11-02-2025 17:45,Email,New Product Launch,No
72842,10-02-2025 04:53,Referral,-,Yes
45892,11-02-2025 16:00,Social Media,Discount Offer,No
15978,11-02-2025 21:35,Display Ads,Brand Awareness,No
85419,11-02-2025 16:22,Display Ads,New Product Launch,Yes
33400,11-02-2025 00:56,Display Ads,-,No
54418,11-02-2025 13:06,Search Ads,Brand Awareness,No
92989,10-02-2025 17:36,Social Media,Discount Offer,Yes
46487,11-02-2025 10:44,Direct Traffic,-,Yes
15239,10-02-2025 21:06,Email,Discount Offer,Yes
34073,11-02-2025 06:25,Email,-,Yes
75470,10-02-2025 12:51,Email,Retargeting,Yes
41382,10-02-2025 15:47,Social Media,-,Yes
72122,11-02-2025 18:31,Email,Winter Sale,Yes
82427,11-02-2025 03:02,Social Media,-,No
59787,11-02-2025 12:45,Social Media,-,Yes
21690,11-02-2025 03:07,Display Ads,Discount Offer,No
72179,10-02-2025 11:42,Display Ads,Winter Sale,No
24256,10-02-2025 20:35,Display Ads,Winter Sale,Yes
49529,10-02-2025 19:50,Display Ads,Brand Awareness,Yes
88736,11-02-2025 17:40,Display Ads,Retargeting,Yes
39004,10-02-2025 18:29,Referral,Winter Sale,Yes
99149,10-02-2025 22:14,Referral,Discount Offer,No
66454,10-02-2025 21:17,Direct Traffic,-,Yes
67525,10-02-2025 13:39,Email,Retargeting,Yes
22931,11-02-2025 00:39,Email,Winter Sale,No
84828,10-02-2025 02:34,Display Ads,-,No
96933,11-02-2025 23:22,Social Media,-,No
92785,10-02-2025 02:31,Email,-,Yes
48330,11-02-2025 08:57,Referral,-,Yes
25544,10-02-2025 16:27,Direct Traffic,-,Yes
99526,11-02-2025 12:54,Social Media,Brand Awareness,Yes
48089,11-02-2025 17:25,Search Ads,New Product Launch,No
87939,11-02-2025 00:34,Display Ads,Discount Offer,Yes
21001,11-02-2025 06:09,Display Ads,Winter Sale,No
55446,10-02-2025 23:55,Search Ads,Discount Offer,No
84928,10-02-2025 10:10,Referral,Discount Offer,No
46210,10-02-2025 06:47,Direct Traffic,-,Yes
32663,11-02-2025 12:54,Email,Brand Awareness,No
69775,10-02-2025 06:41,Social Media,New Product Launch,Yes
91772,11-02-2025 06:38,Social Media,Discount Offer,Yes
43692,11-02-2025 10:12,Display Ads,Winter Sale,No
46179,10-02-2025 11:07,Display Ads,Discount Offer,No
52142,10-02-2025 02:45,Search Ads,Retargeting,Yes
91886,10-02-2025 01:03,Referral,Retargeting,No
87951,11-02-2025 09:25,Search Ads,New Product Launch,No
11790,11-02-2025 23:32,Email,-,Yes
31340,10-02-2025 21:45,Direct Traffic,-,No
72577,10-02-2025 18:06,Search Ads,Discount Offer,No
68632,10-02-2025 04:09,Referral,-,Yes
82505,10-02-2025 02:26,Direct Traffic,-,No
83991,10-02-2025 22:27,Email,Winter Sale,No
98627,10-02-2025 13:05,Referral,New Product Launch,No
50216,10-02-2025 20:01,Referral,Discount Offer,No
77286,10-02-2025 08:12,Direct Traffic,-,Yes
90409,11-02-2025 11:35,Referral,-,Yes
20990,10-02-2025 04:38,Referral,New Product Launch,No
60852,10-02-2025 09:16,Direct Traffic,-,Yes
56855,10-02-2025 09:16,Referral,Discount Offer,Yes
68649,11-02-2025 13:37,Direct Traffic,-,No
55355,10-02-2025 15:22,Email,New Product Launch,No
72118,11-02-2025 14:46,Email,Discount Offer,No
77286,11-02-2025 09:25,Social Media,Retargeting,Yes
24771,10-02-2025 17:12,Display Ads,New Product Launch,Yes
44994,11-02-2025 06:10,Referral,Discount Offer,Yes
78296,11-02-2025 04:29,Search Ads,New Product Launch,Yes
26664,10-02-2025 22:15,Direct Traffic,-,No
39460,10-02-2025 16:33,Social Media,New Product Launch,Yes
30664,11-02-2025 10:37,Social Media,New Product Launch,Yes
64665,10-02-2025 19:06,Social Media,New Product Launch,No
19454,11-02-2025 01:44,Search Ads,Winter Sale,Yes
75751,11-02-2025 22:44,Referral,Winter Sale,Yes
56666,11-02-2025 07:18,Email,-,No
49665,10-02-2025 00:50,Referral,Retargeting,No
73838,10-02-2025 11:01,Referral,New Product Launch,No
33077,11-02-2025 08:34,Direct Traffic,-,Yes
63095,11-02-2025 10:16,Email,Discount Offer,No
73311,10-02-2025 03:21,Direct Traffic,-,Yes
13186,11-02-2025 00:33,Referral,New Product Launch,No
26754,11-02-2025 11:01,Display Ads,-,No
80904,11-02-2025 06:13,Display Ads,Retargeting,No
17168,11-02-2025 00:46,Display Ads,Discount Offer,Yes
80731,10-02-2025 02:29,Display Ads,Retargeting,No
38491,11-02-2025 12:39,Email,New Product Launch,No
44038,11-02-2025 05:12,Search Ads,New Product Launch,Yes
40130,10-02-2025 10:11,Referral,Discount Offer,No
15025,11-02-2025 11:17,Referral,Discount Offer,Yes
49243,10-02-2025 19:20,Search Ads,Brand Awareness,Yes
10781,10-02-2025 15:32,Display Ads,Winter Sale,No
72612,11-02-2025 02:38,Display Ads,-,No
26770,11-02-2025 22:16,Social Media,New Product Launch,No
69433,10-02-2025 00:39,Social Media,New Product Launch,No
21401,11-02-2025 12:10,Social Media,New Product Launch,No
85022,11-02-2025 22:22,Direct Traffic,-,No
49207,10-02-2025 21:05,Email,-,No
99748,11-02-2025 08:00,Referral,Brand Awareness,No
53419,11-02-2025 20:14,Display Ads,Retargeting,No
37622,10-02-2025 12:07,Direct Traffic,-,No
77597,11-02-2025 10:57,Social Media,Discount Offer,Yes
86974,10-02-2025 00:02,Search Ads,Brand Awareness,Yes
55650,11-02-2025 10:58,Email,Discount Offer,Yes
85486,11-02-2025 22:44,Search Ads,Discount Offer,No
80769,11-02-2025 15:47,Social Media,Brand Awareness,Yes
49655,11-02-2025 10:28,Search Ads,Brand Awareness,Yes
73105,11-02-2025 13:20,Search Ads,New Product Launch,No
73023,10-02-2025 19:34,Email,Winter Sale,No
86856,11-02-2025 05:10,Referral,Winter Sale,Yes
96934,11-02-2025 12:46,Email,Discount Offer,No
41115,11-02-2025 09:33,Email,Brand Awareness,No
45340,11-02-2025 09:35,Referral,Retargeting,No
19507,10-02-2025 02:39,Search Ads,Winter Sale,Yes
52520,11-02-2025 11:05,Referral,New Product Launch,No
27778,11-02-2025 23:53,Display Ads,Brand Awareness,No
29837,11-02-2025 06:44,Email,Retargeting,No
48298,11-02-2025 23:23,Direct Traffic,-,Yes
90700,10-02-2025 17:12,Display Ads,New Product Launch,Yes
52397,11-02-2025 20:33,Email,Discount Offer,No
63496,11-02-2025 06:53,Email,Winter Sale,Yes
86112,11-02-2025 06:18,Referral,New Product Launch,No
91641,10-02-2025 12:59,Email,New Product Launch,Yes
20853,10-02-2025 05:50,Direct Traffic,-,No
26253,10-02-2025 02:06,Referral,Brand Awareness,Yes
55446,10-02-2025 02:43,Social Media,Winter Sale,Yes
84693,11-02-2025 22:52,Display Ads,Discount Offer,Yes
62564,11-02-2025 05:18,Search Ads,-,No
44038,11-02-2025 11:42,Search Ads,Winter Sale,No
81190,10-02-2025 18:23,Direct Traffic,-,No
34263,11-02-2025 17:03,Email,Retargeting,Yes
21445,11-02-2025 03:30,Social Media,Retargeting,Yes
38578,11-02-2025 20:19,Search Ads,-,No
78381,10-02-2025 03:47,Display Ads,Brand Awareness,No
86539,11-02-2025 01:23,Display Ads,New Product Launch,No
37591,11-02-2025 18:13,Search Ads,New Product Launch,Yes
25441,11-02-2025 14:06,Email,Brand Awareness,Yes
36044,10-02-2025 16:31,Direct Traffic,-,No
43603,11-02-2025 18:42,Display Ads,Retargeting,No
37332,10-02-2025 14:21,Search Ads,Winter Sale,No
86327,11-02-2025 01:12,Referral,Winter Sale,Yes
28400,10-02-2025 10:41,Direct Traffic,-,Yes
33497,11-02-2025 05:52,Social Media,Winter Sale,No
53419,10-02-2025 11:54,Display Ads,-,Yes
23202,10-02-2025 23:38,Display Ads,-,No
73006,10-02-2025 14:12,Referral,Discount Offer,Yes
10685,10-02-2025 07:03,Referral,Brand Awareness,No
66758,11-02-2025 14:22,Social Media,New Product Launch,No
10414,11-02-2025 06:40,Referral,Brand Awareness,No
16916,11-02-2025 22:02,Direct Traffic,-,No
47735,11-02-2025 03:45,Direct Traffic,-,Yes
81316,11-02-2025 13:56,Display Ads,Brand Awareness,Yes
11835,10-02-2025 00:51,Referral,Brand Awareness,Yes
27726,11-02-2025 20:22,Direct Traffic,-,No
88316,10-02-2025 06:01,Referral,Discount Offer,No
30588,10-02-2025 05:58,Referral,Discount Offer,Yes
13230,10-02-2025 13:55,Email,Winter Sale,Yes
97899,11-02-2025 21:10,Display Ads,Retargeting,Yes
10062,11-02-2025 21:10,Email,Brand Awareness,Yes
93973,10-02-2025 17:07,Referral,-,Yes
79493,11-02-2025 03:00,Email,-,No
18441,11-02-2025 02:13,Direct Traffic,-,No
10690,10-02-2025 07:40,Display Ads,Discount Offer,Yes
69217,11-02-2025 14:52,Email,Discount Offer,No
64436,10-02-2025 23:59,Direct Traffic,-,Yes
96542,11-02-2025 13:38,Email,-,No
88885,10-02-2025 22:50,Referral,-,Yes
11453,11-02-2025 23:35,Search Ads,Winter Sale,Yes
98310,11-02-2025 19:15,Email,Winter Sale,No
67155,11-02-2025 23:40,Referral,Winter Sale,Yes
80604,10-02-2025 03:26,Social Media,Winter Sale,No
90444,10-02-2025 04:37,Referral,Winter Sale,No
58884,10-02-2025 00:18,Referral,Retargeting,No
10668,11-02-2025 13:34,Search Ads,New Product Launch,Yes
61063,10-02-2025 15:27,Email,Brand Awareness,No
45476,10-02-2025 19:53,Referral,New Product Launch,Yes
98881,10-02-2025 17:20,Social Media,New Product Launch,No
25104,11-02-2025 17:02,Direct Traffic,-,Yes
36355,11-02-2025 20:32,Referral,Discount Offer,No
91418,11-02-2025 19:50,Social Media,New Product Launch,No
55983,10-02-2025 08:00,Email,Discount Offer,Yes
83881,10-02-2025 05:09,Referral,Winter Sale,Yes
52520,10-02-2025 14:15,Social Media,-,No
41148,11-02-2025 09:17,Email,New Product Launch,Yes
53220,10-02-2025 12:18,Display Ads,Retargeting,No
10317,10-02-2025 01:16,Email,Discount Offer,No
62979,10-02-2025 02:11,Email,-,No
82557,11-02-2025 21:47,Referral,-,Yes
38822,10-02-2025 07:44,Email,Retargeting,Yes
85902,11-02-2025 00:42,Display Ads,Brand Awareness,Yes
65453,11-02-2025 19:48,Social Media,Retargeting,Yes
42905,10-02-2025 18:34,Direct Traffic,-,Yes
17863,10-02-2025 08:21,Direct Traffic,-,No
16248,10-02-2025 16:30,Direct Traffic,-,Yes
29877,10-02-2025 12:32,Referral,Brand Awareness,No
90546,10-02-2025 21:31,Referral,Brand Awareness,No
63685,11-02-2025 20:03,Display Ads,Winter Sale,No
70237,11-02-2025 13:56,Direct Traffic,-,No
93271,11-02-2025 00:17,Referral,Winter Sale,Yes
43623,11-02-2025 22:48,Search Ads,Brand Awareness,Yes
65626,11-02-2025 18:57,Social Media,Discount Offer,Yes
30989,11-02-2025 05:45,Display Ads,Winter Sale,Yes
56480,10-02-2025 13:32,Search Ads,Retargeting,Yes
79304,10-02-2025 21:38,Direct Traffic,-,No
47509,11-02-2025 09:48,Referral,-,No
87851,10-02-2025 00:28,Social Media,Retargeting,Yes
73216,11-02-2025 23:54,Referral,New Product Launch,No
93942,10-02-2025 02:24,Direct Traffic,-,Yes
32828,10-02-2025 11:48,Referral,Discount Offer,No
34498,11-02-2025 20:12,Email,Brand Awareness,Yes
60477,11-02-2025 11:41,Social Media,Brand Awareness,No
77098,10-02-2025 22:08,Direct Traffic,-,Yes
54351,11-02-2025 14:28,Display Ads,New Product Launch,Yes
76541,11-02-2025 09:23,Email,Winter Sale,Yes
92370,10-02-2025 17:38,Referral,Winter Sale,Yes
65207,11-02-2025 05:57,Email,Winter Sale,Yes
28385,11-02-2025 14:06,Email,Winter Sale,Yes
53526,10-02-2025 06:07,Search Ads,-,No
40381,11-02-2025 15:13,Referral,Discount Offer,No
79162,11-02-2025 22:25,Display Ads,Discount Offer,No
48850,11-02-2025 03:03,Direct Traffic,-,No
92921,11-02-2025 02:46,Search Ads,New Product Launch,Yes
19388,11-02-2025 11:53,Social Media,New Product Launch,Yes
93989,10-02-2025 15:14,Search Ads,Winter Sale,Yes
11209,10-02-2025 22:18,Direct Traffic,-,No
38491,11-02-2025 15:22,Email,Winter Sale,Yes
42429,11-02-2025 13:57,Search Ads,Brand Awareness,No
63274,11-02-2025 05:55,Social Media,Discount Offer,No
19350,10-02-2025 09:39,Social Media,-,Yes
41463,10-02-2025 16:25,Search Ads,Brand Awareness,Yes
42970,11-02-2025 11:08,Email,New Product Launch,Yes
11917,10-02-2025 08:04,Search Ads,Retargeting,Yes
71911,10-02-2025 09:46,Direct Traffic,-,No
23839,11-02-2025 18:06,Search Ads,Winter Sale,No
11914,10-02-2025 20:30,Email,Discount Offer,Yes
99746,11-02-2025 16:21,Email,-,Yes
21484,10-02-2025 01:55,Email,Discount Offer,No
23497,11-02-2025 17:26,Direct Traffic,-,No
93708,11-02-2025 17:32,Direct Traffic,-,Yes
67860,11-02-2025 11:02,Social Media,Discount Offer,No
59480,11-02-2025 07:30,Email,Discount Offer,No
92555,10-02-2025 21:18,Email,Winter Sale,Yes
31134,11-02-2025 18:16,Direct Traffic,-,No
88142,11-02-2025 02:45,Social Media,New Product Launch,Yes
36840,11-02-2025 11:02,Social Media,Brand Awareness,No
67860,10-02-2025 07:13,Display Ads,Discount Offer,No
91876,10-02-2025 13:15,Search Ads,Brand Awareness,No
39056,10-02-2025 07:17,Search Ads,Retargeting,No
10442,11-02-2025 00:26,Search Ads,New Product Launch,No
91357,10-02-2025 02:36,Email,Brand Awareness,Yes
44675,11-02-2025 03:39,Search Ads,-,Yes
31185,11-02-2025 13:54,Display Ads,-,No
37380,11-02-2025 08:06,Referral,-,Yes
92346,11-02-2025 19:35,Direct Traffic,-,No
45892,11-02-2025 22:08,Social Media,Retargeting,Yes
36731,10-02-2025 10:35,Email,Discount Offer,Yes
18955,11-02-2025 16:27,Referral,Retargeting,No
51057,10-02-2025 23:09,Search Ads,New Product Launch,Yes
47735,10-02-2025 07:08,Display Ads,Discount Offer,Yes
54418,11-02-2025 15:32,Referral,Brand Awareness,No
81855,11-02-2025 03:56,Search Ads,Retargeting,No
52274,10-02-2025 08:42,Email,Discount Offer,Yes
43175,11-02-2025 18:41,Email,Winter Sale,Yes
13872,10-02-2025 06:34,Search Ads,Brand Awareness,No
94253,11-02-2025 18:36,Email,-,No
16083,11-02-2025 16:32,Email,Brand Awareness,Yes
67935,10-02-2025 21:12,Social Media,Winter Sale,No
54005,10-02-2025 03:08,Email,New Product Launch,No
24810,10-02-2025 09:58,Social Media,Winter Sale,Yes
11233,11-02-2025 10:16,Referral,New Product Launch,No
82505,11-02-2025 00:01,Display Ads,New Product Launch,No
10068,10-02-2025 07:07,Search Ads,-,Yes
94816,11-02-2025 12:28,Search Ads,-,Yes
26541,11-02-2025 10:57,Email,New Product Launch,No
42501,10-02-2025 06:30,Display Ads,-,No
70850,11-02-2025 23:21,Direct Traffic,-,No
22861,11-02-2025 08:24,Display Ads,Brand Awareness,Yes
21757,10-02-2025 15:31,Search Ads,New Product Launch,Yes
55983,10-02-2025 11:48,Social Media,New Product Launch,No
54877,11-02-2025 19:32,Search Ads,Discount Offer,No
64713,10-02-2025 01:50,Direct Traffic,-,No
85419,10-02-2025 15:23,Search Ads,Discount Offer,No
46055,10-02-2025 21:27,Search Ads,Winter Sale,No
27571,11-02-2025 02:32,Referral,Winter Sale,No
40368,11-02-2025 10:52,Email,Retargeting,Yes
49647,11-02-2025 05:03,Email,Winter Sale,No
55650,11-02-2025 00:23,Email,-,No
89367,10-02-2025 18:43,Email,Brand Awareness,No
86443,11-02-2025 19:05,Direct Traffic,-,Yes
95772,10-02-2025 03:29,Referral,Retargeting,Yes
31200,10-02-2025 09:09,Search Ads,Discount Offer,Yes
41964,11-02-2025 09:20,Display Ads,Winter Sale,No
32739,10-02-2025 17:00,Social Media,Winter Sale,Yes
65082,10-02-2025 07:35,Referral,-,Yes
96007,10-02-2025 15:49,Direct Traffic,-,No
93964,11-02-2025 19:30,Referral,-,Yes
58128,10-02-2025 10:59,Direct Traffic,-,Yes
41389,11-02-2025 20:06,Direct Traffic,-,No
89174,11-02-2025 03:03,Referral,Discount Offer,No
30447,10-02-2025 08:21,Social Media,Discount Offer,No
90635,10-02-2025 17:01,Display Ads,-,Yes
77681,10-02-2025 02:50,Display Ads,New Product Launch,Yes
30460,11-02-2025 14:01,Display Ads,New Product Launch,Yes
83149,10-02-2025 02:11,Referral,New Product Launch,No
68751,11-02-2025 04:24,Display Ads,Discount Offer,No
70697,11-02-2025 20:30,Display Ads,Discount Offer,Yes
34310,11-02-2025 15:37,Direct Traffic,-,Yes
98295,11-02-2025 12:22,Social Media,Retargeting,Yes
33499,11-02-2025 22:55,Search Ads,Discount Offer,No
98014,10-02-2025 23:47,Direct Traffic,-,Yes
36947,10-02-2025 07:38,Social Media,New Product Launch,No
26521,11-02-2025 16:10,Direct Traffic,-,Yes
60852,11-02-2025 22:28,Search Ads,Discount Offer,No
72612,10-02-2025 21:17,Direct Traffic,-,Yes
70502,10-02-2025 17:07,Email,New Product Launch,No
73055,11-02-2025 04:47,Email,Brand Awareness,No
12863,11-02-2025 03:03,Search Ads,New Product Launch,No
29709,11-02-2025 03:48,Search Ads,New Product Launch,Yes
59251,11-02-2025 15:18,Search Ads,New Product Launch,No
15025,10-02-2025 04:07,Display Ads,Brand Awareness,No
15978,11-02-2025 00:05,Email,Winter Sale,Yes
46221,10-02-2025 17:10,Social Media,-,No
52397,11-02-2025 11:26,Search Ads,Brand Awareness,No
58957,11-02-2025 15:24,Email,-,Yes
56553,10-02-2025 00:45,Referral,Discount Offer,Yes
30845,11-02-2025 02:07,Referral,New Product Launch,Yes
64157,11-02-2025 06:17,Referral,Retargeting,Yes
30845,10-02-2025 22:35,Display Ads,Brand Awareness,Yes
97756,10-02-2025 17:44,Direct Traffic,-,Yes
27371,11-02-2025 01:51,Social Media,New Product Launch,No
26021,10-02-2025 11:23,Direct Traffic,-,No
86216,10-02-2025 05:19,Email,Brand Awareness,Yes
48404,11-02-2025 12:46,Social Media,Discount Offer,No
70502,10-02-2025 10:43,Direct Traffic,-,Yes
17598,10-02-2025 20:45,Display Ads,-,No
35619,11-02-2025 17:13,Social Media,Brand Awareness,No
11686,10-02-2025 02:12,Email,Winter Sale,No
25150,11-02-2025 20:21,Direct Traffic,-,No
13864,11-02-2025 04:25,Direct Traffic,-,No
61655,10-02-2025 17:12,Direct Traffic,-,Yes
31581,11-02-2025 00:24,Search Ads,Discount Offer,No
60772,10-02-2025 14:53,Email,Retargeting,Yes
85419,11-02-2025 04:27,Direct Traffic,-,Yes
87025,10-02-2025 13:53,Social Media,Winter Sale,Yes
73487,10-02-2025 23:04,Direct Traffic,-,No
68751,11-02-2025 11:57,Referral,Brand Awareness,No
94722,10-02-2025 13:23,Referral,Brand Awareness,Yes
37186,11-02-2025 12:18,Display Ads,Winter Sale,No
90213,10-02-2025 15:11,Social Media,Discount Offer,Yes
61514,11-02-2025 08:38,Email,Brand Awareness,Yes
20111,10-02-2025 10:21,Referral,Winter Sale,No
79404,10-02-2025 00:36,Social Media,Winter Sale,Yes
13184,10-02-2025 15:08,Display Ads,Winter Sale,No
26109,11-02-2025 16:33,Social Media,Winter Sale,Yes
61947,10-02-2025 11:32,Search Ads,Brand Awareness,No
51785,11-02-2025 23:27,Direct Traffic,-,No
85682,11-02-2025 06:19,Social Media,Retargeting,Yes
23839,10-02-2025 13:13,Social Media,Retargeting,No
16536,10-02-2025 07:19,Search Ads,-,Yes
45202,10-02-2025 01:04,Direct Traffic,-,Yes
86112,11-02-2025 15:41,Display Ads,New Product Launch,Yes
42914,10-02-2025 22:44,Referral,Discount Offer,Yes
85046,10-02-2025 04:51,Display Ads,Brand Awareness,Yes
24014,10-02-2025 03:10,Search Ads,-,No
30955,10-02-2025 23:02,Social Media,Retargeting,Yes
69737,11-02-2025 02:14,Referral,New Product Launch,No
45340,11-02-2025 15:49,Referral,New Product Launch,No
91449,10-02-2025 22:15,Display Ads,Winter Sale,No
93476,10-02-2025 09:36,Social Media,Discount Offer,Yes
38286,11-02-2025 23:56,Search Ads,New Product Launch,Yes
93764,11-02-2025 17:31,Email,New Product Launch,Yes
42580,10-02-2025 04:42,Social Media,Brand Awareness,No
72819,10-02-2025 13:25,Social Media,-,No
56987,10-02-2025 20:58,Referral,New Product Launch,Yes
79602,11-02-2025 04:45,Search Ads,Retargeting,No
15277,10-02-2025 03:27,Search Ads,Retargeting,No
27344,10-02-2025 17:05,Display Ads,Retargeting,No
64742,10-02-2025 21:21,Referral,Retargeting,Yes
88521,10-02-2025 23:54,Search Ads,Brand Awareness,No
19507,10-02-2025 18:58,Referral,New Product Launch,Yes
33190,11-02-2025 23:06,Search Ads,Winter Sale,Yes
80259,11-02-2025 21:47,Email,Winter Sale,No
30651,11-02-2025 07:49,Referral,-,No
70222,10-02-2025 20:23,Referral,Retargeting,No
28751,10-02-2025 01:43,Social Media,Retargeting,No
80938,11-02-2025 08:06,Social Media,New Product Launch,Yes
52320,10-02-2025 15:24,Referral,Winter Sale,No
62564,11-02-2025 20:45,Email,New Product Launch,No
68632,10-02-2025 12:35,Referral,Brand Awareness,Yes
10654,11-02-2025 19:49,Display Ads,Discount Offer,Yes
46954,10-02-2025 22:39,Referral,Winter Sale,Yes
86706,10-02-2025 02:45,Search Ads,-,No
29461,10-02-2025 01:08,Referral,Winter Sale,No
78712,11-02-2025 23:09,Search Ads,Retargeting,No
41174,10-02-2025 07:49,Referral,Winter Sale,Yes
26693,10-02-2025 15:40,Display Ads,Retargeting,No
30274,11-02-2025 15:11,Display Ads,Brand Awareness,No
21595,11-02-2025 02:18,Social Media,New Product Launch,No
52408,10-02-2025 15:23,Search Ads,Retargeting,No
40937,10-02-2025 06:23,Social Media,New Product Launch,No
96007,10-02-2025 22:47,Referral,-,No
18845,11-02-2025 22:19,Social Media,-,Yes
98788,11-02-2025 20:10,Display Ads,Discount Offer,No
93576,10-02-2025 18:47,Direct Traffic,-,No
62494,10-02-2025 06:10,Referral,Retargeting,No
27571,11-02-2025 08:52,Search Ads,Discount Offer,No
37591,10-02-2025 13:25,Referral,Brand Awareness,Yes
41874,10-02-2025 04:09,Search Ads,-,Yes
85426,11-02-2025 23:19,Referral,Retargeting,No
45845,10-02-2025 20:04,Search Ads,New Product Launch,Yes
28918,10-02-2025 01:28,Direct Traffic,-,No
96656,11-02-2025 04:58,Social Media,Winter Sale,No
28505,10-02-2025 09:16,Email,-,Yes
62101,11-02-2025 16:40,Email,Discount Offer,Yes
54821,10-02-2025 15:29,Display Ads,-,Yes
22385,11-02-2025 19:13,Referral,Discount Offer,No
35661,11-02-2025 05:48,Search Ads,Discount Offer,No
89813,10-02-2025 07:54,Display Ads,Retargeting,Yes
54821,11-02-2025 11:08,Display Ads,Retargeting,Yes
43883,11-02-2025 02:48,Display Ads,Winter Sale,Yes
42905,10-02-2025 01:31,Search Ads,New Product Launch,Yes
98079,11-02-2025 05:54,Search Ads,Discount Offer,No
60799,11-02-2025 01:04,Email,Winter Sale,Yes
27666,10-02-2025 13:54,Search Ads,New Product Launch,No
74549,10-02-2025 12:32,Search Ads,Retargeting,Yes
61146,10-02-2025 16:39,Email,-,No
33499,11-02-2025 13:15,Display Ads,Discount Offer,Yes
96124,11-02-2025 18:28,Search Ads,Retargeting,Yes
90897,11-02-2025 06:45,Email,Winter Sale,No
34192,10-02-2025 16:18,Search Ads,Brand Awareness,Yes
60844,11-02-2025 17:13,Display Ads,Brand Awareness,No
55983,11-02-2025 15:49,Direct Traffic,-,No
92989,10-02-2025 10:58,Search Ads,Brand Awareness,Yes
93811,11-02-2025 12:22,Search Ads,Brand Awareness,No
91360,11-02-2025 12:10,Email,Retargeting,Yes
90001,11-02-2025 02:46,Display Ads,-,No
18582,11-02-2025 00:27,Display Ads,Winter Sale,Yes
68610,10-02-2025 13:21,Search Ads,Brand Awareness,Yes
18490,10-02-2025 00:05,Search Ads,Retargeting,No
17702,11-02-2025 04:49,Referral,Retargeting,No
83993,10-02-2025 23:50,Display Ads,-,No
28919,11-02-2025 04:35,Email,-,No
36500,11-02-2025 16:35,Display Ads,-,Yes
18582,11-02-2025 21:50,Referral,-,No
60477,11-02-2025 01:16,Email,Brand Awareness,No
61504,10-02-2025 19:07,Search Ads,Winter Sale,Yes
64781,11-02-2025 10:56,Email,-,No
51018,11-02-2025 02:16,Direct Traffic,-,No
14398,10-02-2025 04:58,Direct Traffic,-,Yes
51237,11-02-2025 22:01,Email,Discount Offer,No
80298,10-02-2025 22:46,Direct Traffic,-,Yes
99147,11-02-2025 10:49,Social Media,Discount Offer,No
46988,10-02-2025 06:10,Search Ads,Winter Sale,Yes
52520,10-02-2025 05:33,Social Media,Discount Offer,No
89180,11-02-2025 14:19,Display Ads,-,No
42360,11-02-2025 23:30,Display Ads,New Product Launch,Yes
77286,10-02-2025 22:03,Search Ads,Discount Offer,Yes
34310,11-02-2025 08:55,Direct Traffic,-,No
27556,11-02-2025 21:27,Display Ads,-,Yes
63192,10-02-2025 08:39,Search Ads,Discount Offer,Yes
75557,11-02-2025 21:15,Direct Traffic,-,No
55513,10-02-2025 07:14,Direct Traffic,-,No
88818,11-02-2025 21:33,Direct Traffic,-,Yes
99794,11-02-2025 23:19,Display Ads,Winter Sale,Yes
10317,10-02-2025 08:17,Social Media,-,Yes
63323,11-02-2025 03:44,Referral,-,Yes
63505,10-02-2025 07:29,Search Ads,Brand Awareness,Yes
17715,10-02-2025 18:10,Search Ads,Winter Sale,Yes
62697,10-02-2025 02:37,Display Ads,Winter Sale,Yes
37055,11-02-2025 08:30,Social Media,Discount Offer,No
21824,10-02-2025 04:46,Direct Traffic,-,No
86216,11-02-2025 21:39,Social Media,-,No
25229,10-02-2025 06:39,Search Ads,-,No
24161,10-02-2025 19:39,Referral,Discount Offer,No
52408,10-02-2025 02:08,Direct Traffic,-,No
93007,10-02-2025 05:21,Referral,Discount Offer,No
53151,11-02-2025 05:45,Referral,Winter Sale,No
75473,10-02-2025 01:40,Display Ads,Discount Offer,No
29844,11-02-2025 03:06,Email,Discount Offer,No
82038,10-02-2025 22:20,Direct Traffic,-,No
26511,11-02-2025 10:18,Display Ads,-,Yes
77968,10-02-2025 08:52,Social Media,-,No
90897,11-02-2025 12:47,Display Ads,Winter Sale,No
74884,11-02-2025 15:39,Referral,Retargeting,Yes
71460,10-02-2025 13:21,Search Ads,New Product Launch,No
41377,11-02-2025 19:29,Display Ads,Brand Awareness,Yes
95303,11-02-2025 16:10,Email,Retargeting,No
28511,10-02-2025 03:44,Email,Retargeting,No
84567,11-02-2025 18:12,Email,Brand Awareness,No
22863,11-02-2025 19:51,Email,Brand Awareness,No
79796,11-02-2025 08:23,Email,Discount Offer,Yes
12275,10-02-2025 08:39,Direct Traffic,-,No
21584,10-02-2025 00:43,Direct Traffic,-,No
79602,11-02-2025 10:05,Email,Discount Offer,No
46179,10-02-2025 00:29,Social Media,Discount Offer,No
63620,10-02-2025 13:08,Email,Winter Sale,Yes
33979,10-02-2025 17:17,Referral,Retargeting,No
93576,10-02-2025 16:11,Direct Traffic,-,Yes
34672,11-02-2025 13:59,Referral,New Product Launch,No
80549,10-02-2025 16:05,Referral,Brand Awareness,Yes
10202,10-02-2025 10:05,Display Ads,New Product Launch,Yes
80551,11-02-2025 07:40,Referral,Retargeting,No
29809,11-02-2025 06:55,Search Ads,Retargeting,Yes
40597,10-02-2025 11:47,Referral,Retargeting,No
91449,10-02-2025 19:35,Search Ads,-,No
35337,11-02-2025 09:38,Referral,New Product Launch,No
85459,11-02-2025 08:49,Email,New Product Launch,Yes
82764,10-02-2025 17:27,Email,Brand Awareness,No
56363,11-02-2025 00:09,Email,Retargeting,No
47566,10-02-2025 10:09,Display Ads,Retargeting,No
56452,11-02-2025 14:00,Direct Traffic,-,Yes
56075,10-02-2025 23:31,Search Ads,Retargeting,No
79268,10-02-2025 23:01,Referral,Winter Sale,Yes
51223,11-02-2025 06:26,Social Media,Retargeting,Yes
77231,11-02-2025 09:46,Search Ads,Winter Sale,No
23486,10-02-2025 18:27,Search Ads,Brand Awareness,Yes
79207,11-02-2025 05:08,Referral,-,Yes
46221,11-02-2025 17:22,Referral,Brand Awareness,No
79408,10-02-2025 18:36,Display Ads,New Product Launch,Yes
43398,11-02-2025 07:51,Direct Traffic,-,No
52397,11-02-2025 23:05,Referral,Discount Offer,No
22684,10-02-2025 03:02,Direct Traffic,-,Yes
56968,10-02-2025 07:53,Direct Traffic,-,No
86974,10-02-2025 07:15,Direct Traffic,-,Yes
92565,10-02-2025 06:03,Search Ads,New Product Launch,Yes
92565,11-02-2025 08:51,Direct Traffic,-,Yes
76040,11-02-2025 02:58,Referral,New Product Launch,No
67074,11-02-2025 03:51,Search Ads,-,Yes
26824,11-02-2025 07:32,Email,Discount Offer,No
94024,10-02-2025 06:10,Direct Traffic,-,Yes
64541,10-02-2025 01:28,Social Media,-,No
99627,10-02-2025 07:09,Search Ads,Discount Offer,No
62035,10-02-2025 23:13,Direct Traffic,-,No
25085,11-02-2025 21:17,Email,Retargeting,No
74300,11-02-2025 15:56,Display Ads,Discount Offer,Yes
33345,10-02-2025 19:49,Social Media,-,No
87951,10-02-2025 16:28,Search Ads,Discount Offer,Yes
92043,10-02-2025 05:20,Referral,New Product Launch,Yes
41612,11-02-2025 20:35,Referral,-,No
67860,10-02-2025 10:19,Display Ads,Brand Awareness,Yes
49789,10-02-2025 16:47,Display Ads,Discount Offer,No
18622,11-02-2025 20:21,Email,-,No
28587,10-02-2025 22:07,Referral,Discount Offer,No
44303,11-02-2025 12:52,Email,-,Yes
71979,11-02-2025 04:01,Search Ads,Retargeting,Yes
72929,11-02-2025 11:58,Social Media,Brand Awareness,Yes
12217,10-02-2025 04:04,Email,New Product Launch,Yes
50453,11-02-2025 17:51,Email,Retargeting,No
29505,11-02-2025 17:58,Search Ads,Retargeting,Yes
91612,10-02-2025 16:24,Email,-,No
85422,10-02-2025 12:08,Search Ads,-,Yes
96900,10-02-2025 00:16,Referral,New Product Launch,Yes
70094,11-02-2025 05:41,Social Media,Winter Sale,No
30987,10-02-2025 07:24,Email,New Product Launch,Yes
56476,11-02-2025 07:00,Social Media,Retargeting,Yes
31679,10-02-2025 10:34,Direct Traffic,-,No
21788,11-02-2025 13:04,Email,Brand Awareness,Yes
40517,10-02-2025 10:44,Display Ads,Discount Offer,No
62061,11-02-2025 23:54,Referral,Retargeting,Yes
62905,10-02-2025 17:13,Display Ads,-,Yes
22280,11-02-2025 13:50,Search Ads,Discount Offer,Yes
46954,11-02-2025 10:03,Email,New Product Launch,Yes
91685,10-02-2025 10:04,Referral,Winter Sale,No
65195,11-02-2025 21:39,Direct Traffic,-,No
37474,10-02-2025 01:19,Display Ads,Brand Awareness,No
17727,11-02-2025 18:47,Social Media,-,Yes
37903,10-02-2025 21:05,Direct Traffic,-,No
71979,11-02-2025 08:36,Referral,Winter Sale,No
75328,11-02-2025 22:29,Display Ads,Winter Sale,Yes
83481,11-02-2025 11:46,Direct Traffic,-,No
79304,10-02-2025 03:06,Direct Traffic,-,No
67074,10-02-2025 07:14,Referral,New Product Launch,No
46977,11-02-2025 03:53,Search Ads,New Product Launch,No
71026,10-02-2025 15:16,Referral,-,No
15418,11-02-2025 16:42,Direct Traffic,-,Yes
95745,10-02-2025 12:21,Referral,Winter Sale,Yes
54044,10-02-2025 09:04,Direct Traffic,-,No
52113,10-02-2025 01:32,Display Ads,Brand Awareness,No
45758,10-02-2025 01:44,Search Ads,Retargeting,Yes
76303,11-02-2025 11:34,Search Ads,Retargeting,Yes
53582,10-02-2025 06:18,Referral,New Product Launch,No
17634,11-02-2025 04:58,Direct Traffic,-,No
51554,10-02-2025 03:26,Email,Retargeting,No
86014,10-02-2025 17:12,Social Media,Discount Offer,Yes
28729,10-02-2025 01:51,Email,-,No
34073,11-02-2025 12:52,Display Ads,New Product Launch,No
80602,11-02-2025 12:27,Display Ads,Discount Offer,No
13775,10-02-2025 11:41,Direct Traffic,-,Yes
70237,11-02-2025 15:36,Search Ads,Brand Awareness,Yes
56993,11-02-2025 03:42,Display Ads,Brand Awareness,Yes
65708,10-02-2025 11:10,Social Media,Retargeting,No
43759,11-02-2025 17:07,Display Ads,New Product Launch,No
83881,11-02-2025 17:55,Email,Discount Offer,Yes
25254,11-02-2025 06:45,Referral,Retargeting,Yes
25403,11-02-2025 00:32,Direct Traffic,-,Yes
76645,11-02-2025 17:10,Email,Winter Sale,No
53636,10-02-2025 07:19,Referral,New Product Launch,No
73527,11-02-2025 00:48,Referral,-,No
69904,10-02-2025 02:01,Direct Traffic,-,No
47785,10-02-2025 15:05,Email,Brand Awareness,No
19328,11-02-2025 20:50,Search Ads,New Product Launch,Yes
69737,10-02-2025 20:17,Social Media,Discount Offer,Yes
56007,10-02-2025 09:13,Display Ads,Discount Offer,Yes
36135,10-02-2025 14:35,Referral,Retargeting,Yes
44535,11-02-2025 17:34,Search Ads,New Product Launch,Yes
17611,11-02-2025 19:52,Search Ads,Brand Awareness,Yes
94607,11-02-2025 04:32,Display Ads,Brand Awareness,No
32883,10-02-2025 23:24,Display Ads,-,No
91512,10-02-2025 19:31,Email,New Product Launch,Yes
94028,11-02-2025 09:42,Search Ads,Winter Sale,No
73023,10-02-2025 13:23,Social Media,-,No
93476,10-02-2025 04:35,Display Ads,-,No
72244,11-02-2025 03:22,Email,Discount Offer,Yes
69761,10-02-2025 18:55,Referral,Winter Sale,Yes
86327,10-02-2025 07:49,Social Media,Brand Awareness,No
16561,10-02-2025 04:29,Social Media,Discount Offer,No
76328,10-02-2025 07:06,Social Media,-,Yes
76328,11-02-2025 16:36,Email,Discount Offer,Yes
81168,11-02-2025 21:09,Email,Brand Awareness,No
25019,11-02-2025 14:51,Referral,-,Yes
64870,10-02-2025 16:30,Email,Discount Offer,Yes
74035,11-02-2025 18:09,Email,-,Yes
14049,10-02-2025 21:34,Display Ads,-,No
92904,10-02-2025 21:31,Display Ads,-,Yes
23206,10-02-2025 21:28,Search Ads,Brand Awareness,No
24845,10-02-2025 13:18,Display Ads,Brand Awareness,Yes
43036,10-02-2025 21:36,Search Ads,Winter Sale,Yes
80204,11-02-2025 00:06,Email,-,No
68774,11-02-2025 03:22,Display Ads,New Product Launch,Yes
24413,10-02-2025 04:36,Display Ads,Brand Awareness,Yes
14782,10-02-2025 03:30,Display Ads,Discount Offer,Yes
96285,11-02-2025 05:09,Display Ads,Brand Awareness,No
82708,10-02-2025 23:22,Social Media,-,No
86774,11-02-2025 13:28,Search Ads,Brand Awareness,No
20916,11-02-2025 22:31,Direct Traffic,-,No
89800,11-02-2025 23:04,Search Ads,New Product Launch,Yes
45208,10-02-2025 22:37,Display Ads,Retargeting,Yes
18448,10-02-2025 06:03,Social Media,Winter Sale,No
14386,11-02-2025 03:48,Social Media,-,Yes
34498,11-02-2025 18:18,Direct Traffic,-,No
69779,11-02-2025 15:15,Search Ads,Discount Offer,Yes
62229,10-02-2025 08:01,Referral,-,Yes
68838,11-02-2025 00:29,Referral,Retargeting,Yes
68700,11-02-2025 19:09,Email,Brand Awareness,Yes
96237,11-02-2025 18:24,Social Media,Winter Sale,No
49220,11-02-2025 12:53,Direct Traffic,-,No
87345,11-02-2025 04:44,Display Ads,Discount Offer,No
29837,11-02-2025 13:49,Referral,Brand Awareness,No
19644,10-02-2025 19:51,Referral,Retargeting,No
44827,10-02-2025 05:37,Referral,Retargeting,No
76806,10-02-2025 03:36,Search Ads,Winter Sale,No
52660,11-02-2025 10:23,Social Media,Discount Offer,No
79835,10-02-2025 10:21,Search Ads,Winter Sale,No
66854,11-02-2025 14:43,Social Media,New Product Launch,No
51268,11-02-2025 16:50,Display Ads,New Product Launch,Yes
15924,11-02-2025 00:57,Social Media,Winter Sale,Yes
77231,10-02-2025 03:03,Display Ads,-,No
74915,10-02-2025 15:56,Display Ads,Discount Offer,No
69039,10-02-2025 21:48,Search Ads,Winter Sale,No
30578,10-02-2025 23:50,Social Media,Discount Offer,Yes
59840,11-02-2025 10:44,Referral,Winter Sale,Yes
79883,11-02-2025 02:30,Search Ads,Brand Awareness,Yes
58938,10-02-2025 19:48,Search Ads,New Product Launch,Yes
14782,11-02-2025 13:56,Social Media,Discount Offer,Yes
19759,10-02-2025 21:50,Email,Brand Awareness,No
54549,10-02-2025 23:35,Direct Traffic,-,Yes
85419,11-02-2025 18:49,Social Media,Brand Awareness,No
56125,10-02-2025 16:19,Display Ads,Brand Awareness,Yes
10317,11-02-2025 09:14,Search Ads,New Product Launch,No
89128,10-02-2025 13:07,Referral,Winter Sale,No
20510,10-02-2025 02:23,Social Media,Retargeting,No
61019,10-02-2025 00:03,Direct Traffic,-,No
12269,10-02-2025 18:19,Display Ads,Discount Offer,No
43014,11-02-2025 04:42,Referral,Brand Awareness,Yes
30582,10-02-2025 00:08,Email,Brand Awareness,Yes
31308,11-02-2025 17:54,Direct Traffic,-,No
20743,11-02-2025 15:37,Display Ads,Winter Sale,Yes
46827,11-02-2025 07:25,Email,Discount Offer,Yes
70272,11-02-2025 00:06,Email,Brand Awareness,No
95114,10-02-2025 21:11,Display Ads,Retargeting,No
49789,10-02-2025 20:49,Search Ads,Brand Awareness,No
33601,10-02-2025 08:34,Email,-,No
54821,11-02-2025 10:55,Display Ads,-,No
42970,10-02-2025 05:38,Social Media,Retargeting,No
12877,11-02-2025 08:45,Email,Retargeting,No
17726,11-02-2025 00:42,Email,Winter Sale,No
63323,10-02-2025 20:53,Email,Discount Offer,No
49991,11-02-2025 12:53,Referral,Brand Awareness,Yes
42809,10-02-2025 07:09,Email,Retargeting,No
42610,10-02-2025 23:35,Direct Traffic,-,Yes
72337,11-02-2025 00:42,Direct Traffic,-,No
70604,10-02-2025 16:56,Direct Traffic,-,Yes
46658,11-02-2025 18:55,Display Ads,-,Yes
86658,11-02-2025 23:01,Referral,Discount Offer,No
59390,11-02-2025 23:19,Social Media,New Product Launch,Yes
68841,11-02-2025 16:29,Social Media,New Product Launch,No
43065,11-02-2025 08:42,Social Media,Winter Sale,Yes
81190,11-02-2025 08:11,Social Media,Retargeting,No
69316,10-02-2025 12:48,Referral,-,Yes
91019,11-02-2025 06:09,Display Ads,-,No
63095,11-02-2025 12:12,Social Media,New Product Launch,Yes
86414,10-02-2025 15:37,Display Ads,Winter Sale,Yes
98242,11-02-2025 22:57,Email,Brand Awareness,No
22917,10-02-2025 12:07,Display Ads,Discount Offer,No
99093,11-02-2025 00:55,Search Ads,Winter Sale,Yes
46988,11-02-2025 11:28,Direct Traffic,-,No
32877,10-02-2025 00:50,Display Ads,Winter Sale,No
92167,11-02-2025 07:06,Search Ads,New Product Launch,Yes
74139,10-02-2025 15:13,Direct Traffic,-,Yes
83798,10-02-2025 21:22,Search Ads,Winter Sale,No
91051,11-02-2025 10:52,Email,-,Yes
31439,11-02-2025 17:01,Social Media,Brand Awareness,No
87851,10-02-2025 02:40,Direct Traffic,-,Yes
45832,10-02-2025 10:15,Display Ads,Winter Sale,Yes
63337,10-02-2025 01:00,Direct Traffic,-,No
54259,10-02-2025 09:34,Direct Traffic,-,No
97881,11-02-2025 02:55,Referral,-,No
10374,10-02-2025 12:42,Email,New Product Launch,Yes
88293,10-02-2025 20:21,Email,New Product Launch,Yes
84567,11-02-2025 00:59,Referral,New Product Launch,No
59109,10-02-2025 17:15,Referral,Winter Sale,Yes
77597,10-02-2025 16:58,Direct Traffic,-,No
30888,11-02-2025 04:23,Display Ads,Discount Offer,Yes
35726,10-02-2025 05:58,Search Ads,New Product Launch,No
27438,11-02-2025 20:57,Social Media,-,Yes
68700,11-02-2025 19:33,Search Ads,Winter Sale,No
90114,10-02-2025 03:34,Search Ads,Discount Offer,No
39004,10-02-2025 06:53,Email,-,Yes
60798,11-02-2025 21:08,Social Media,Brand Awareness,Yes
82938,11-02-2025 01:16,Search Ads,-,Yes
64705,11-02-2025 15:38,Social Media,New Product Launch,Yes
27438,11-02-2025 16:50,Search Ads,Discount Offer,Yes
62107,11-02-2025 21:35,Referral,Retargeting,Yes
92621,10-02-2025 12:00,Social Media,Retargeting,Yes
29368,11-02-2025 04:39,Referral,-,Yes
38286,10-02-2025 12:01,Direct Traffic,-,No
54089,10-02-2025 09:39,Direct Traffic,-,Yes
71911,10-02-2025 08:26,Display Ads,Winter Sale,No
95739,10-02-2025 00:34,Display Ads,Retargeting,No
60156,10-02-2025 16:47,Social Media,Brand Awareness,No
10303,10-02-2025 09:14,Referral,Discount Offer,Yes
66008,10-02-2025 23:28,Referral,Winter Sale,Yes
63685,11-02-2025 02:37,Display Ads,Winter Sale,No
13035,11-02-2025 05:31,Search Ads,Brand Awareness,Yes
52154,11-02-2025 21:57,Email,-,Yes
45340,11-02-2025 13:51,Display Ads,Winter Sale,Yes
58496,10-02-2025 09:51,Social Media,Brand Awareness,Yes
11831,10-02-2025 12:16,Search Ads,Winter Sale,No
39251,10-02-2025 09:28,Referral,Retargeting,No
96740,11-02-2025 06:28,Email,Winter Sale,No
64521,10-02-2025 15:53,Referral,Retargeting,Yes
69316,10-02-2025 06:41,Display Ads,-,Yes
63192,11-02-2025 00:54,Display Ads,-,No
58748,11-02-2025 05:58,Referral,New Product Launch,Yes
50704,11-02-2025 05:46,Email,Retargeting,No
33019,10-02-2025 21:31,Social Media,Discount Offer,No
11780,11-02-2025 13:49,Email,Winter Sale,Yes
94832,11-02-2025 17:17,Direct Traffic,-,No
41062,10-02-2025 09:35,Search Ads,-,Yes
17761,11-02-2025 02:47,Social Media,Brand Awareness,Yes
52609,11-02-2025 11:32,Social Media,Retargeting,Yes
21755,11-02-2025 02:13,Direct Traffic,-,No
53536,11-02-2025 02:55,Email,Retargeting,No
34649,11-02-2025 20:57,Display Ads,Retargeting,No
20895,11-02-2025 02:10,Display Ads,New Product Launch,Yes
30380,10-02-2025 19:31,Social Media,New Product Launch,Yes
10120,10-02-2025 09:11,Referral,Winter Sale,No
94229,10-02-2025 08:41,Referral,Brand Awareness,No
32550,11-02-2025 09:46,Display Ads,Discount Offer,Yes
24114,10-02-2025 07:52,Social Media,Winter Sale,Yes
55744,10-02-2025 11:57,Search Ads,Winter Sale,No
21668,10-02-2025 11:51,Social Media,Brand Awareness,Yes
76276,11-02-2025 01:35,Search Ads,Brand Awareness,Yes
62022,11-02-2025 04:37,Search Ads,Discount Offer,No
35923,11-02-2025 13:41,Social Media,Winter Sale,Yes
59480,10-02-2025 01:27,Referral,Winter Sale,Yes
26827,10-02-2025 07:31,Social Media,-,No
26430,11-02-2025 16:12,Search Ads,Winter Sale,Yes
21628,10-02-2025 20:22,Direct Traffic,-,No
77845,11-02-2025 21:14,Referral,Retargeting,Yes
43721,10-02-2025 00:40,Search Ads,-,Yes
91019,10-02-2025 10:27,Direct Traffic,-,No
13471,11-02-2025 19:26,Search Ads,Retargeting,Yes
21537,11-02-2025 17:46,Social Media,Retargeting,No
76514,10-02-2025 14:29,Search Ads,New Product Launch,No
85046,10-02-2025 08:30,Referral,-,Yes
15052,11-02-2025 10:34,Direct Traffic,-,No
56733,11-02-2025 10:26,Search Ads,New Product Launch,No
69904,10-02-2025 10:47,Email,Brand Awareness,No
96855,10-02-2025 20:30,Direct Traffic,-,Yes
96671,11-02-2025 13:36,Search Ads,Retargeting,No
62494,10-02-2025 19:31,Email,-,Yes
53599,11-02-2025 17:07,Referral,New Product Launch,Yes
59072,10-02-2025 14:39,Display Ads,Brand Awareness,Yes
25874,11-02-2025 06:11,Referral,-,Yes
10698,11-02-2025 03:23,Display Ads,Brand Awareness,No
86700,10-02-2025 12:39,Display Ads,Retargeting,No
55035,10-02-2025 15:34,Search Ads,New Product Launch,Yes
80804,11-02-2025 22:19,Referral,New Product Launch,No
35824,11-02-2025 17:43,Referral,Retargeting,No
40666,11-02-2025 03:16,Search Ads,New Product Launch,No
21668,10-02-2025 18:39,Search Ads,-,No
79906,11-02-2025 13:06,Display Ads,Brand Awareness,Yes
57385,10-02-2025 16:32,Direct Traffic,-,Yes
87228,10-02-2025 11:36,Search Ads,Retargeting,Yes
36393,10-02-2025 19:14,Direct Traffic,-,Yes
37856,10-02-2025 05:54,Email,Retargeting,Yes
31190,11-02-2025 00:40,Referral,Discount Offer,No
94970,10-02-2025 15:33,Referral,-,Yes
81446,11-02-2025 21:31,Social Media,Winter Sale,No
26648,11-02-2025 01:31,Email,Retargeting,No
98310,11-02-2025 00:52,Referral,Discount Offer,Yes
59032,11-02-2025 13:25,Direct Traffic,-,No
34708,11-02-2025 03:02,Display Ads,Retargeting,Yes
32391,10-02-2025 18:15,Email,Winter Sale,No
49128,11-02-2025 01:14,Email,Retargeting,No
90635,11-02-2025 09:47,Referral,Retargeting,Yes
62128,10-02-2025 02:19,Search Ads,-,No
35324,10-02-2025 23:49,Referral,Brand Awareness,Yes
70949,11-02-2025 01:11,Direct Traffic,-,Yes
12269,10-02-2025 22:44,Social Media,Discount Offer,No
84567,10-02-2025 14:36,Referral,-,Yes
22725,11-02-2025 14:47,Search Ads,Retargeting,No
16536,10-02-2025 22:54,Social Media,Retargeting,Yes
62264,10-02-2025 10:10,Search Ads,-,No
23781,10-02-2025 07:44,Social Media,-,Yes
46014,11-02-2025 04:32,Social Media,Retargeting,No
55587,11-02-2025 14:58,Direct Traffic,-,No
28623,10-02-2025 17:13,Display Ads,Discount Offer,No
60469,11-02-2025 09:20,Direct Traffic,-,No
63489,11-02-2025 11:37,Display Ads,-,Yes
19679,10-02-2025 03:55,Referral,-,Yes
50783,10-02-2025 15:03,Display Ads,Brand Awareness,Yes
16834,10-02-2025 16:43,Referral,Retargeting,No
62107,10-02-2025 13:50,Direct Traffic,-,No
91019,11-02-2025 23:10,Social Media,Discount Offer,Yes
51558,10-02-2025 07:42,Social Media,Brand Awareness,No
80944,11-02-2025 02:17,Direct Traffic,-,No
32651,11-02-2025 16:21,Referral,New Product Launch,Yes
92337,10-02-2025 13:47,Email,Winter Sale,No
44675,10-02-2025 17:37,Search Ads,New Product Launch,No
11798,10-02-2025 04:38,Direct Traffic,-,No
32828,10-02-2025 05:20,Display Ads,Retargeting,No
27306,11-02-2025 20:51,Social Media,Retargeting,No
19364,11-02-2025 13:14,Referral,Discount Offer,No
39321,11-02-2025 01:57,Referral,New Product Launch,No
85426,11-02-2025 08:25,Direct Traffic,-,No
99746,11-02-2025 16:20,Direct Traffic,-,Yes
66748,10-02-2025 13:51,Direct Traffic,-,Yes
45053,11-02-2025 13:47,Email,Retargeting,No
75595,11-02-2025 12:46,Display Ads,Discount Offer,Yes
15208,10-02-2025 14:42,Search Ads,Winter Sale,Yes
90415,10-02-2025 21:59,Email,New Product Launch,Yes
34653,11-02-2025 11:02,Direct Traffic,-,Yes
12225,10-02-2025 19:20,Email,Brand Awareness,Yes
41411,11-02-2025 00:40,Direct Traffic,-,Yes
54766,11-02-2025 23:56,Direct Traffic,-,No
75095,10-02-2025 20:23,Email,Winter Sale,No
46055,10-02-2025 01:19,Direct Traffic,-,Yes
34573,11-02-2025 08:44,Referral,Discount Offer,Yes
77098,10-02-2025 19:32,Referral,-,Yes
16004,11-02-2025 03:20,Display Ads,Brand Awareness,Yes
35337,11-02-2025 23:44,Display Ads,Retargeting,Yes
67722,10-02-2025 06:28,Social Media,Discount Offer,Yes
44261,11-02-2025 02:20,Direct Traffic,-,Yes
59110,11-02-2025 03:13,Social Media,Discount Offer,Yes
63781,10-02-2025 15:45,Referral,New Product Launch,Yes
75804,11-02-2025 04:26,Social Media,-,Yes
26622,11-02-2025 03:18,Search Ads,Brand Awareness,Yes
65740,11-02-2025 09:25,Email,New Product Launch,Yes
79796,10-02-2025 15:02,Display Ads,Brand Awareness,No
31021,11-02-2025 08:26,Social Media,New Product Launch,Yes
60095,10-02-2025 06:27,Direct Traffic,-,No
53526,10-02-2025 19:46,Email,-,No
65832,10-02-2025 20:35,Search Ads,Winter Sale,Yes
33255,11-02-2025 01:40,Direct Traffic,-,Yes
92974,10-02-2025 01:32,Email,Discount Offer,No
94832,11-02-2025 00:46,Display Ads,Winter Sale,Yes
93007,11-02-2025 04:31,Display Ads,Brand Awareness,No
60236,11-02-2025 07:24,Social Media,Discount Offer,Yes
80552,10-02-2025 11:20,Email,-,No
12269,11-02-2025 21:01,Social Media,Winter Sale,No
18565,11-02-2025 03:33,Referral,Retargeting,Yes
35129,10-02-2025 01:31,Direct Traffic,-,No
22387,10-02-2025 17:51,Referral,New Product Launch,Yes
90964,10-02-2025 07:33,Social Media,-,Yes
64142,10-02-2025 18:07,Direct Traffic,-,No
36126,10-02-2025 22:58,Referral,Winter Sale,No
13184,11-02-2025 11:04,Email,-,No
69351,11-02-2025 06:35,Social Media,-,Yes
85732,10-02-2025 18:22,Display Ads,-,Yes
95694,11-02-2025 03:38,Direct Traffic,-,No
58481,11-02-2025 05:47,Social Media,New Product Launch,Yes
77908,10-02-2025 21:51,Direct Traffic,-,No
80282,11-02-2025 23:52,Email,Retargeting,Yes
62494,10-02-2025 10:49,Email,Discount Offer,Yes
43218,10-02-2025 02:57,Referral,Discount Offer,Yes
41062,10-02-2025 23:34,Referral,Retargeting,No
32954,11-02-2025 10:15,Social Media,Retargeting,No
93576,10-02-2025 16:21,Search Ads,-,Yes
35887,11-02-2025 07:03,Referral,Winter Sale,Yes
70604,11-02-2025 03:08,Display Ads,-,Yes
78752,10-02-2025 13:41,Display Ads,New Product Launch,Yes
16979,11-02-2025 23:14,Direct Traffic,-,No
83281,10-02-2025 16:18,Email,Winter Sale,No
17611,10-02-2025 20:13,Email,Retargeting,No
68708,10-02-2025 09:07,Search Ads,Retargeting,No
40211,10-02-2025 08:17,Email,Discount Offer,No
49128,11-02-2025 12:53,Search Ads,Brand Awareness,Yes
53024,11-02-2025 10:59,Direct Traffic,-,No
82225,11-02-2025 12:14,Direct Traffic,-,Yes
78830,11-02-2025 01:07,Display Ads,Brand Awareness,Yes
71036,11-02-2025 12:06,Search Ads,New Product Launch,No
38683,10-02-2025 22:26,Search Ads,Brand Awareness,No
76911,10-02-2025 01:48,Search Ads,Brand Awareness,Yes
38683,11-02-2025 04:36,Direct Traffic,-,No
90131,11-02-2025 10:36,Referral,Discount Offer,No
11784,11-02-2025 01:00,Search Ads,New Product Launch,No
69194,10-02-2025 16:45,Referral,-,No
84693,11-02-2025 19:05,Search Ads,Discount Offer,Yes
63751,10-02-2025 07:14,Display Ads,New Product Launch,No
81168,10-02-2025 04:00,Referral,New Product Launch,Yes
31324,10-02-2025 01:00,Social Media,-,Yes
17012,11-02-2025 00:02,Display Ads,New Product Launch,Yes
51934,11-02-2025 04:04,Search Ads,-,No
58969,10-02-2025 04:05,Social Media,Retargeting,No
24810,11-02-2025 10:31,Direct Traffic,-,Yes
71460,10-02-2025 07:16,Search Ads,-,No
27735,11-02-2025 01:49,Direct Traffic,-,Yes
11686,11-02-2025 22:31,Referral,Brand Awareness,Yes
48706,11-02-2025 13:34,Direct Traffic,-,No
63337,10-02-2025 10:19,Social Media,Discount Offer,No
60996,10-02-2025 15:38,Direct Traffic,-,Yes
90359,10-02-2025 07:36,Display Ads,Winter Sale,Yes
31273,11-02-2025 19:47,Search Ads,Winter Sale,Yes
45758,11-02-2025 21:47,Email,Discount Offer,Yes
30087,10-02-2025 14:00,Referral,New Product Launch,No
39128,11-02-2025 02:04,Social Media,Retargeting,Yes
72244,10-02-2025 14:57,Direct Traffic,-,No
59077,10-02-2025 23:57,Search Ads,Discount Offer,Yes
12756,10-02-2025 11:08,Email,Discount Offer,No
85535,10-02-2025 12:35,Email,-,Yes
43623,11-02-2025 09:44,Search Ads,Brand Awareness,Yes
56476,11-02-2025 03:35,Email,-,No
78646,11-02-2025 03:22,Display Ads,Winter Sale,No
92988,10-02-2025 06:24,Social Media,New Product Launch,No
71827,11-02-2025 10:57,Referral,New Product Launch,Yes
96523,11-02-2025 14:07,Email,New Product Launch,No
27048,11-02-2025 23:35,Direct Traffic,-,No
64867,10-02-2025 07:21,Search Ads,-,No
20524,10-02-2025 02:14,Direct Traffic,-,No
52660,10-02-2025 13:52,Display Ads,New Product Launch,Yes
67722,10-02-2025 10:17,Referral,Retargeting,No
51068,11-02-2025 21:51,Direct Traffic,-,No
29149,11-02-2025 01:12,Search Ads,Discount Offer,No
41755,11-02-2025 04:13,Display Ads,Winter Sale,No
78980,10-02-2025 19:22,Display Ads,Retargeting,No
29238,10-02-2025 22:58,Direct Traffic,-,No
97280,10-02-2025 00:26,Referral,Brand Awareness,Yes
15351,11-02-2025 19:12,Referral,Winter Sale,No
60095,11-02-2025 02:07,Email,New Product Launch,Yes
32160,11-02-2025 17:05,Display Ads,Winter Sale,No
92673,11-02-2025 22:49,Referral,Retargeting,No
91772,10-02-2025 21:09,Referral,Winter Sale,No
38578,11-02-2025 06:00,Display Ads,Discount Offer,No
80604,10-02-2025 00:55,Referral,Discount Offer,No
60798,10-02-2025 00:52,Email,Discount Offer,Yes
76743,11-02-2025 22:22,Direct Traffic,-,No
23233,10-02-2025 18:50,Email,New Product Launch,No
79461,10-02-2025 23:22,Social Media,New Product Launch,Yes
92692,10-02-2025 22:34,Display Ads,Discount Offer,Yes
91565,11-02-2025 19:02,Direct Traffic,-,Yes
42824,10-02-2025 04:06,Display Ads,Winter Sale,No
58510,11-02-2025 17:47,Referral,Discount Offer,Yes
95449,11-02-2025 02:16,Display Ads,Brand Awareness,No
57079,11-02-2025 12:05,Direct Traffic,-,No
90332,11-02-2025 19:57,Search Ads,Retargeting,Yes
89730,10-02-2025 03:19,Referral,Winter Sale,No
10414,11-02-2025 09:07,Social Media,Brand Awareness,No
88357,11-02-2025 18:29,Search Ads,New Product Launch,Yes
44528,10-02-2025 04:43,Direct Traffic,-,No
13139,11-02-2025 22:47,Referral,Brand Awareness,No
39994,11-02-2025 04:34,Direct Traffic,-,No
13186,10-02-2025 03:37,Direct Traffic,-,No
62264,11-02-2025 21:37,Referral,-,Yes
97756,11-02-2025 14:10,Social Media,Winter Sale,No
57389,11-02-2025 09:54,Display Ads,New Product Launch,Yes
63274,10-02-2025 16:11,Social Media,-,Yes
39770,11-02-2025 00:58,Social Media,Winter Sale,Yes
23927,10-02-2025 15:40,Social Media,Retargeting,No
63473,11-02-2025 23:19,Direct Traffic,-,No
28848,10-02-2025 13:49,Referral,New Product Launch,No
81964,10-02-2025 13:30,Email,New Product Launch,No
93811,10-02-2025 07:01,Social Media,New Product Launch,Yes
79164,11-02-2025 11:59,Social Media,-,No
85419,10-02-2025 00:49,Email,Winter Sale,No
70272,11-02-2025 21:09,Referral,Discount Offer,No
31133,11-02-2025 05:24,Referral,-,Yes
86539,11-02-2025 22:29,Social Media,Brand Awareness,No
22270,11-02-2025 00:32,Direct Traffic,-,No
42501,11-02-2025 14:19,Display Ads,Retargeting,No
17287,10-02-2025 00:00,Display Ads,Brand Awareness,No
41563,11-02-2025 01:55,Email,Winter Sale,Yes
30468,10-02-2025 14:35,Social Media,-,No
59109,11-02-2025 19:40,Referral,Brand Awareness,Yes
21755,11-02-2025 10:18,Direct Traffic,-,No
92445,11-02-2025 16:08,Email,Brand Awareness,Yes
17614,11-02-2025 23:22,Direct Traffic,-,No
44026,11-02-2025 03:02,Search Ads,-,Yes
91679,11-02-2025 04:16,Social Media,Winter Sale,No
52609,10-02-2025 13:35,Display Ads,-,No
71036,11-02-2025 12:53,Email,Retargeting,Yes
11801,10-02-2025 01:14,Search Ads,New Product Launch,Yes
42905,11-02-2025 00:48,Social Media,New Product Launch,No
56968,10-02-2025 02:17,Email,-,Yes
66408,10-02-2025 17:31,Display Ads,-,No
10415,10-02-2025 22:16,Direct Traffic,-,Yes
28524,10-02-2025 18:25,Social Media,Retargeting,No
28171,11-02-2025 19:17,Direct Traffic,-,No
95840,10-02-2025 00:41,Referral,-,Yes
15596,11-02-2025 17:47,Email,Brand Awareness,Yes
35961,10-02-2025 10:42,Direct Traffic,-,No
85375,11-02-2025 19:23,Search Ads,-,No
66881,11-02-2025 18:44,Direct Traffic,-,No
47302,10-02-2025 06:54,Display Ads,Retargeting,Yes
43014,11-02-2025 05:07,Direct Traffic,-,Yes
50839,11-02-2025 01:12,Referral,Retargeting,Yes
24256,11-02-2025 19:46,Email,Brand Awareness,Yes
90712,10-02-2025 21:09,Display Ads,Retargeting,No
67809,10-02-2025 11:45,Search Ads,New Product Launch,No
48298,10-02-2025 05:55,Display Ads,Retargeting,Yes
59144,11-02-2025 03:32,Direct Traffic,-,No
54121,10-02-2025 01:31,Email,Brand Awareness,No
74104,11-02-2025 00:23,Search Ads,New Product Launch,No
43298,10-02-2025 13:17,Direct Traffic,-,Yes
31703,11-02-2025 22:43,Social Media,Retargeting,No
94932,10-02-2025 04:04,Email,-,No
94028,11-02-2025 10:41,Social Media,-,Yes
50216,11-02-2025 07:52,Social Media,Discount Offer,Yes
58258,11-02-2025 22:14,Email,Discount Offer,Yes
86414,11-02-2025 21:18,Email,New Product Launch,Yes
15105,10-02-2025 21:35,Social Media,-,No
26582,11-02-2025 03:19,Display Ads,Brand Awareness,Yes
52142,11-02-2025 07:13,Direct Traffic,-,Yes
51554,11-02-2025 04:42,Display Ads,Retargeting,No
11511,11-02-2025 07:34,Referral,-,No
24956,10-02-2025 13:33,Direct Traffic,-,Yes
27437,11-02-2025 09:23,Referral,Discount Offer,Yes
73412,10-02-2025 00:46,Referral,Brand Awareness,Yes
27571,11-02-2025 16:03,Search Ads,Retargeting,Yes
10095,10-02-2025 21:59,Email,Retargeting,Yes
39400,11-02-2025 08:43,Referral,New Product Launch,No
88885,11-02-2025 05:16,Social Media,Discount Offer,Yes
33843,11-02-2025 04:22,Direct Traffic,-,Yes
99697,11-02-2025 13:36,Social Media,Retargeting,Yes
38392,11-02-2025 05:28,Direct Traffic,-,No
73264,10-02-2025 12:46,Social Media,Brand Awareness,No
63337,11-02-2025 05:22,Social Media,Discount Offer,No
80298,10-02-2025 07:23,Social Media,-,Yes
95275,11-02-2025 15:11,Social Media,-,No
50952,11-02-2025 16:23,Search Ads,Winter Sale,Yes
91772,11-02-2025 07:31,Email,-,No
60881,11-02-2025 12:45,Direct Traffic,-,No
84060,11-02-2025 08:49,Email,Brand Awareness,Yes
79444,10-02-2025 03:26,Referral,Winter Sale,Yes
20999,10-02-2025 23:32,Direct Traffic,-,Yes
84041,11-02-2025 21:19,Search Ads,Winter Sale,Yes
16916,10-02-2025 11:55,Social Media,Brand Awareness,No
10167,10-02-2025 14:59,Display Ads,Brand Awareness,No
89132,10-02-2025 10:22,Social Media,-,No
91512,10-02-2025 17:12,Search Ads,-,Yes
75712,10-02-2025 01:34,Search Ads,Winter Sale,No
82701,11-02-2025 14:20,Email,Brand Awareness,No
66382,11-02-2025 12:06,Email,Discount Offer,Yes
73141,11-02-2025 09:55,Social Media,Discount Offer,Yes
63367,11-02-2025 17:12,Search Ads,Brand Awareness,Yes
60684,11-02-2025 19:42,Referral,New Product Launch,Yes
99748,10-02-2025 12:04,Display Ads,Discount Offer,Yes
92988,11-02-2025 00:52,Referral,New Product Launch,No
37382,11-02-2025 07:11,Email,Brand Awareness,Yes
27470,11-02-2025 23:46,Referral,-,Yes
83354,11-02-2025 08:13,Search Ads,Discount Offer,Yes
84492,11-02-2025 15:19,Display Ads,Retargeting,No
25959,11-02-2025 03:29,Search Ads,Retargeting,Yes
72892,10-02-2025 04:05,Referral,Discount Offer,No
87204,10-02-2025 19:32,Social Media,Winter Sale,No
80551,10-02-2025 00:01,Direct Traffic,-,Yes
96672,10-02-2025 00:31,Display Ads,Winter Sale,No
99627,10-02-2025 18:58,Search Ads,-,Yes
96546,10-02-2025 14:05,Referral,Brand Awareness,Yes
68585,10-02-2025 16:16,Email,-,No
98418,10-02-2025 01:48,Direct Traffic,-,No
22270,11-02-2025 05:58,Display Ads,Retargeting,Yes
40114,11-02-2025 12:00,Social Media,New Product Launch,Yes
14080,11-02-2025 11:10,Search Ads,Winter Sale,No
90001,10-02-2025 06:59,Referral,Brand Awareness,Yes
76850,11-02-2025 21:05,Social Media,Discount Offer,Yes
74413,11-02-2025 11:51,Email,-,No
65073,10-02-2025 17:15,Direct Traffic,-,No
52335,11-02-2025 04:54,Referral,Winter Sale,Yes
73945,10-02-2025 20:29,Display Ads,-,Yes
27023,10-02-2025 15:04,Email,Retargeting,No
24025,10-02-2025 07:32,Search Ads,Retargeting,Yes
51223,11-02-2025 01:31,Referral,Winter Sale,No
72645,11-02-2025 23:38,Referral,Winter Sale,Yes
42360,11-02-2025 21:01,Direct Traffic,-,Yes
63062,10-02-2025 17:39,Email,Retargeting,Yes
83878,11-02-2025 19:21,Direct Traffic,-,No
19180,11-02-2025 21:59,Search Ads,Winter Sale,No
76240,11-02-2025 08:17,Direct Traffic,-,No
46988,11-02-2025 20:36,Referral,Brand Awareness,No
61770,11-02-2025 18:38,Direct Traffic,-,Yes
76040,10-02-2025 19:13,Email,Winter Sale,Yes
89239,11-02-2025 01:21,Email,-,No
12275,10-02-2025 02:33,Direct Traffic,-,No
93802,11-02-2025 02:09,Search Ads,New Product Launch,No
98432,11-02-2025 10:13,Referral,-,No
18492,11-02-2025 16:30,Display Ads,Brand Awareness,No
78574,11-02-2025 05:13,Direct Traffic,-,Yes
83881,10-02-2025 03:50,Email,Winter Sale,No
27347,11-02-2025 19:51,Search Ads,-,Yes
17727,10-02-2025 12:32,Display Ads,Winter Sale,No
29734,10-02-2025 19:35,Display Ads,Retargeting,Yes
97915,11-02-2025 03:08,Direct Traffic,-,Yes
23733,10-02-2025 13:26,Email,-,No
82505,10-02-2025 23:09,Email,Brand Awareness,No
66008,10-02-2025 18:32,Social Media,Winter Sale,No
54700,10-02-2025 23:47,Direct Traffic,-,Yes
56007,11-02-2025 16:09,Referral,Winter Sale,No
77873,11-02-2025 18:04,Search Ads,Retargeting,Yes
33999,11-02-2025 05:26,Referral,Winter Sale,Yes
89792,11-02-2025 16:31,Display Ads,Retargeting,Yes
31763,11-02-2025 12:35,Display Ads,-,No
30155,11-02-2025 07:50,Search Ads,Brand Awareness,Yes
31219,11-02-2025 21:16,Email,New Product Launch,Yes
87375,11-02-2025 17:57,Referral,New Product Launch,Yes
66664,11-02-2025 08:14,Social Media,Discount Offer,No
98152,10-02-2025 23:30,Search Ads,New Product Launch,Yes
37786,11-02-2025 09:40,Display Ads,Brand Awareness,Yes
32377,10-02-2025 15:05,Referral,Discount Offer,No
88567,11-02-2025 00:58,Search Ads,New Product Launch,Yes
40804,10-02-2025 00:01,Social Media,-,Yes
59576,11-02-2025 05:51,Direct Traffic,-,Yes
66646,11-02-2025 19:56,Email,New Product Launch,No
79781,10-02-2025 04:25,Social Media,Winter Sale,No
31134,10-02-2025 08:19,Search Ads,Retargeting,No
50453,10-02-2025 09:17,Direct Traffic,-,Yes
34073,10-02-2025 06:03,Social Media,Winter Sale,Yes
81952,10-02-2025 18:28,Direct Traffic,-,No
78374,11-02-2025 06:06,Direct Traffic,-,No
31213,11-02-2025 01:53,Direct Traffic,-,Yes
72612,11-02-2025 08:51,Search Ads,-,Yes
92673,10-02-2025 12:58,Direct Traffic,-,Yes
35129,10-02-2025 14:03,Email,Discount Offer,Yes
10303,10-02-2025 06:08,Direct Traffic,-,No
96015,11-02-2025 03:07,Referral,Winter Sale,No
78882,10-02-2025 23:29,Email,Retargeting,Yes
33497,11-02-2025 02:31,Display Ads,-,Yes
33960,10-02-2025 07:22,Referral,Retargeting,No
76702,10-02-2025 12:09,Display Ads,Discount Offer,No
69761,11-02-2025 06:47,Social Media,Winter Sale,No
99250,10-02-2025 21:33,Search Ads,-,No
42734,11-02-2025 02:31,Display Ads,New Product Launch,No
27480,10-02-2025 06:51,Referral,Brand Awareness,Yes
98242,10-02-2025 15:43,Search Ads,New Product Launch,No
64142,10-02-2025 14:14,Social Media,New Product Launch,Yes
80804,10-02-2025 10:10,Social Media,New Product Launch,No
88187,11-02-2025 12:32,Display Ads,Brand Awareness,Yes
47060,10-02-2025 12:59,Display Ads,Retargeting,Yes
59198,10-02-2025 14:52,Direct Traffic,-,Yes
33189,11-02-2025 21:03,Social Media,New Product Launch,No
73814,11-02-2025 03:57,Referral,-,No
16348,11-02-2025 09:01,Email,Retargeting,No
90114,10-02-2025 05:25,Referral,Winter Sale,Yes
55905,10-02-2025 09:28,Social Media,Winter Sale,No
11453,11-02-2025 14:54,Referral,Winter Sale,No
37332,11-02-2025 08:08,Referral,Brand Awareness,No
92487,11-02-2025 13:19,Social Media,Discount Offer,No
22923,11-02-2025 23:02,Search Ads,Winter Sale,Yes
68657,10-02-2025 01:59,Display Ads,Winter Sale,No
49293,11-02-2025 10:37,Email,Brand Awareness,Yes
28919,11-02-2025 18:49,Email,-,No
73141,10-02-2025 09:57,Referral,New Product Launch,No
72009,11-02-2025 19:37,Referral,Brand Awareness,Yes
39400,11-02-2025 09:59,Direct Traffic,-,No
13558,10-02-2025 17:58,Direct Traffic,-,No
38175,10-02-2025 02:22,Social Media,Brand Awareness,No
99566,10-02-2025 12:03,Referral,New Product Launch,No
89412,11-02-2025 23:33,Social Media,Brand Awareness,No
30895,10-02-2025 21:52,Display Ads,Discount Offer,No
58496,10-02-2025 08:39,Search Ads,Winter Sale,Yes
13186,10-02-2025 07:39,Social Media,New Product Launch,No
59599,10-02-2025 17:19,Display Ads,Winter Sale,No
42399,11-02-2025 00:14,Referral,Retargeting,No
40965,11-02-2025 00:25,Display Ads,New Product Launch,No
16536,11-02-2025 02:56,Search Ads,New Product Launch,No
83798,11-02-2025 18:12,Social Media,Discount Offer,No
49243,11-02-2025 08:56,Search Ads,New Product Launch,Yes
22923,11-02-2025 14:47,Email,Winter Sale,No
50311,10-02-2025 05:26,Referral,-,Yes
54016,10-02-2025 06:06,Referral,New Product Launch,Yes
92972,10-02-2025 21:59,Referral,New Product Launch,Yes
54395,10-02-2025 15:15,Email,-,Yes
97804,10-02-2025 20:55,Email,New Product Launch,No
92698,10-02-2025 18:54,Social Media,Retargeting,No
44869,11-02-2025 22:56,Social Media,New Product Launch,Yes
99627,11-02-2025 20:19,Display Ads,Discount Offer,Yes
54044,11-02-2025 05:47,Referral,New Product Launch,Yes
30026,11-02-2025 15:48,Email,Retargeting,Yes
80549,10-02-2025 16:41,Direct Traffic,-,No
48330,10-02-2025 12:46,Email,Winter Sale,Yes
62128,11-02-2025 14:42,Referral,-,No
85732,11-02-2025 03:52,Direct Traffic,-,Yes
62843,11-02-2025 13:30,Email,-,No
75137,10-02-2025 09:38,Search Ads,Winter Sale,Yes
93431,11-02-2025 22:29,Email,Winter Sale,Yes
64163,10-02-2025 10:41,Display Ads,Retargeting,Yes
60022,10-02-2025 23:17,Display Ads,Retargeting,No
22385,10-02-2025 09:26,Search Ads,Discount Offer,No
27589,10-02-2025 01:02,Email,Retargeting,Yes
37903,10-02-2025 02:48,Email,Retargeting,No
85049,11-02-2025 19:48,Email,Brand Awareness,Yes
68891,11-02-2025 17:30,Social Media,Brand Awareness,Yes
24413,11-02-2025 00:19,Search Ads,-,Yes
63820,11-02-2025 04:34,Display Ads,Retargeting,No
44982,10-02-2025 19:04,Display Ads,-,Yes
47509,11-02-2025 08:49,Social Media,New Product Launch,Yes
47302,10-02-2025 15:10,Email,Discount Offer,Yes
12121,10-02-2025 21:05,Social Media,-,Yes
72028,10-02-2025 12:10,Referral,Winter Sale,Yes
69761,11-02-2025 02:51,Direct Traffic,-,No
69847,11-02-2025 06:22,Direct Traffic,-,No
13403,11-02-2025 22:20,Display Ads,Brand Awareness,Yes
14080,10-02-2025 02:04,Direct Traffic,-,No
45681,10-02-2025 10:28,Display Ads,Discount Offer,No
95509,11-02-2025 07:24,Display Ads,Retargeting,No
72415,11-02-2025 10:35,Search Ads,-,No
70492,11-02-2025 01:24,Email,Discount Offer,No
23202,11-02-2025 09:14,Email,Retargeting,Yes
21910,10-02-2025 07:59,Social Media,Retargeting,No
64955,10-02-2025 21:33,Display Ads,Retargeting,Yes
78348,11-02-2025 06:43,Direct Traffic,-,No
55427,10-02-2025 15:06,Email,-,No
20743,10-02-2025 21:56,Direct Traffic,-,No
69144,11-02-2025 17:14,Referral,Discount Offer,Yes
88567,11-02-2025 17:15,Referral,New Product Launch,No
19184,11-02-2025 16:04,Direct Traffic,-,No
96855,10-02-2025 19:21,Email,Brand Awareness,Yes
99697,10-02-2025 11:09,Social Media,New Product Launch,Yes
94431,11-02-2025 00:41,Direct Traffic,-,Yes
33292,10-02-2025 11:12,Search Ads,Brand Awareness,No
66382,11-02-2025 01:59,Search Ads,New Product Launch,Yes
83320,11-02-2025 17:13,Email,Winter Sale,Yes
92402,10-02-2025 22:50,Email,-,No
34833,10-02-2025 01:57,Referral,New Product Launch,No
56041,10-02-2025 03:18,Display Ads,Brand Awareness,Yes
74627,11-02-2025 20:54,Direct Traffic,-,No
86700,11-02-2025 22:25,Social Media,Winter Sale,Yes
25147,10-02-2025 16:11,Referral,Winter Sale,Yes
89619,10-02-2025 04:25,Social Media,Retargeting,No
42809,10-02-2025 06:58,Social Media,Retargeting,No
90088,10-02-2025 20:21,Search Ads,Winter Sale,No
38483,11-02-2025 17:22,Referral,Retargeting,Yes
14049,10-02-2025 13:39,Search Ads,Brand Awareness,No
91679,10-02-2025 13:11,Social Media,Retargeting,Yes
29109,11-02-2025 01:19,Direct Traffic,-,Yes
94431,10-02-2025 12:08,Search Ads,Winter Sale,No
64553,10-02-2025 23:49,Search Ads,Brand Awareness,No
93007,11-02-2025 15:55,Display Ads,Discount Offer,Yes
31643,10-02-2025 14:26,Direct Traffic,-,No
61650,10-02-2025 16:30,Direct Traffic,-,Yes
93270,10-02-2025 07:24,Email,Winter Sale,No
72929,11-02-2025 09:31,Social Media,-,Yes
20853,11-02-2025 15:56,Referral,Winter Sale,Yes
97826,10-02-2025 07:30,Display Ads,Retargeting,Yes
61053,10-02-2025 13:53,Display Ads,-,Yes
63064,10-02-2025 12:53,Referral,-,Yes
85651,11-02-2025 14:29,Email,-,No
71839,11-02-2025 21:15,Display Ads,Winter Sale,No
17074,10-02-2025 05:48,Display Ads,Retargeting,No
73814,11-02-2025 20:51,Referral,-,Yes
61650,10-02-2025 20:04,Display Ads,Brand Awareness,Yes
98881,11-02-2025 13:35,Referral,-,No
27506,11-02-2025 23:25,Display Ads,Retargeting,No
82938,10-02-2025 13:05,Search Ads,Retargeting,No
49128,10-02-2025 23:01,Search Ads,Winter Sale,Yes
84196,11-02-2025 15:46,Referral,-,No
40227,10-02-2025 09:10,Direct Traffic,-,No
46487,11-02-2025 08:27,Direct Traffic,-,Yes
11365,10-02-2025 11:21,Referral,Winter Sale,No
66060,10-02-2025 12:13,Direct Traffic,-,No
70773,10-02-2025 09:12,Search Ads,New Product Launch,No
45218,10-02-2025 17:07,Email,Brand Awareness,Yes
53419,10-02-2025 21:05,Display Ads,-,Yes
36918,11-02-2025 22:09,Direct Traffic,-,No
78830,10-02-2025 14:51,Direct Traffic,-,No
34780,10-02-2025 21:03,Social Media,Discount Offer,No
51786,10-02-2025 04:50,Social Media,Winter Sale,No
24251,11-02-2025 17:38,Direct Traffic,-,No
83035,11-02-2025 01:13,Email,New Product Launch,No
55190,10-02-2025 13:48,Referral,-,Yes
13191,10-02-2025 14:36,Referral,-,Yes
32692,11-02-2025 03:39,Social Media,Discount Offer,No
13186,11-02-2025 02:16,Display Ads,Discount Offer,No
64521,11-02-2025 04:48,Social Media,Winter Sale,No
26185,11-02-2025 14:53,Email,Brand Awareness,Yes
59390,10-02-2025 15:10,Direct Traffic,-,Yes
86379,11-02-2025 00:15,Referral,Discount Offer,No
43623,11-02-2025 13:07,Direct Traffic,-,No
92487,11-02-2025 02:47,Email,Brand Awareness,No
14172,10-02-2025 12:36,Email,Winter Sale,No
12275,10-02-2025 04:43,Search Ads,Retargeting,Yes
59302,10-02-2025 08:52,Search Ads,-,No
90131,11-02-2025 07:47,Display Ads,Brand Awareness,No
41221,10-02-2025 10:23,Display Ads,Brand Awareness,No
16955,11-02-2025 13:50,Referral,Brand Awareness,Yes
92989,11-02-2025 00:15,Email,Retargeting,No
55333,10-02-2025 21:33,Search Ads,-,Yes
84413,11-02-2025 02:56,Display Ads,Brand Awareness,No
27700,11-02-2025 08:01,Search Ads,-,No
13444,11-02-2025 19:47,Social Media,Retargeting,No
98320,11-02-2025 00:31,Search Ads,Retargeting,Yes
74876,10-02-2025 23:27,Referral,Discount Offer,No
47202,10-02-2025 05:11,Direct Traffic,-,No
63527,11-02-2025 18:23,Email,Winter Sale,No
75656,10-02-2025 17:54,Display Ads,Retargeting,Yes
56128,11-02-2025 00:56,Social Media,-,No
79891,10-02-2025 11:58,Referral,Retargeting,Yes
92167,10-02-2025 03:10,Email,-,Yes
22923,10-02-2025 15:10,Email,Winter Sale,Yes
71478,11-02-2025 00:47,Direct Traffic,-,No
61867,10-02-2025 02:27,Display Ads,Retargeting,No
29238,11-02-2025 01:22,Search Ads,-,Yes
52282,11-02-2025 17:56,Search Ads,Brand Awareness,Yes
77688,11-02-2025 21:50,Referral,Discount Offer,No
59927,10-02-2025 19:30,Display Ads,Discount Offer,Yes
47202,11-02-2025 15:36,Email,Winter Sale,No
55513,10-02-2025 21:26,Search Ads,-,Yes
81371,10-02-2025 13:08,Social Media,Winter Sale,Yes
92785,10-02-2025 04:11,Referral,Brand Awareness,No
42030,10-02-2025 11:43,Display Ads,Retargeting,Yes
55702,10-02-2025 10:18,Display Ads,-,Yes
11790,10-02-2025 14:29,Search Ads,Retargeting,No
67454,10-02-2025 21:15,Search Ads,New Product Launch,Yes
96598,11-02-2025 08:06,Referral,Brand Awareness,Yes
59188,10-02-2025 04:32,Email,New Product Launch,No
65922,11-02-2025 18:47,Display Ads,New Product Launch,No
48330,10-02-2025 09:05,Social Media,Winter Sale,Yes
70237,10-02-2025 04:31,Display Ads,Retargeting,Yes
15390,11-02-2025 23:17,Referral,Retargeting,No
37078,10-02-2025 11:37,Direct Traffic,-,No
48099,10-02-2025 23:17,Search Ads,Retargeting,No
72028,10-02-2025 19:44,Social Media,-,Yes
28919,11-02-2025 13:53,Referral,-,No
73945,10-02-2025 09:55,Display Ads,Retargeting,No
48099,10-02-2025 10:03,Social Media,Retargeting,Yes
59631,10-02-2025 08:50,Referral,Discount Offer,Yes
86021,11-02-2025 01:16,Social Media,-,No
60001,10-02-2025 10:06,Social Media,-,Yes
10673,11-02-2025 04:08,Direct Traffic,-,Yes
80604,10-02-2025 22:22,Email,-,No
43692,10-02-2025 11:13,Email,Discount Offer,No
30820,11-02-2025 17:45,Display Ads,Discount Offer,No
50166,11-02-2025 01:51,Display Ads,Discount Offer,Yes
78282,11-02-2025 18:56,Social Media,-,Yes
16083,10-02-2025 14:50,Email,Discount Offer,No
72118,11-02-2025 07:03,Social Media,-,Yes
19372,10-02-2025 10:20,Social Media,Retargeting,No
29196,11-02-2025 01:57,Search Ads,New Product Launch,No
15395,10-02-2025 22:22,Social Media,Retargeting,Yes
63029,11-02-2025 08:49,Search Ads,-,Yes
90001,10-02-2025 19:28,Social Media,-,Yes
27513,11-02-2025 05:15,Referral,Discount Offer,No
15978,11-02-2025 12:25,Social Media,Brand Awareness,Yes
44026,11-02-2025 04:14,Referral,New Product Launch,Yes
89677,10-02-2025 19:08,Social Media,-,No
49665,10-02-2025 07:41,Search Ads,New Product Launch,No
26582,11-02-2025 04:53,Display Ads,Retargeting,Yes
50574,11-02-2025 11:20,Search Ads,Brand Awareness,No
24765,11-02-2025 01:14,Search Ads,New Product Launch,No
10685,10-02-2025 01:43,Display Ads,Brand Awareness,Yes
54739,10-02-2025 22:31,Email,Brand Awareness,No
68891,11-02-2025 16:44,Referral,-,No
12121,10-02-2025 07:13,Search Ads,Retargeting,Yes
96629,10-02-2025 07:19,Social Media,Retargeting,Yes
79181,11-02-2025 15:44,Social Media,New Product Launch,Yes
11107,10-02-2025 17:44,Referral,-,No
24594,10-02-2025 13:32,Direct Traffic,-,Yes
81053,10-02-2025 14:00,Search Ads,Discount Offer,No
66785,11-02-2025 05:31,Search Ads,Discount Offer,Yes
61905,10-02-2025 23:54,Email,Winter Sale,Yes
30820,10-02-2025 15:31,Social Media,-,Yes
53947,10-02-2025 22:46,Email,-,No
21757,11-02-2025 14:11,Search Ads,Retargeting,Yes
71478,11-02-2025 09:04,Display Ads,Discount Offer,Yes
95799,11-02-2025 19:09,Referral,Retargeting,Yes
83490,11-02-2025 15:55,Referral,New Product Launch,No
79906,10-02-2025 05:26,Direct Traffic,-,No
89685,11-02-2025 21:25,Direct Traffic,-,No
48740,11-02-2025 16:14,Display Ads,New Product Launch,No
51068,11-02-2025 03:42,Email,-,No
93270,11-02-2025 16:12,Display Ads,Winter Sale,No
13186,11-02-2025 06:20,Direct Traffic,-,No
63250,11-02-2025 06:44,Direct Traffic,-,No
66866,10-02-2025 15:01,Search Ads,Retargeting,No
86406,11-02-2025 23:20,Search Ads,Discount Offer,Yes
57739,11-02-2025 07:06,Direct Traffic,-,Yes
38286,11-02-2025 16:08,Email,Brand Awareness,No
47452,10-02-2025 06:57,Display Ads,-,No
37186,11-02-2025 04:39,Email,Retargeting,Yes
79823,11-02-2025 15:51,Social Media,Winter Sale,Yes
85576,10-02-2025 01:30,Referral,Winter Sale,Yes
85844,11-02-2025 00:35,Referral,New Product Launch,No
53283,11-02-2025 13:36,Social Media,Winter Sale,Yes
10378,11-02-2025 21:26,Referral,Brand Awareness,Yes
67005,11-02-2025 01:52,Social Media,Brand Awareness,Yes
20300,11-02-2025 06:02,Social Media,Retargeting,Yes
87153,11-02-2025 02:31,Display Ads,-,No
49478,10-02-2025 21:38,Direct Traffic,-,No
77091,10-02-2025 04:00,Display Ads,Brand Awareness,No
47302,11-02-2025 00:39,Search Ads,Winter Sale,Yes
47085,11-02-2025 05:56,Direct Traffic,-,Yes
94070,11-02-2025 15:51,Search Ads,Brand Awareness,Yes
23599,11-02-2025 15:55,Referral,Winter Sale,Yes
64814,10-02-2025 00:02,Display Ads,Brand Awareness,No
99627,10-02-2025 19:01,Email,Retargeting,No
35230,10-02-2025 08:49,Email,Brand Awareness,No
63473,10-02-2025 21:52,Search Ads,Brand Awareness,No
85343,10-02-2025 20:56,Direct Traffic,-,Yes
79894,10-02-2025 19:11,Email,Winter Sale,Yes
90359,11-02-2025 01:49,Direct Traffic,-,No
58496,10-02-2025 03:53,Search Ads,Winter Sale,No
73183,10-02-2025 04:27,Social Media,Brand Awareness,No
76622,11-02-2025 02:16,Display Ads,Discount Offer,No
15924,11-02-2025 13:55,Search Ads,Brand Awareness,No
20400,11-02-2025 08:02,Display Ads,New Product Launch,Yes
47452,11-02-2025 19:37,Social Media,Brand Awareness,No
57318,10-02-2025 12:00,Display Ads,Winter Sale,No
92974,10-02-2025 01:00,Referral,New Product Launch,No
36308,11-02-2025 11:00,Search Ads,New Product Launch,No
67051,10-02-2025 23:47,Email,Winter Sale,Yes
15145,10-02-2025 12:39,Display Ads,Brand Awareness,Yes
10668,11-02-2025 07:39,Referral,Retargeting,Yes
99153,11-02-2025 05:40,Direct Traffic,-,No
72040,11-02-2025 12:33,Social Media,Discount Offer,No
87245,11-02-2025 20:31,Display Ads,Winter Sale,Yes
79207,11-02-2025 10:17,Direct Traffic,-,Yes
41964,10-02-2025 07:46,Email,Retargeting,No
76029,10-02-2025 19:04,Social Media,-,Yes
85902,10-02-2025 00:50,Search Ads,Discount Offer,No
62478,10-02-2025 03:00,Display Ads,New Product Launch,Yes
92808,11-02-2025 00:03,Referral,Brand Awareness,No
61462,10-02-2025 17:21,Display Ads,Winter Sale,No
99782,10-02-2025 09:52,Display Ads,Retargeting,No
24215,10-02-2025 20:56,Social Media,Discount Offer,Yes
67658,10-02-2025 13:14,Search Ads,Brand Awareness,Yes
69942,10-02-2025 17:28,Direct Traffic,-,Yes
54489,10-02-2025 10:55,Referral,-,No
88598,10-02-2025 07:08,Search Ads,Brand Awareness,No
70492,10-02-2025 19:43,Display Ads,-,No
38683,11-02-2025 23:33,Referral,-,No
71469,11-02-2025 23:16,Direct Traffic,-,No
48404,11-02-2025 05:18,Email,Retargeting,Yes
62298,11-02-2025 11:29,Email,Brand Awareness,Yes
28265,10-02-2025 23:34,Direct Traffic,-,Yes
76871,10-02-2025 21:16,Social Media,Winter Sale,No
29164,10-02-2025 17:02,Social Media,Winter Sale,Yes
57401,11-02-2025 06:33,Email,-,Yes
80999,10-02-2025 11:16,Display Ads,Retargeting,No
59899,11-02-2025 05:52,Display Ads,Discount Offer,No
45866,10-02-2025 23:30,Social Media,-,No
54121,10-02-2025 16:36,Display Ads,Discount Offer,Yes
41312,11-02-2025 22:59,Social Media,Retargeting,No
82862,10-02-2025 01:39,Direct Traffic,-,No
25134,11-02-2025 00:41,Display Ads,Discount Offer,Yes
10442,11-02-2025 20:42,Social Media,New Product Launch,Yes
73905,11-02-2025 15:15,Direct Traffic,-,Yes
58064,11-02-2025 17:30,Referral,Retargeting,Yes
73132,10-02-2025 03:09,Direct Traffic,-,Yes
89110,11-02-2025 02:28,Direct Traffic,-,Yes
90213,11-02-2025 22:18,Social Media,Brand Awareness,Yes
40968,11-02-2025 10:13,Search Ads,Winter Sale,Yes
14798,10-02-2025 08:48,Referral,Winter Sale,No
43178,11-02-2025 10:30,Direct Traffic,-,Yes
71410,11-02-2025 05:52,Email,Retargeting,Yes
27778,10-02-2025 01:05,Direct Traffic,-,Yes
49394,10-02-2025 20:10,Social Media,-,Yes
54877,11-02-2025 18:01,Direct Traffic,-,No
93964,11-02-2025 15:00,Email,Retargeting,Yes
83712,10-02-2025 10:35,Email,-,No
37622,10-02-2025 16:14,Email,Discount Offer,Yes
60484,10-02-2025 23:24,Email,Retargeting,No
30299,10-02-2025 16:53,Search Ads,Retargeting,Yes
82058,10-02-2025 00:21,Search Ads,Brand Awareness,No
46442,11-02-2025 08:18,Search Ads,-,Yes
26437,11-02-2025 02:52,Referral,New Product Launch,Yes
83035,10-02-2025 12:36,Email,Brand Awareness,Yes
10518,10-02-2025 19:04,Referral,New Product Launch,Yes
11917,10-02-2025 11:16,Direct Traffic,-,Yes
37786,10-02-2025 03:39,Display Ads,Retargeting,No
64742,11-02-2025 13:32,Social Media,Winter Sale,Yes
68180,10-02-2025 03:07,Search Ads,Discount Offer,Yes
14049,11-02-2025 12:57,Search Ads,New Product Launch,Yes
10690,10-02-2025 19:03,Email,Discount Offer,Yes
99481,11-02-2025 00:21,Referral,-,No
68657,10-02-2025 08:50,Referral,-,Yes
52130,11-02-2025 06:14,Direct Traffic,-,Yes
35668,11-02-2025 11:24,Search Ads,New Product Launch,No
56501,11-02-2025 22:25,Email,-,Yes
14978,10-02-2025 10:20,Social Media,Winter Sale,Yes
10273,10-02-2025 17:33,Social Media,Brand Awareness,Yes
26097,10-02-2025 07:04,Search Ads,-,Yes
98237,11-02-2025 21:41,Social Media,Retargeting,Yes
90516,11-02-2025 00:34,Direct Traffic,-,Yes
76702,11-02-2025 22:14,Direct Traffic,-,Yes
23486,11-02-2025 11:27,Social Media,-,Yes
82045,10-02-2025 09:21,Referral,Retargeting,Yes
90125,11-02-2025 06:46,Direct Traffic,-,No
39628,11-02-2025 04:09,Email,Winter Sale,Yes
80133,11-02-2025 04:47,Referral,Retargeting,No
63551,10-02-2025 09:54,Direct Traffic,-,No
71306,10-02-2025 09:12,Search Ads,-,No
26430,10-02-2025 17:38,Display Ads,Brand Awareness,No
33593,10-02-2025 14:17,Email,Winter Sale,Yes
17287,11-02-2025 17:50,Referral,-,No
25978,11-02-2025 02:36,Social Media,-,No
52335,11-02-2025 18:44,Email,Retargeting,Yes
35942,11-02-2025 22:28,Direct Traffic,-,No
74032,11-02-2025 19:32,Direct Traffic,-,Yes
19971,10-02-2025 00:42,Referral,New Product Launch,Yes
65473,11-02-2025 19:32,Email,New Product Launch,No
28246,10-02-2025 18:23,Search Ads,Winter Sale,No
32897,10-02-2025 16:51,Direct Traffic,-,Yes
34073,10-02-2025 03:43,Email,Winter Sale,No
71469,10-02-2025 23:52,Email,Winter Sale,Yes
26918,10-02-2025 22:39,Direct Traffic,-,Yes
26291,10-02-2025 20:44,Social Media,Winter Sale,Yes
57564,10-02-2025 10:44,Search Ads,Brand Awareness,Yes
96656,11-02-2025 17:28,Social Media,-,No
97508,10-02-2025 20:14,Email,Retargeting,No
19400,11-02-2025 12:27,Direct Traffic,-,No
45571,10-02-2025 10:24,Search Ads,Discount Offer,Yes
54301,10-02-2025 11:11,Email,Retargeting,Yes
25195,10-02-2025 05:19,Display Ads,Winter Sale,No
54069,10-02-2025 06:30,Display Ads,Retargeting,No
16561,10-02-2025 06:16,Search Ads,New Product Launch,No
24508,11-02-2025 05:11,Referral,Brand Awareness,Yes
17702,11-02-2025 17:10,Email,Discount Offer,Yes
46662,10-02-2025 04:10,Display Ads,-,Yes
57455,10-02-2025 15:31,Social Media,-,Yes
61522,11-02-2025 05:36,Search Ads,New Product Launch,Yes
63243,11-02-2025 01:10,Direct Traffic,-,No
64142,11-02-2025 04:35,Direct Traffic,-,No
45415,10-02-2025 09:21,Display Ads,Retargeting,No
27023,10-02-2025 16:27,Display Ads,-,No
37559,10-02-2025 01:47,Email,-,No
78441,10-02-2025 18:04,Email,New Product Launch,No
92988,11-02-2025 04:56,Search Ads,-,No
82497,10-02-2025 05:58,Display Ads,Brand Awareness,No
56094,10-02-2025 14:16,Display Ads,Brand Awareness,Yes
10378,11-02-2025 05:56,Social Media,Discount Offer,Yes
17478,10-02-2025 11:34,Email,Winter Sale,Yes
20111,10-02-2025 15:35,Search Ads,Winter Sale,No
74139,11-02-2025 07:03,Search Ads,Brand Awareness,Yes
68681,11-02-2025 06:55,Social Media,Retargeting,Yes
73286,10-02-2025 05:22,Display Ads,Retargeting,No
59110,10-02-2025 04:06,Social Media,Discount Offer,Yes
71410,10-02-2025 16:08,Direct Traffic,-,Yes
95962,10-02-2025 01:35,Direct Traffic,-,Yes
31213,11-02-2025 17:58,Display Ads,Brand Awareness,Yes
98055,11-02-2025 21:35,Referral,New Product Launch,No
68615,10-02-2025 16:58,Social Media,New Product Launch,Yes
30274,11-02-2025 12:38,Social Media,Discount Offer,Yes
11914,10-02-2025 03:18,Display Ads,Brand Awareness,No
97899,10-02-2025 01:50,Email,New Product Launch,No
38857,11-02-2025 12:16,Search Ads,Brand Awareness,No
45796,10-02-2025 01:05,Direct Traffic,-,Yes
88061,10-02-2025 20:54,Social Media,Brand Awareness,No
37365,10-02-2025 18:21,Display Ads,Winter Sale,Yes
21668,10-02-2025 03:13,Display Ads,Brand Awareness,Yes
81406,11-02-2025 20:17,Direct Traffic,-,Yes
46592,11-02-2025 13:02,Social Media,-,Yes
37856,10-02-2025 00:14,Email,Winter Sale,No
40968,11-02-2025 03:37,Search Ads,Discount Offer,Yes
69737,10-02-2025 00:18,Display Ads,-,No
12275,11-02-2025 20:26,Search Ads,Discount Offer,No
92006,10-02-2025 04:34,Search Ads,Winter Sale,No
72561,11-02-2025 02:24,Direct Traffic,-,Yes
95799,11-02-2025 09:46,Email,Winter Sale,Yes
60888,11-02-2025 07:03,Search Ads,Discount Offer,No
67283,10-02-2025 05:45,Referral,New Product Launch,Yes
30299,11-02-2025 14:50,Direct Traffic,-,No
36427,10-02-2025 02:46,Social Media,-,Yes
34094,11-02-2025 09:32,Search Ads,Retargeting,No
12797,10-02-2025 00:04,Search Ads,Brand Awareness,Yes
73458,11-02-2025 03:51,Email,Winter Sale,No
31643,10-02-2025 09:16,Referral,-,Yes
74300,10-02-2025 07:41,Direct Traffic,-,No
91512,10-02-2025 18:23,Direct Traffic,-,Yes
49297,11-02-2025 06:28,Search Ads,Brand Awareness,No
12855,11-02-2025 06:24,Referral,Winter Sale,Yes
99147,10-02-2025 21:05,Search Ads,Retargeting,No
93708,10-02-2025 05:12,Display Ads,New Product Launch,Yes
59319,10-02-2025 20:17,Referral,Retargeting,No
55756,10-02-2025 14:34,Social Media,Retargeting,No
55755,10-02-2025 02:59,Email,Retargeting,No
88357,10-02-2025 19:07,Display Ads,Retargeting,No
67175,10-02-2025 19:24,Display Ads,Winter Sale,Yes
25104,10-02-2025 23:49,Display Ads,Brand Awareness,No
15082,11-02-2025 21:57,Direct Traffic,-,No
25369,11-02-2025 23:58,Social Media,-,Yes
49735,10-02-2025 17:42,Social Media,Discount Offer,No
71911,11-02-2025 05:38,Search Ads,Winter Sale,No
39056,10-02-2025 05:13,Direct Traffic,-,Yes
41941,11-02-2025 17:51,Social Media,Brand Awareness,Yes
43014,10-02-2025 09:38,Direct Traffic,-,Yes
66382,11-02-2025 12:12,Email,Retargeting,No
43930,10-02-2025 13:35,Email,New Product Launch,No
71078,11-02-2025 15:11,Social Media,Brand Awareness,Yes
19507,11-02-2025 09:45,Referral,-,Yes
62264,11-02-2025 16:13,Referral,Discount Offer,Yes
69421,11-02-2025 10:10,Search Ads,New Product Launch,No
66042,10-02-2025 22:56,Referral,Winter Sale,Yes
71460,11-02-2025 20:01,Direct Traffic,-,Yes
83712,11-02-2025 15:58,Email,Brand Awareness,Yes
58795,10-02-2025 07:02,Email,Winter Sale,Yes
57455,10-02-2025 03:32,Referral,New Product Launch,Yes
32299,10-02-2025 05:53,Referral,Brand Awareness,No
75033,11-02-2025 22:37,Direct Traffic,-,No
81053,10-02-2025 00:17,Display Ads,-,No
19754,11-02-2025 16:26,Email,Retargeting,No
12077,11-02-2025 21:10,Social Media,-,No
50926,10-02-2025 09:28,Direct Traffic,-,No
28289,11-02-2025 07:32,Email,-,No
23202,10-02-2025 04:40,Direct Traffic,-,No
43036,10-02-2025 19:10,Search Ads,-,Yes
82862,11-02-2025 07:26,Social Media,Discount Offer,Yes
12877,10-02-2025 02:08,Display Ads,Winter Sale,Yes
57951,10-02-2025 17:17,Social Media,Winter Sale,Yes
31134,10-02-2025 04:50,Search Ads,Brand Awareness,No
92043,10-02-2025 04:38,Email,New Product Launch,No
90969,10-02-2025 05:42,Referral,Brand Awareness,No
57372,10-02-2025 06:17,Display Ads,New Product Launch,Yes
22118,10-02-2025 01:09,Referral,Winter Sale,No
35886,11-02-2025 22:34,Display Ads,-,No
13480,10-02-2025 04:32,Display Ads,Winter Sale,No
50693,10-02-2025 17:05,Social Media,Retargeting,No
76909,11-02-2025 11:34,Social Media,Brand Awareness,Yes
67419,11-02-2025 11:59,Direct Traffic,-,Yes
98320,11-02-2025 08:26,Direct Traffic,-,Yes
81855,10-02-2025 19:24,Direct Traffic,-,No
67253,11-02-2025 12:49,Display Ads,-,Yes
84693,11-02-2025 03:18,Referral,New Product Launch,Yes
63505,11-02-2025 13:50,Social Media,New Product Launch,No
89340,10-02-2025 23:33,Referral,New Product Launch,Yes
30136,10-02-2025 02:05,Social Media,New Product Launch,No
50369,10-02-2025 07:51,Search Ads,Discount Offer,No
48867,11-02-2025 10:06,Referral,New Product Launch,Yes
53902,11-02-2025 12:48,Referral,Winter Sale,Yes
81563,11-02-2025 23:15,Referral,Winter Sale,No
91541,11-02-2025 23:49,Referral,Winter Sale,No
42006,10-02-2025 14:21,Referral,New Product Launch,No
53932,11-02-2025 09:39,Email,Retargeting,Yes
71927,10-02-2025 03:06,Direct Traffic,-,No
43847,11-02-2025 19:07,Email,Retargeting,No
11686,11-02-2025 02:38,Display Ads,Discount Offer,No
78514,11-02-2025 12:57,Email,New Product Launch,Yes
76240,11-02-2025 19:42,Search Ads,-,Yes
59840,11-02-2025 23:41,Email,-,Yes
73286,11-02-2025 00:10,Search Ads,Retargeting,No
88692,10-02-2025 14:43,Direct Traffic,-,Yes
31021,10-02-2025 06:30,Display Ads,Winter Sale,Yes
87893,11-02-2025 03:01,Search Ads,-,No
72645,10-02-2025 21:21,Display Ads,Discount Offer,No
85426,11-02-2025 11:45,Search Ads,Brand Awareness,Yes
10120,10-02-2025 16:31,Email,Winter Sale,Yes
25195,10-02-2025 17:54,Social Media,Discount Offer,Yes
67155,10-02-2025 06:13,Direct Traffic,-,No
27470,11-02-2025 08:13,Direct Traffic,-,Yes
21116,11-02-2025 06:40,Social Media,-,No
55808,10-02-2025 13:26,Social Media,Brand Awareness,No
83254,11-02-2025 15:37,Email,Retargeting,Yes
69217,10-02-2025 01:09,Referral,Winter Sale,Yes
13806,10-02-2025 00:05,Search Ads,-,No
91565,11-02-2025 04:52,Display Ads,Winter Sale,Yes
68367,11-02-2025 13:39,Direct Traffic,-,No
82166,11-02-2025 14:29,Search Ads,Winter Sale,No
33019,11-02-2025 21:30,Direct Traffic,-,No
91641,11-02-2025 12:16,Search Ads,Discount Offer,Yes
95870,11-02-2025 11:18,Display Ads,-,No
92346,10-02-2025 07:21,Direct Traffic,-,Yes
83912,11-02-2025 06:49,Display Ads,-,Yes
64032,11-02-2025 13:39,Display Ads,New Product Launch,Yes
68751,10-02-2025 23:15,Direct Traffic,-,Yes
89953,10-02-2025 01:01,Display Ads,New Product Launch,No
31070,11-02-2025 12:18,Referral,New Product Launch,No
71941,11-02-2025 05:39,Email,New Product Launch,Yes
44484,10-02-2025 22:05,Social Media,Brand Awareness,Yes
43883,10-02-2025 09:58,Social Media,-,Yes
14212,11-02-2025 17:11,Direct Traffic,-,Yes
17702,10-02-2025 14:58,Email,Discount Offer,No
48732,10-02-2025 07:01,Email,Winter Sale,Yes
20632,11-02-2025 02:46,Direct Traffic,-,Yes
27048,10-02-2025 21:42,Direct Traffic,-,Yes
92699,11-02-2025 04:06,Social Media,Retargeting,Yes
33497,10-02-2025 04:30,Referral,Discount Offer,Yes
98275,11-02-2025 18:59,Search Ads,Brand Awareness,No
85587,10-02-2025 08:03,Email,Discount Offer,No
25254,10-02-2025 00:56,Referral,Brand Awareness,Yes
83962,10-02-2025 23:58,Email,-,No
30460,10-02-2025 07:37,Direct Traffic,-,No
44400,11-02-2025 05:25,Display Ads,Brand Awareness,Yes
22343,10-02-2025 11:20,Social Media,New Product Launch,No
67283,11-02-2025 22:40,Direct Traffic,-,No
25547,11-02-2025 18:24,Email,Winter Sale,Yes
88885,11-02-2025 00:44,Direct Traffic,-,No
21504,10-02-2025 13:05,Search Ads,Brand Awareness,Yes
46373,11-02-2025 23:38,Social Media,-,No
66748,10-02-2025 06:21,Direct Traffic,-,No
12275,10-02-2025 01:14,Email,Discount Offer,Yes
60660,10-02-2025 19:31,Display Ads,Brand Awareness,Yes
15582,11-02-2025 22:55,Direct Traffic,-,No
99321,10-02-2025 18:35,Direct Traffic,-,No
76276,10-02-2025 11:04,Direct Traffic,-,No
71497,10-02-2025 23:07,Referral,Brand Awareness,No
10518,11-02-2025 12:17,Referral,-,Yes
33517,10-02-2025 23:41,Search Ads,Brand Awareness,No
54301,11-02-2025 11:24,Display Ads,-,No
11257,10-02-2025 13:08,Email,Brand Awareness,No
55355,11-02-2025 04:18,Referral,New Product Launch,No
41641,11-02-2025 08:12,Social Media,-,Yes
61053,11-02-2025 03:41,Direct Traffic,-,No
93802,10-02-2025 16:20,Direct Traffic,-,Yes
23233,10-02-2025 13:48,Direct Traffic,-,Yes
46977,11-02-2025 13:47,Email,-,No
13426,11-02-2025 00:10,Email,New Product Launch,No
60095,10-02-2025 10:29,Display Ads,New Product Launch,Yes
40130,11-02-2025 03:15,Direct Traffic,-,Yes
29461,11-02-2025 11:20,Email,Discount Offer,No
15582,10-02-2025 01:00,Email,New Product Launch,Yes
22270,10-02-2025 09:25,Search Ads,New Product Launch,No
54440,11-02-2025 23:13,Direct Traffic,-,No
22723,11-02-2025 04:03,Display Ads,New Product Launch,Yes
41641,10-02-2025 00:30,Email,-,Yes
19967,10-02-2025 01:28,Direct Traffic,-,No
53902,11-02-2025 01:16,Social Media,New Product Launch,No
98683,10-02-2025 07:25,Search Ads,Brand Awareness,No
36074,10-02-2025 13:32,Referral,Retargeting,No
80549,11-02-2025 13:36,Referral,Winter Sale,No
44882,10-02-2025 23:32,Search Ads,Winter Sale,No
28623,11-02-2025 04:55,Search Ads,Discount Offer,Yes
77968,11-02-2025 23:18,Email,Winter Sale,Yes
16713,10-02-2025 02:46,Email,New Product Launch,Yes
21596,11-02-2025 18:04,Referral,New Product Launch,Yes
38483,11-02-2025 19:18,Email,-,No
44038,11-02-2025 22:29,Social Media,Brand Awareness,No
45315,10-02-2025 00:51,Referral,Winter Sale,No
47094,11-02-2025 08:24,Search Ads,Discount Offer,No
27589,10-02-2025 12:54,Social Media,Brand Awareness,Yes
21667,11-02-2025 13:55,Email,Winter Sale,No
95449,11-02-2025 21:43,Direct Traffic,-,Yes
28265,10-02-2025 11:50,Email,Winter Sale,Yes
10654,11-02-2025 04:44,Search Ads,New Product Launch,No
99481,10-02-2025 09:33,Social Media,New Product Launch,Yes
16337,10-02-2025 17:31,Direct Traffic,-,Yes
79835,11-02-2025 20:14,Referral,Brand Awareness,No
86889,11-02-2025 09:02,Social Media,Retargeting,No
79268,11-02-2025 07:22,Search Ads,Discount Offer,Yes
27971,11-02-2025 11:11,Display Ads,Retargeting,Yes
77688,10-02-2025 01:30,Direct Traffic,-,Yes
85651,10-02-2025 13:08,Direct Traffic,-,Yes
89110,11-02-2025 17:31,Direct Traffic,-,Yes
25147,10-02-2025 18:57,Display Ads,New Product Launch,No
42353,10-02-2025 04:19,Display Ads,New Product Launch,Yes
95799,10-02-2025 07:47,Display Ads,Retargeting,Yes
83489,10-02-2025 23:03,Referral,New Product Launch,Yes
71094,10-02-2025 21:48,Display Ads,Winter Sale,Yes
94825,11-02-2025 11:38,Display Ads,Brand Awareness,Yes
36840,10-02-2025 02:19,Social Media,New Product Launch,Yes
28268,11-02-2025 03:39,Search Ads,New Product Launch,Yes
76328,11-02-2025 21:24,Email,Retargeting,No
59033,11-02-2025 00:35,Referral,-,Yes
54727,10-02-2025 21:57,Social Media,Discount Offer,Yes
62264,10-02-2025 15:24,Social Media,Winter Sale,Yes
31126,10-02-2025 19:00,Search Ads,-,No
23968,11-02-2025 04:09,Display Ads,Discount Offer,No
35942,11-02-2025 04:52,Social Media,Discount Offer,No
81711,10-02-2025 06:47,Social Media,New Product Launch,Yes
40808,11-02-2025 13:21,Email,Discount Offer,Yes
97529,10-02-2025 09:30,Search Ads,-,No
47740,11-02-2025 09:41,Direct Traffic,-,Yes
31581,10-02-2025 10:38,Email,New Product Launch,No
99490,11-02-2025 05:16,Search Ads,-,No
47509,11-02-2025 11:07,Display Ads,New Product Launch,Yes
98015,11-02-2025 02:11,Referral,Brand Awareness,No
84041,11-02-2025 02:15,Direct Traffic,-,Yes
65743,10-02-2025 03:35,Social Media,Retargeting,No
28556,10-02-2025 13:50,Direct Traffic,-,No
58768,11-02-2025 21:09,Search Ads,New Product Launch,Yes
37659,11-02-2025 06:01,Referral,New Product Launch,No
82182,11-02-2025 05:30,Search Ads,Discount Offer,Yes
17566,10-02-2025 07:41,Social Media,-,Yes
14798,11-02-2025 16:29,Direct Traffic,-,No
44474,11-02-2025 07:09,Email,-,No
39994,10-02-2025 17:20,Search Ads,New Product Launch,Yes
95461,11-02-2025 20:46,Referral,Discount Offer,No
47151,10-02-2025 02:31,Email,New Product Launch,No
56993,10-02-2025 00:03,Email,-,Yes
55829,11-02-2025 00:03,Referral,Discount Offer,Yes
74104,10-02-2025 02:33,Referral,New Product Launch,No
10766,10-02-2025 15:17,Social Media,Brand Awareness,Yes
19759,10-02-2025 11:55,Email,Brand Awareness,Yes
56041,11-02-2025 05:13,Search Ads,Winter Sale,No
45681,10-02-2025 11:17,Social Media,Brand Awareness,Yes
27167,11-02-2025 19:45,Referral,Winter Sale,Yes
28623,10-02-2025 13:58,Direct Traffic,-,Yes
72045,11-02-2025 21:29,Social Media,Discount Offer,Yes
61062,10-02-2025 08:28,Direct Traffic,-,Yes
94253,11-02-2025 19:48,Search Ads,Retargeting,No
60684,11-02-2025 01:28,Display Ads,Brand Awareness,Yes
33345,11-02-2025 15:08,Social Media,Winter Sale,No
64713,11-02-2025 15:38,Display Ads,Winter Sale,No
91565,11-02-2025 10:10,Direct Traffic,-,Yes
60974,11-02-2025 22:56,Display Ads,Retargeting,No
10028,11-02-2025 01:03,Display Ads,-,Yes
64440,11-02-2025 18:58,Display Ads,Discount Offer,No
84928,10-02-2025 14:46,Direct Traffic,-,Yes
50839,11-02-2025 03:58,Social Media,Brand Awareness,Yes
43767,11-02-2025 09:10,Direct Traffic,-,Yes
30141,11-02-2025 19:47,Search Ads,Retargeting,Yes
25284,11-02-2025 11:21,Search Ads,-,No
66060,11-02-2025 20:16,Direct Traffic,-,Yes
18699,10-02-2025 22:08,Email,-,Yes
36115,11-02-2025 11:46,Social Media,Retargeting,No
61368,11-02-2025 07:28,Search Ads,-,Yes
29877,11-02-2025 23:08,Email,Winter Sale,Yes
56297,11-02-2025 03:10,Referral,New Product Launch,No
22943,11-02-2025 06:35,Display Ads,New Product Launch,No
56912,10-02-2025 03:02,Display Ads,Brand Awareness,Yes
52864,10-02-2025 13:17,Referral,-,No
89180,11-02-2025 10:38,Display Ads,Brand Awareness,No
61062,10-02-2025 01:33,Referral,-,No
10654,10-02-2025 02:38,Search Ads,-,No
48753,11-02-2025 15:57,Social Media,-,No
93476,10-02-2025 19:14,Referral,-,No
23733,11-02-2025 20:36,Referral,Discount Offer,Yes
93592,11-02-2025 09:00,Direct Traffic,-,No
64528,10-02-2025 17:25,Display Ads,New Product Launch,No
13967,10-02-2025 09:42,Social Media,Winter Sale,No
34143,11-02-2025 07:26,Direct Traffic,-,Yes
41422,11-02-2025 04:42,Social Media,New Product Launch,Yes
26622,11-02-2025 10:43,Search Ads,Retargeting,Yes
96629,11-02-2025 17:14,Search Ads,Brand Awareness,Yes
17761,10-02-2025 22:34,Referral,New Product Launch,No
14398,11-02-2025 14:15,Social Media,Discount Offer,Yes
95648,10-02-2025 12:10,Referral,Winter Sale,No
71410,10-02-2025 17:22,Email,Discount Offer,Yes
22516,10-02-2025 04:14,Search Ads,Brand Awareness,No
85725,10-02-2025 14:50,Direct Traffic,-,Yes
59281,10-02-2025 23:31,Referral,Discount Offer,Yes
50942,11-02-2025 12:10,Search Ads,Discount Offer,No
50369,11-02-2025 01:12,Display Ads,-,No
59899,10-02-2025 12:45,Direct Traffic,-,Yes
49073,10-02-2025 05:53,Search Ads,Discount Offer,No
13035,11-02-2025 16:06,Direct Traffic,-,Yes
37051,11-02-2025 13:01,Social Media,Discount Offer,Yes
24526,10-02-2025 01:13,Display Ads,Discount Offer,No
19184,11-02-2025 09:32,Display Ads,Retargeting,No
67211,11-02-2025 17:56,Referral,Discount Offer,Yes
35873,11-02-2025 23:32,Social Media,-,No
88515,11-02-2025 07:38,Social Media,Retargeting,No
79087,10-02-2025 17:30,Direct Traffic,-,No
14978,10-02-2025 17:15,Search Ads,Winter Sale,No
17478,10-02-2025 03:31,Referral,Retargeting,Yes
76181,10-02-2025 21:00,Display Ads,Brand Awareness,Yes
55227,11-02-2025 18:44,Search Ads,-,No
79906,10-02-2025 01:29,Display Ads,Brand Awareness,Yes
71570,10-02-2025 20:30,Referral,Brand Awareness,No
24251,10-02-2025 11:56,Referral,-,No
73945,10-02-2025 17:51,Email,Retargeting,No
36717,10-02-2025 04:03,Search Ads,Winter Sale,No
59722,11-02-2025 05:58,Display Ads,New Product Launch,No
31021,10-02-2025 11:58,Referral,Winter Sale,Yes
94174,10-02-2025 20:14,Social Media,Discount Offer,Yes
68641,11-02-2025 19:13,Direct Traffic,-,No
88708,11-02-2025 06:26,Social Media,Brand Awareness,Yes
36377,11-02-2025 03:44,Display Ads,Brand Awareness,No
60798,10-02-2025 17:36,Social Media,Winter Sale,Yes
61685,10-02-2025 11:56,Referral,New Product Launch,Yes
17012,10-02-2025 01:53,Direct Traffic,-,Yes
33578,10-02-2025 08:02,Email,Discount Offer,No
49735,11-02-2025 16:27,Social Media,New Product Launch,No
72645,11-02-2025 17:10,Referral,Brand Awareness,Yes
26328,11-02-2025 19:54,Social Media,Discount Offer,Yes
25547,11-02-2025 22:42,Display Ads,Retargeting,Yes
27571,11-02-2025 14:47,Direct Traffic,-,Yes
28385,10-02-2025 05:42,Referral,Brand Awareness,No
76717,10-02-2025 02:50,Referral,New Product Launch,No
32839,11-02-2025 23:07,Referral,Discount Offer,No
11741,10-02-2025 07:51,Display Ads,Retargeting,Yes
22270,11-02-2025 07:42,Email,Retargeting,No
93942,11-02-2025 12:23,Email,Retargeting,Yes
84693,11-02-2025 16:04,Direct Traffic,-,Yes
95739,11-02-2025 04:33,Email,New Product Launch,Yes
16756,10-02-2025 23:55,Direct Traffic,-,No
24594,10-02-2025 12:23,Direct Traffic,-,No
51640,11-02-2025 15:41,Display Ads,-,Yes
81974,11-02-2025 15:28,Search Ads,Winter Sale,Yes
84203,10-02-2025 18:23,Direct Traffic,-,Yes
24215,10-02-2025 20:31,Display Ads,-,Yes
69217,11-02-2025 18:01,Search Ads,Brand Awareness,No
59899,10-02-2025 01:40,Social Media,-,No
11416,10-02-2025 22:26,Direct Traffic,-,Yes
94070,10-02-2025 07:22,Search Ads,New Product Launch,Yes
36457,11-02-2025 10:32,Referral,Brand Awareness,Yes
28481,11-02-2025 23:07,Email,New Product Launch,Yes
85722,10-02-2025 07:38,Email,Retargeting,No
10442,10-02-2025 05:15,Direct Traffic,-,Yes
53526,10-02-2025 00:08,Email,New Product Launch,Yes
33497,10-02-2025 06:27,Social Media,Discount Offer,No
80967,11-02-2025 13:50,Social Media,Winter Sale,Yes
15190,11-02-2025 06:17,Email,Brand Awareness,Yes
29709,10-02-2025 21:05,Social Media,New Product Launch,Yes
49991,10-02-2025 20:17,Referral,New Product Launch,Yes
63416,11-02-2025 06:03,Referral,Retargeting,No
64263,10-02-2025 00:35,Search Ads,Winter Sale,Yes
56160,11-02-2025 13:57,Referral,Retargeting,Yes
65740,10-02-2025 00:46,Display Ads,-,Yes
94174,10-02-2025 08:30,Search Ads,Discount Offer,No
62101,11-02-2025 18:20,Direct Traffic,-,Yes
24526,10-02-2025 15:44,Social Media,Brand Awareness,Yes
50942,10-02-2025 16:55,Direct Traffic,-,No
32839,11-02-2025 18:51,Email,Discount Offer,Yes
73721,11-02-2025 04:56,Social Media,Brand Awareness,Yes
25195,11-02-2025 20:55,Search Ads,-,No
42457,10-02-2025 04:28,Email,New Product Launch,No
34737,11-02-2025 13:30,Referral,Brand Awareness,No
48867,11-02-2025 04:34,Direct Traffic,-,No
26511,10-02-2025 14:17,Display Ads,Brand Awareness,No
71985,10-02-2025 04:08,Email,New Product Launch,Yes
49673,10-02-2025 21:53,Search Ads,Brand Awareness,Yes
65820,11-02-2025 08:01,Direct Traffic,-,No
28413,11-02-2025 09:45,Referral,-,No
43931,11-02-2025 01:54,Referral,Retargeting,Yes
55190,10-02-2025 15:57,Direct Traffic,-,Yes
79091,11-02-2025 23:13,Social Media,-,No
43847,11-02-2025 15:42,Social Media,Retargeting,Yes
82667,11-02-2025 18:05,Social Media,Discount Offer,Yes
95402,11-02-2025 20:58,Referral,Brand Awareness,Yes
79571,10-02-2025 00:02,Search Ads,Retargeting,No
22917,11-02-2025 09:23,Search Ads,Brand Awareness,Yes
28387,11-02-2025 03:45,Search Ads,Discount Offer,Yes
87938,11-02-2025 01:57,Search Ads,New Product Launch,No
30989,10-02-2025 17:00,Email,Brand Awareness,Yes
24221,10-02-2025 13:07,Email,Discount Offer,No
82330,11-02-2025 07:32,Direct Traffic,-,No
49913,11-02-2025 01:12,Direct Traffic,-,No
42610,11-02-2025 16:56,Email,Retargeting,No
75293,10-02-2025 15:49,Social Media,-,No
11295,10-02-2025 16:46,Social Media,Discount Offer,No
26537,10-02-2025 06:12,Social Media,New Product Launch,Yes
26582,10-02-2025 20:15,Display Ads,Winter Sale,No
34587,11-02-2025 04:41,Direct Traffic,-,Yes
74534,10-02-2025 01:34,Search Ads,New Product Launch,No
31213,11-02-2025 15:33,Email,New Product Launch,No
61062,10-02-2025 08:17,Search Ads,Discount Offer,Yes
33190,11-02-2025 18:25,Referral,Discount Offer,No
89619,11-02-2025 03:35,Referral,Retargeting,Yes
20743,10-02-2025 12:33,Referral,Brand Awareness,No
77098,10-02-2025 12:14,Direct Traffic,-,Yes
11661,11-02-2025 12:43,Social Media,Winter Sale,No
56987,11-02-2025 03:26,Referral,Retargeting,No
89174,10-02-2025 03:12,Direct Traffic,-,No
29914,10-02-2025 20:25,Social Media,Winter Sale,Yes
76514,11-02-2025 02:47,Display Ads,-,No
12350,10-02-2025 07:45,Direct Traffic,-,No
83281,10-02-2025 19:13,Email,-,No
73105,10-02-2025 17:18,Referral,Winter Sale,Yes
62079,11-02-2025 01:30,Search Ads,New Product Launch,No
38857,10-02-2025 00:01,Search Ads,New Product Launch,Yes
20021,10-02-2025 00:43,Display Ads,Discount Offer,No
59631,10-02-2025 15:34,Social Media,Winter Sale,Yes
73412,11-02-2025 04:17,Display Ads,Discount Offer,Yes
89240,10-02-2025 21:27,Direct Traffic,-,Yes
72561,10-02-2025 08:55,Display Ads,Brand Awareness,Yes
43531,10-02-2025 17:20,Social Media,Retargeting,No
59899,11-02-2025 23:16,Direct Traffic,-,No
36044,11-02-2025 22:09,Display Ads,-,No
71979,11-02-2025 17:13,Email,New Product Launch,No
98079,11-02-2025 16:52,Email,Brand Awareness,Yes
17761,10-02-2025 00:06,Direct Traffic,-,Yes
22011,11-02-2025 18:13,Display Ads,Discount Offer,No
92972,11-02-2025 03:48,Referral,Retargeting,No
44719,10-02-2025 07:26,Search Ads,Winter Sale,Yes
45415,11-02-2025 10:43,Search Ads,New Product Launch,Yes
89214,10-02-2025 21:50,Social Media,Retargeting,Yes
68042,11-02-2025 07:39,Email,-,No
22673,11-02-2025 20:41,Email,New Product Launch,Yes
25362,10-02-2025 19:51,Referral,Retargeting,Yes
99250,10-02-2025 02:02,Referral,Winter Sale,No
84512,11-02-2025 12:59,Direct Traffic,-,Yes
24212,10-02-2025 06:24,Social Media,-,Yes
34708,10-02-2025 12:39,Referral,Retargeting,No
46491,11-02-2025 05:40,Search Ads,Winter Sale,Yes
84060,10-02-2025 09:37,Direct Traffic,-,Yes
78574,11-02-2025 06:38,Social Media,New Product Launch,No
81152,11-02-2025 19:49,Direct Traffic,-,Yes
83281,10-02-2025 23:56,Display Ads,-,No
68071,11-02-2025 02:10,Display Ads,New Product Launch,No
49243,11-02-2025 08:21,Email,Brand Awareness,No
29113,10-02-2025 00:10,Direct Traffic,-,No
85902,10-02-2025 09:04,Referral,Winter Sale,Yes
65575,10-02-2025 07:37,Direct Traffic,-,Yes
79781,10-02-2025 19:05,Direct Traffic,-,Yes
22118,11-02-2025 20:40,Search Ads,Retargeting,No
45477,10-02-2025 15:57,Display Ads,Brand Awareness,No
62875,11-02-2025 16:13,Social Media,Winter Sale,No
45340,10-02-2025 08:02,Direct Traffic,-,No
81545,11-02-2025 16:26,Display Ads,-,Yes
45845,10-02-2025 22:55,Search Ads,Retargeting,No
37002,11-02-2025 17:24,Referral,Discount Offer,Yes
99799,10-02-2025 22:14,Referral,-,Yes
54048,10-02-2025 20:21,Display Ads,Brand Awareness,No
57726,10-02-2025 04:04,Email,New Product Launch,Yes
72077,10-02-2025 06:14,Search Ads,New Product Launch,Yes
62089,11-02-2025 19:47,Email,Winter Sale,No
79268,11-02-2025 20:40,Social Media,Brand Awareness,Yes
52660,10-02-2025 11:50,Social Media,New Product Launch,Yes
94388,11-02-2025 08:30,Direct Traffic,-,Yes
49053,11-02-2025 20:21,Referral,Discount Offer,Yes
42610,10-02-2025 11:24,Direct Traffic,-,No
92234,10-02-2025 22:53,Referral,-,No
69316,11-02-2025 06:14,Direct Traffic,-,Yes
35830,11-02-2025 14:09,Email,Retargeting,No
32424,10-02-2025 18:00,Referral,Discount Offer,No
57318,10-02-2025 08:56,Direct Traffic,-,No
93161,10-02-2025 12:24,Search Ads,Discount Offer,No
91512,10-02-2025 00:44,Direct Traffic,-,No
94623,11-02-2025 01:35,Direct Traffic,-,Yes
41667,11-02-2025 05:17,Social Media,Winter Sale,Yes
65881,11-02-2025 01:36,Search Ads,Brand Awareness,Yes
74894,11-02-2025 05:04,Direct Traffic,-,No
33979,10-02-2025 07:26,Email,Winter Sale,No
90974,10-02-2025 02:43,Search Ads,-,No
81563,11-02-2025 07:47,Display Ads,Brand Awareness,Yes
91630,10-02-2025 18:35,Referral,-,Yes
26693,10-02-2025 16:10,Direct Traffic,-,Yes
40597,11-02-2025 15:09,Social Media,Brand Awareness,Yes
44272,11-02-2025 06:01,Referral,Discount Offer,No
99995,11-02-2025 15:07,Email,Retargeting,Yes
34390,10-02-2025 22:06,Social Media,Winter Sale,No
83254,10-02-2025 02:56,Display Ads,New Product Launch,Yes
10317,11-02-2025 16:55,Display Ads,Brand Awareness,Yes
84041,11-02-2025 14:35,Referral,New Product Launch,No
60484,11-02-2025 21:00,Search Ads,Winter Sale,No
29031,11-02-2025 15:45,Social Media,Winter Sale,No
23206,11-02-2025 03:30,Referral,Retargeting,Yes
89240,10-02-2025 00:34,Social Media,Retargeting,No
95886,11-02-2025 14:34,Search Ads,Retargeting,No
41612,10-02-2025 16:45,Referral,Brand Awareness,No
25615,10-02-2025 00:16,Email,Discount Offer,Yes
41941,11-02-2025 08:14,Social Media,Brand Awareness,No
56666,10-02-2025 02:14,Direct Traffic,-,Yes
82044,10-02-2025 15:47,Referral,Brand Awareness,Yes
65497,11-02-2025 02:06,Email,Winter Sale,No
69729,10-02-2025 18:23,Direct Traffic,-,No
82929,11-02-2025 17:43,Search Ads,New Product Launch,No
74686,11-02-2025 00:16,Direct Traffic,-,Yes
28918,11-02-2025 08:01,Display Ads,Retargeting,No
65740,11-02-2025 09:25,Email,Brand Awareness,No
48298,11-02-2025 02:36,Social Media,Discount Offer,Yes
61401,11-02-2025 22:08,Email,New Product Launch,No
89367,11-02-2025 03:45,Display Ads,New Product Launch,Yes
69282,10-02-2025 01:50,Email,Winter Sale,Yes
22917,10-02-2025 01:40,Social Media,Discount Offer,No
24576,10-02-2025 06:45,Direct Traffic,-,Yes
56007,10-02-2025 00:30,Display Ads,-,No
10202,11-02-2025 21:53,Search Ads,New Product Launch,Yes
91966,10-02-2025 13:33,Social Media,-,Yes
32897,11-02-2025 15:02,Referral,New Product Launch,Yes
62446,11-02-2025 10:31,Referral,New Product Launch,Yes
39101,10-02-2025 00:16,Email,Discount Offer,No
22516,11-02-2025 11:57,Social Media,Discount Offer,No
46667,11-02-2025 20:56,Referral,Brand Awareness,No
46592,11-02-2025 01:54,Display Ads,Brand Awareness,Yes
28265,11-02-2025 08:03,Search Ads,Winter Sale,Yes
15418,10-02-2025 17:16,Direct Traffic,-,No
99697,11-02-2025 06:14,Email,Brand Awareness,Yes
25544,10-02-2025 19:53,Social Media,Brand Awareness,No
68849,11-02-2025 01:56,Social Media,-,No
95694,11-02-2025 12:58,Email,Discount Offer,Yes
27942,11-02-2025 10:30,Referral,-,Yes
59251,11-02-2025 03:52,Display Ads,New Product Launch,No
46070,11-02-2025 01:30,Search Ads,Brand Awareness,No
62905,11-02-2025 05:59,Direct Traffic,-,No
45845,11-02-2025 14:27,Display Ads,New Product Launch,Yes
28870,10-02-2025 06:20,Display Ads,New Product Launch,No
37902,10-02-2025 17:51,Referral,New Product Launch,Yes
33382,11-02-2025 13:09,Social Media,Brand Awareness,No
47740,11-02-2025 23:37,Referral,Winter Sale,No
70492,10-02-2025 12:24,Email,Brand Awareness,Yes
37365,11-02-2025 00:28,Search Ads,Retargeting,No
61514,11-02-2025 22:07,Referral,New Product Launch,No
89367,11-02-2025 02:38,Email,Retargeting,No
33382,11-02-2025 19:20,Referral,-,No
84690,11-02-2025 13:08,Direct Traffic,-,No
73762,11-02-2025 14:17,Email,Brand Awareness,Yes
83147,10-02-2025 09:42,Referral,Winter Sale,Yes
32651,11-02-2025 08:22,Direct Traffic,-,No
20400,11-02-2025 21:10,Email,Discount Offer,No
42978,11-02-2025 07:46,Search Ads,Brand Awareness,Yes
69351,11-02-2025 22:14,Display Ads,Winter Sale,Yes
86081,10-02-2025 11:34,Social Media,Brand Awareness,Yes
52328,10-02-2025 08:17,Email,New Product Launch,No
27513,11-02-2025 09:22,Display Ads,Retargeting,No
25377,10-02-2025 16:56,Direct Traffic,-,Yes
64142,11-02-2025 02:42,Referral,Winter Sale,Yes
19180,10-02-2025 14:50,Social Media,Discount Offer,No
33367,11-02-2025 13:17,Email,Discount Offer,Yes
60881,10-02-2025 01:02,Social Media,Retargeting,Yes
63091,11-02-2025 01:38,Email,New Product Launch,No
94646,11-02-2025 18:22,Email,Winter Sale,No
38175,10-02-2025 17:43,Display Ads,Winter Sale,Yes
95590,10-02-2025 21:11,Display Ads,Winter Sale,No
86889,10-02-2025 12:19,Search Ads,Brand Awareness,No
75656,10-02-2025 17:40,Email,Discount Offer,No
30446,11-02-2025 12:00,Display Ads,New Product Launch,No
29809,10-02-2025 09:58,Direct Traffic,-,No
27306,11-02-2025 04:29,Social Media,-,Yes
87436,11-02-2025 21:45,Direct Traffic,-,No
25019,11-02-2025 14:11,Search Ads,Discount Offer,No
30419,11-02-2025 14:59,Direct Traffic,-,No
79883,10-02-2025 16:16,Email,-,Yes
69301,10-02-2025 10:28,Display Ads,-,Yes
24734,11-02-2025 11:49,Search Ads,Retargeting,No
16756,11-02-2025 16:13,Search Ads,Brand Awareness,Yes
83952,11-02-2025 12:50,Email,New Product Launch,Yes
77790,10-02-2025 10:05,Social Media,New Product Launch,No
55808,10-02-2025 15:04,Referral,-,No
94388,10-02-2025 13:26,Referral,-,Yes
90131,11-02-2025 21:53,Display Ads,New Product Launch,Yes
91879,11-02-2025 09:49,Display Ads,New Product Launch,No
74686,10-02-2025 04:58,Social Media,Retargeting,No
25303,10-02-2025 12:38,Referral,Brand Awareness,No
63471,11-02-2025 16:17,Display Ads,Winter Sale,Yes
80527,11-02-2025 23:52,Direct Traffic,-,Yes
50250,10-02-2025 16:27,Referral,Retargeting,No
19184,10-02-2025 00:36,Display Ads,New Product Launch,Yes
52806,10-02-2025 23:49,Referral,Brand Awareness,No
88868,10-02-2025 21:40,Search Ads,Discount Offer,No
88567,11-02-2025 03:10,Direct Traffic,-,No
54440,11-02-2025 09:09,Email,Winter Sale,Yes
33421,11-02-2025 12:01,Email,Discount Offer,Yes
63511,10-02-2025 14:18,Search Ads,New Product Launch,No
53526,11-02-2025 12:22,Referral,-,No
54739,10-02-2025 15:55,Email,Winter Sale,No
21343,10-02-2025 03:16,Social Media,Brand Awareness,Yes
38175,10-02-2025 23:27,Direct Traffic,-,Yes
85343,10-02-2025 07:45,Email,Brand Awareness,Yes
94970,11-02-2025 11:31,Search Ads,Brand Awareness,Yes
82774,11-02-2025 11:49,Referral,New Product Launch,No
65708,10-02-2025 16:50,Direct Traffic,-,No
12712,11-02-2025 05:29,Direct Traffic,-,No
45310,10-02-2025 12:43,Display Ads,Discount Offer,No
70659,10-02-2025 22:24,Email,Discount Offer,No
46334,11-02-2025 13:22,Email,New Product Launch,Yes
80392,11-02-2025 10:13,Direct Traffic,-,Yes
67455,10-02-2025 20:54,Social Media,Brand Awareness,No
81689,11-02-2025 15:01,Display Ads,Winter Sale,Yes
30910,11-02-2025 18:45,Social Media,-,No
59144,10-02-2025 16:09,Referral,Retargeting,Yes
37386,10-02-2025 02:44,Direct Traffic,-,Yes
55190,10-02-2025 13:42,Referral,Winter Sale,Yes
30578,11-02-2025 12:20,Referral,Discount Offer,No
28289,11-02-2025 10:16,Email,Discount Offer,Yes
29664,10-02-2025 21:07,Social Media,-,Yes
48732,11-02-2025 03:06,Display Ads,New Product Launch,Yes
39144,10-02-2025 08:27,Social Media,Winter Sale,No
48706,10-02-2025 09:14,Search Ads,Winter Sale,No
43930,11-02-2025 17:41,Display Ads,Brand Awareness,Yes
31126,11-02-2025 15:05,Search Ads,New Product Launch,Yes
12641,11-02-2025 22:29,Referral,Brand Awareness,No
85459,11-02-2025 04:10,Search Ads,Discount Offer,No
27023,11-02-2025 12:30,Email,New Product Launch,No
48089,10-02-2025 05:39,Referral,Brand Awareness,Yes
20985,11-02-2025 12:45,Direct Traffic,-,No
31340,10-02-2025 00:25,Direct Traffic,-,Yes
78712,10-02-2025 20:04,Display Ads,Brand Awareness,Yes
29261,10-02-2025 16:57,Email,Brand Awareness,No
65966,11-02-2025 08:24,Display Ads,Brand Awareness,Yes
82050,10-02-2025 03:15,Referral,Retargeting,No
57166,11-02-2025 03:23,Search Ads,Retargeting,No
92914,10-02-2025 01:49,Email,Retargeting,No
90897,10-02-2025 12:42,Direct Traffic,-,Yes
79692,11-02-2025 22:34,Search Ads,Retargeting,No
11058,11-02-2025 16:27,Email,Winter Sale,No
56968,10-02-2025 06:26,Social Media,Brand Awareness,No
80804,10-02-2025 18:53,Display Ads,Brand Awareness,No
83578,10-02-2025 17:59,Email,-,Yes
39460,11-02-2025 10:21,Search Ads,Discount Offer,No
80967,11-02-2025 00:07,Email,-,Yes
63709,10-02-2025 23:52,Email,-,Yes
32424,10-02-2025 05:54,Referral,Brand Awareness,Yes
49673,11-02-2025 08:06,Social Media,Winter Sale,Yes
17863,11-02-2025 10:49,Email,Winter Sale,Yes
23209,11-02-2025 07:03,Search Ads,Discount Offer,Yes
65175,10-02-2025 07:02,Display Ads,Retargeting,Yes
26827,11-02-2025 10:47,Display Ads,New Product Launch,No
73721,10-02-2025 14:24,Email,Brand Awareness,No
78831,11-02-2025 01:41,Referral,New Product Launch,Yes
30910,10-02-2025 03:37,Referral,Discount Offer,Yes
23206,11-02-2025 07:13,Email,-,No
78420,11-02-2025 14:57,Search Ads,New Product Launch,No
30989,11-02-2025 20:37,Display Ads,Winter Sale,No
76040,11-02-2025 18:16,Display Ads,Brand Awareness,No
95303,10-02-2025 07:15,Referral,Winter Sale,Yes
47509,10-02-2025 11:29,Search Ads,Winter Sale,Yes
41612,11-02-2025 09:01,Display Ads,Brand Awareness,No
61146,11-02-2025 08:38,Email,Winter Sale,No
84189,11-02-2025 19:44,Direct Traffic,-,Yes
47511,11-02-2025 16:59,Referral,Discount Offer,Yes
27726,11-02-2025 05:09,Referral,New Product Launch,No
69460,10-02-2025 09:06,Email,Retargeting,No
38226,10-02-2025 16:41,Search Ads,Brand Awareness,Yes
58797,11-02-2025 21:21,Email,Brand Awareness,Yes
44474,11-02-2025 17:01,Referral,Discount Offer,Yes
80769,10-02-2025 12:36,Display Ads,Discount Offer,No
84512,10-02-2025 08:42,Email,New Product Launch,No
68180,11-02-2025 02:31,Email,-,No
97825,11-02-2025 09:27,Direct Traffic,-,No
89732,10-02-2025 18:45,Direct Traffic,-,No
53220,11-02-2025 01:18,Display Ads,Retargeting,Yes
52260,10-02-2025 02:44,Direct Traffic,-,No
68071,11-02-2025 09:15,Referral,New Product Launch,No
12509,11-02-2025 16:37,Referral,Winter Sale,No
43014,11-02-2025 06:36,Direct Traffic,-,Yes
59390,11-02-2025 03:29,Social Media,Retargeting,Yes
70502,10-02-2025 04:55,Search Ads,New Product Launch,No
10415,10-02-2025 02:46,Social Media,-,Yes
76055,10-02-2025 00:10,Referral,Discount Offer,No
10466,11-02-2025 23:16,Direct Traffic,-,Yes
28985,10-02-2025 12:09,Direct Traffic,-,No
13191,11-02-2025 02:31,Referral,-,No
47202,11-02-2025 20:48,Direct Traffic,-,Yes
53582,11-02-2025 22:16,Display Ads,Discount Offer,Yes
67455,10-02-2025 00:44,Search Ads,Discount Offer,Yes
10654,10-02-2025 00:46,Referral,Winter Sale,No
29877,10-02-2025 13:43,Display Ads,-,No
47339,11-02-2025 11:14,Direct Traffic,-,Yes
81300,10-02-2025 12:57,Email,Retargeting,No
31278,10-02-2025 23:00,Display Ads,Retargeting,Yes
64163,10-02-2025 07:01,Direct Traffic,-,Yes
68367,11-02-2025 19:35,Social Media,New Product Launch,Yes
88880,10-02-2025 13:51,Email,Brand Awareness,Yes
86327,10-02-2025 13:54,Email,Brand Awareness,Yes
64228,11-02-2025 22:24,Email,New Product Launch,Yes
48115,10-02-2025 06:59,Direct Traffic,-,Yes
27371,11-02-2025 14:08,Direct Traffic,-,No
25134,11-02-2025 17:48,Social Media,Brand Awareness,No
85197,11-02-2025 13:43,Direct Traffic,-,No
15176,11-02-2025 09:39,Display Ads,Brand Awareness,Yes
52282,10-02-2025 14:12,Email,Winter Sale,Yes
33578,11-02-2025 04:50,Search Ads,-,Yes
64075,10-02-2025 08:46,Social Media,Discount Offer,Yes
80739,10-02-2025 05:09,Referral,Discount Offer,Yes
78282,11-02-2025 11:31,Social Media,Brand Awareness,No
25790,10-02-2025 07:55,Email,Retargeting,Yes
90632,10-02-2025 05:35,Display Ads,-,Yes
20524,11-02-2025 12:47,Display Ads,-,Yes
90700,11-02-2025 06:55,Email,Retargeting,Yes
10566,10-02-2025 09:32,Direct Traffic,-,Yes
26927,11-02-2025 17:25,Referral,Winter Sale,Yes
36681,10-02-2025 03:19,Display Ads,Discount Offer,Yes
13116,11-02-2025 09:05,Display Ads,Discount Offer,No
73762,11-02-2025 23:17,Direct Traffic,-,Yes
78076,10-02-2025 20:32,Email,-,Yes
69478,10-02-2025 19:31,Email,Brand Awareness,No
60493,10-02-2025 19:39,Email,New Product Launch,Yes
64263,11-02-2025 17:02,Display Ads,-,Yes
21445,11-02-2025 09:49,Social Media,-,Yes
86578,10-02-2025 23:14,Social Media,Brand Awareness,No
11914,11-02-2025 08:53,Email,Winter Sale,No
16785,11-02-2025 05:51,Display Ads,-,No
95772,10-02-2025 19:46,Social Media,Retargeting,No
29238,10-02-2025 21:51,Direct Traffic,-,Yes
59787,11-02-2025 20:08,Email,Retargeting,No
37365,10-02-2025 02:34,Social Media,Retargeting,No
94932,10-02-2025 06:26,Email,Winter Sale,No
52864,11-02-2025 15:59,Referral,New Product Launch,No
61032,10-02-2025 18:50,Social Media,-,No
24012,10-02-2025 23:13,Referral,Discount Offer,No
84041,10-02-2025 05:19,Search Ads,-,No
49673,10-02-2025 08:49,Referral,Discount Offer,No
62188,10-02-2025 16:24,Search Ads,-,No
19262,10-02-2025 04:16,Social Media,Discount Offer,Yes
64157,10-02-2025 20:54,Social Media,New Product Launch,No
14398,11-02-2025 14:02,Referral,New Product Launch,Yes
91360,10-02-2025 21:05,Search Ads,Brand Awareness,No
62446,10-02-2025 20:23,Referral,New Product Launch,No
73487,11-02-2025 05:44,Search Ads,Retargeting,Yes
17074,11-02-2025 17:15,Display Ads,Winter Sale,No
80070,10-02-2025 03:42,Display Ads,New Product Launch,No
48850,10-02-2025 14:56,Direct Traffic,-,No
24876,10-02-2025 16:23,Search Ads,-,No
45927,11-02-2025 16:06,Search Ads,Discount Offer,No
83481,10-02-2025 02:43,Search Ads,Retargeting,Yes
56041,10-02-2025 22:46,Display Ads,-,No
83093,10-02-2025 21:52,Social Media,Winter Sale,No
96294,11-02-2025 06:17,Search Ads,New Product Launch,No
93474,11-02-2025 19:00,Search Ads,New Product Launch,Yes
77098,11-02-2025 00:04,Social Media,New Product Launch,No
66042,10-02-2025 23:13,Direct Traffic,-,No
56041,11-02-2025 13:31,Email,Winter Sale,Yes
80683,10-02-2025 00:19,Direct Traffic,-,Yes
74104,10-02-2025 03:11,Social Media,New Product Launch,No
82044,10-02-2025 10:31,Referral,Brand Awareness,No
23621,10-02-2025 01:24,Referral,-,No
80631,10-02-2025 18:29,Search Ads,Brand Awareness,No
33960,11-02-2025 01:33,Direct Traffic,-,Yes
88808,11-02-2025 20:10,Search Ads,Retargeting,Yes
73029,11-02-2025 04:29,Direct Traffic,-,Yes
88868,11-02-2025 14:16,Social Media,-,No
70094,10-02-2025 20:34,Search Ads,Brand Awareness,No
25441,11-02-2025 11:30,Direct Traffic,-,Yes
10668,11-02-2025 14:54,Direct Traffic,-,No
29461,11-02-2025 19:09,Referral,New Product Launch,No
66863,10-02-2025 20:32,Email,-,No
18301,10-02-2025 14:51,Display Ads,Discount Offer,Yes
56666,11-02-2025 18:32,Direct Traffic,-,No
77231,10-02-2025 17:08,Display Ads,Discount Offer,No
12663,11-02-2025 17:36,Direct Traffic,-,Yes
60684,10-02-2025 04:26,Email,Retargeting,Yes
26918,10-02-2025 18:30,Referral,Winter Sale,No
32914,10-02-2025 06:38,Email,Discount Offer,Yes
10095,11-02-2025 08:09,Display Ads,-,No
51223,11-02-2025 18:44,Search Ads,Retargeting,Yes
48902,10-02-2025 21:43,Display Ads,Discount Offer,No
83965,11-02-2025 17:40,Direct Traffic,-,No
29114,10-02-2025 16:17,Social Media,New Product Launch,No
49073,11-02-2025 07:15,Email,New Product Launch,No
52609,10-02-2025 03:13,Direct Traffic,-,Yes
28948,11-02-2025 03:08,Social Media,Discount Offer,No
99526,11-02-2025 20:27,Search Ads,Brand Awareness,No
80683,11-02-2025 06:21,Direct Traffic,-,Yes
48574,10-02-2025 01:25,Display Ads,Winter Sale,Yes
77289,10-02-2025 10:28,Social Media,Winter Sale,No
82798,10-02-2025 08:12,Display Ads,New Product Launch,No
53526,11-02-2025 13:52,Referral,Retargeting,No
53636,11-02-2025 15:10,Search Ads,Retargeting,Yes
73487,10-02-2025 02:58,Email,Discount Offer,Yes
38457,10-02-2025 23:37,Search Ads,Retargeting,No
93592,10-02-2025 23:34,Display Ads,Winter Sale,No
17133,11-02-2025 03:13,Referral,Discount Offer,Yes
76003,10-02-2025 02:42,Email,-,No
31680,11-02-2025 18:05,Email,Winter Sale,No
61504,10-02-2025 13:04,Display Ads,Discount Offer,No
51669,10-02-2025 21:54,Search Ads,New Product Launch,Yes
59461,10-02-2025 16:50,Referral,New Product Launch,Yes
49647,11-02-2025 04:20,Search Ads,Discount Offer,No
57108,10-02-2025 15:22,Email,-,Yes
58795,11-02-2025 12:51,Email,Discount Offer,Yes
37380,11-02-2025 06:01,Social Media,Brand Awareness,No
39795,10-02-2025 08:09,Referral,Discount Offer,Yes
87204,10-02-2025 09:42,Direct Traffic,-,No
63416,11-02-2025 15:44,Referral,New Product Launch,Yes
68384,11-02-2025 15:51,Email,-,No
15190,10-02-2025 16:17,Referral,Winter Sale,Yes
34573,10-02-2025 17:46,Search Ads,Discount Offer,Yes
61983,11-02-2025 16:09,Referral,Retargeting,Yes
11831,11-02-2025 23:47,Referral,Brand Awareness,Yes
31723,11-02-2025 13:31,Search Ads,-,No
60798,10-02-2025 17:50,Social Media,New Product Launch,No
96454,10-02-2025 13:13,Display Ads,New Product Launch,Yes
44295,11-02-2025 22:06,Search Ads,Winter Sale,Yes
78752,11-02-2025 19:12,Search Ads,New Product Launch,No
11511,10-02-2025 11:16,Referral,-,Yes
25915,10-02-2025 07:23,Display Ads,Retargeting,No
39321,10-02-2025 07:31,Direct Traffic,-,Yes
14978,10-02-2025 12:26,Display Ads,Discount Offer,Yes
53526,11-02-2025 22:50,Search Ads,Retargeting,Yes
55035,10-02-2025 20:33,Email,Discount Offer,No
41563,10-02-2025 20:44,Social Media,-,Yes
38485,11-02-2025 17:18,Search Ads,Retargeting,Yes
94431,11-02-2025 03:59,Social Media,Discount Offer,Yes
15351,11-02-2025 16:52,Search Ads,Retargeting,No
27344,11-02-2025 02:13,Display Ads,Retargeting,No
39128,11-02-2025 02:49,Direct Traffic,-,Yes
39158,11-02-2025 03:35,Social Media,Brand Awareness,No
11503,10-02-2025 14:32,Search Ads,Winter Sale,No
59072,10-02-2025 10:01,Direct Traffic,-,Yes
64159,11-02-2025 21:34,Search Ads,-,No
41490,11-02-2025 04:40,Direct Traffic,-,No
60001,10-02-2025 21:06,Direct Traffic,-,No
92337,11-02-2025 16:43,Social Media,Winter Sale,No
94816,10-02-2025 00:53,Display Ads,New Product Launch,No
42734,11-02-2025 13:02,Email,Discount Offer,Yes
58496,10-02-2025 12:00,Referral,Brand Awareness,No
86856,10-02-2025 23:24,Email,New Product Launch,Yes
71469,10-02-2025 23:34,Email,-,Yes
47509,10-02-2025 02:01,Email,Retargeting,No
25147,11-02-2025 02:58,Referral,New Product Launch,Yes
43411,11-02-2025 22:59,Email,New Product Launch,Yes
77310,11-02-2025 16:02,Email,New Product Launch,No
53163,11-02-2025 17:27,Email,Retargeting,No
18383,10-02-2025 08:53,Display Ads,Brand Awareness,Yes
58064,11-02-2025 13:22,Social Media,-,Yes
17287,11-02-2025 11:36,Social Media,Winter Sale,No
69301,11-02-2025 14:16,Email,-,No
11798,10-02-2025 22:01,Search Ads,New Product Launch,Yes
19792,11-02-2025 23:22,Referral,Brand Awareness,No
91612,10-02-2025 08:09,Search Ads,New Product Launch,No
77908,11-02-2025 15:51,Social Media,Discount Offer,Yes
27942,11-02-2025 10:07,Search Ads,Winter Sale,Yes
75328,11-02-2025 09:58,Referral,Winter Sale,Yes
45652,10-02-2025 03:19,Social Media,Winter Sale,Yes
94646,11-02-2025 16:46,Direct Traffic,-,No
56666,10-02-2025 04:24,Direct Traffic,-,No
19372,10-02-2025 05:20,Email,New Product Launch,Yes
33979,10-02-2025 21:07,Email,Winter Sale,Yes
59232,10-02-2025 20:30,Email,Winter Sale,No
30299,11-02-2025 19:01,Search Ads,Winter Sale,Yes
11177,10-02-2025 10:57,Search Ads,-,Yes
93802,10-02-2025 20:05,Email,-,No
79894,10-02-2025 23:47,Referral,Brand Awareness,Yes
99490,10-02-2025 08:56,Search Ads,New Product Launch,No
84567,11-02-2025 05:20,Display Ads,Winter Sale,Yes
38046,10-02-2025 06:30,Search Ads,New Product Launch,No
55224,10-02-2025 13:03,Display Ads,Retargeting,No
35837,10-02-2025 19:12,Referral,New Product Launch,No
36731,10-02-2025 23:24,Direct Traffic,-,Yes
44994,10-02-2025 12:51,Social Media,Winter Sale,Yes
73459,11-02-2025 19:08,Email,Winter Sale,No
88061,11-02-2025 11:04,Social Media,-,Yes
97508,10-02-2025 07:04,Display Ads,Retargeting,Yes
37708,11-02-2025 14:55,Email,Discount Offer,Yes
60974,11-02-2025 21:17,Email,Retargeting,No
44991,11-02-2025 10:24,Social Media,-,No
61426,11-02-2025 00:45,Direct Traffic,-,No
89183,10-02-2025 04:19,Social Media,Winter Sale,Yes
15418,11-02-2025 13:25,Direct Traffic,-,No
13737,11-02-2025 18:40,Display Ads,Winter Sale,No
22773,10-02-2025 10:23,Search Ads,Discount Offer,No
53006,11-02-2025 11:17,Search Ads,Brand Awareness,No
44982,10-02-2025 14:55,Email,Winter Sale,Yes
20384,10-02-2025 21:20,Display Ads,Discount Offer,No
39761,11-02-2025 10:45,Search Ads,Winter Sale,No
22358,11-02-2025 19:59,Display Ads,New Product Launch,No
60974,10-02-2025 10:12,Display Ads,Discount Offer,Yes
31213,11-02-2025 00:42,Email,Winter Sale,Yes
97706,10-02-2025 09:34,Social Media,Brand Awareness,No
61504,11-02-2025 16:10,Direct Traffic,-,No
63243,10-02-2025 19:36,Referral,Brand Awareness,Yes
48949,10-02-2025 01:01,Search Ads,Brand Awareness,No
37332,10-02-2025 22:06,Display Ads,Discount Offer,No
87730,10-02-2025 22:31,Referral,Brand Awareness,No
17168,10-02-2025 06:51,Display Ads,Brand Awareness,No
67860,10-02-2025 05:10,Search Ads,Discount Offer,Yes
72185,10-02-2025 12:34,Social Media,Winter Sale,No
62079,10-02-2025 00:18,Social Media,Retargeting,No
54215,11-02-2025 06:23,Social Media,New Product Launch,No
80739,10-02-2025 04:43,Display Ads,New Product Launch,No
46662,10-02-2025 03:15,Direct Traffic,-,No
54874,11-02-2025 18:12,Display Ads,Retargeting,No
82667,10-02-2025 07:37,Display Ads,-,No
44869,11-02-2025 21:16,Search Ads,Retargeting,No
64068,10-02-2025 12:39,Social Media,-,No
63416,11-02-2025 07:03,Direct Traffic,-,Yes
61770,11-02-2025 14:30,Display Ads,New Product Launch,Yes
69579,11-02-2025 21:49,Direct Traffic,-,Yes
82045,10-02-2025 11:48,Email,New Product Launch,No
54334,10-02-2025 05:14,Social Media,Discount Offer,Yes
50636,11-02-2025 12:07,Social Media,-,Yes
61529,10-02-2025 23:56,Referral,Winter Sale,Yes
77688,11-02-2025 21:51,Social Media,Retargeting,Yes
86042,11-02-2025 20:11,Display Ads,New Product Launch,Yes
61829,10-02-2025 04:42,Display Ads,Retargeting,No
25874,11-02-2025 16:02,Search Ads,New Product Launch,Yes
98295,10-02-2025 09:53,Email,New Product Launch,No
26437,10-02-2025 14:19,Search Ads,Retargeting,No
37002,10-02-2025 17:33,Display Ads,New Product Launch,Yes
97726,10-02-2025 23:34,Email,Winter Sale,Yes
60996,10-02-2025 20:10,Display Ads,Brand Awareness,No
84690,11-02-2025 15:52,Referral,Retargeting,Yes
19454,11-02-2025 09:50,Social Media,Winter Sale,Yes
62422,11-02-2025 19:20,Display Ads,Brand Awareness,No
87245,10-02-2025 14:43,Referral,Brand Awareness,Yes
22861,10-02-2025 14:28,Email,Discount Offer,No
95298,10-02-2025 11:38,Social Media,Winter Sale,No
47391,11-02-2025 15:49,Direct Traffic,-,No
79162,11-02-2025 17:01,Email,Retargeting,Yes
13116,10-02-2025 01:45,Direct Traffic,-,Yes
74629,11-02-2025 10:39,Email,New Product Launch,No
76806,10-02-2025 11:42,Referral,Retargeting,Yes
36676,11-02-2025 19:10,Direct Traffic,-,Yes
40937,11-02-2025 15:23,Social Media,Brand Awareness,Yes
39696,10-02-2025 03:29,Email,Discount Offer,Yes
11284,10-02-2025 04:46,Social Media,New Product Launch,No
10317,11-02-2025 01:39,Social Media,Discount Offer,No
87760,11-02-2025 15:40,Direct Traffic,-,Yes
23209,11-02-2025 00:10,Direct Traffic,-,No
71478,11-02-2025 05:55,Social Media,New Product Launch,No
86558,10-02-2025 09:59,Email,Brand Awareness,No
65726,11-02-2025 12:05,Display Ads,New Product Launch,No
36681,11-02-2025 03:10,Display Ads,New Product Launch,No
77184,11-02-2025 20:27,Social Media,Retargeting,No
11453,10-02-2025 13:36,Referral,Winter Sale,No
17726,10-02-2025 15:46,Social Media,Retargeting,Yes
85549,11-02-2025 20:16,Email,Retargeting,Yes
41146,10-02-2025 21:01,Direct Traffic,-,Yes
35436,10-02-2025 13:49,Direct Traffic,-,Yes
72179,10-02-2025 02:18,Direct Traffic,-,Yes
95840,10-02-2025 02:14,Social Media,Winter Sale,No
23449,10-02-2025 13:52,Referral,-,No
57455,10-02-2025 09:12,Referral,-,Yes
55035,11-02-2025 10:55,Direct Traffic,-,No
58748,11-02-2025 15:09,Email,Brand Awareness,Yes
17656,10-02-2025 17:35,Referral,Discount Offer,No
75208,10-02-2025 13:07,Social Media,Retargeting,No
90506,10-02-2025 16:03,Referral,Winter Sale,Yes
75027,10-02-2025 07:24,Referral,New Product Launch,No
85587,11-02-2025 23:13,Email,-,No
35756,11-02-2025 17:36,Search Ads,Brand Awareness,Yes
96900,10-02-2025 10:51,Social Media,Brand Awareness,Yes
12877,10-02-2025 11:57,Direct Traffic,-,Yes
19800,11-02-2025 09:46,Search Ads,-,Yes
99937,11-02-2025 08:11,Direct Traffic,-,No
11295,10-02-2025 23:25,Referral,Brand Awareness,Yes
61528,10-02-2025 01:11,Email,Brand Awareness,Yes
80259,11-02-2025 04:34,Direct Traffic,-,No
31763,11-02-2025 09:56,Social Media,-,No
54821,11-02-2025 08:48,Email,-,Yes
61537,11-02-2025 01:18,Display Ads,Winter Sale,Yes
92988,11-02-2025 17:17,Direct Traffic,-,No
66408,10-02-2025 18:11,Direct Traffic,-,Yes
50264,11-02-2025 20:04,Search Ads,Winter Sale,Yes
43759,10-02-2025 22:10,Social Media,Retargeting,No
30460,10-02-2025 20:24,Display Ads,Winter Sale,Yes
80731,11-02-2025 14:58,Direct Traffic,-,No
65473,10-02-2025 11:44,Referral,Winter Sale,No
21787,10-02-2025 17:43,Social Media,Winter Sale,Yes
27925,10-02-2025 12:24,Referral,New Product Launch,Yes
21531,11-02-2025 07:29,Social Media,Brand Awareness,No
61032,11-02-2025 14:14,Direct Traffic,-,Yes
57141,11-02-2025 00:25,Referral,Brand Awareness,Yes
11186,10-02-2025 02:52,Social Media,Winter Sale,Yes
73368,10-02-2025 07:11,Social Media,Brand Awareness,No
74192,11-02-2025 00:43,Display Ads,Discount Offer,Yes
30582,10-02-2025 19:46,Social Media,Winter Sale,No
53599,10-02-2025 00:26,Referral,Discount Offer,No
86021,10-02-2025 01:50,Referral,New Product Launch,Yes
25134,10-02-2025 15:21,Display Ads,Retargeting,Yes
79907,10-02-2025 17:14,Social Media,Discount Offer,No
48099,10-02-2025 02:50,Direct Traffic,-,No
30651,10-02-2025 16:51,Email,New Product Launch,Yes
21504,10-02-2025 09:13,Social Media,Discount Offer,Yes
21255,10-02-2025 13:54,Social Media,New Product Launch,No
42014,10-02-2025 04:37,Email,Brand Awareness,No
62188,11-02-2025 00:11,Referral,-,No
62579,10-02-2025 11:16,Search Ads,New Product Launch,No
30468,11-02-2025 07:43,Search Ads,Brand Awareness,No
71410,11-02-2025 13:20,Email,New Product Launch,Yes
26511,11-02-2025 01:35,Search Ads,Brand Awareness,Yes
19364,11-02-2025 06:52,Referral,Brand Awareness,Yes
41638,11-02-2025 06:01,Social Media,-,No
48298,10-02-2025 16:07,Direct Traffic,-,No
48080,10-02-2025 02:32,Email,Retargeting,No
52731,11-02-2025 19:52,Referral,Winter Sale,Yes
92167,11-02-2025 02:05,Social Media,-,Yes
48404,10-02-2025 07:23,Display Ads,Retargeting,Yes
92370,11-02-2025 12:09,Direct Traffic,-,Yes
96015,10-02-2025 22:08,Email,Winter Sale,No
56169,11-02-2025 10:34,Email,Retargeting,Yes
62979,11-02-2025 03:29,Display Ads,-,Yes
63471,11-02-2025 09:03,Email,-,No
47740,10-02-2025 10:34,Social Media,New Product Launch,Yes
92698,11-02-2025 07:07,Referral,New Product Launch,No
87642,10-02-2025 23:03,Display Ads,New Product Launch,No
83153,11-02-2025 07:50,Email,-,No
20895,11-02-2025 16:57,Email,Winter Sale,Yes
79207,10-02-2025 17:33,Referral,New Product Launch,No
51020,10-02-2025 09:30,Social Media,-,No
87939,11-02-2025 14:13,Social Media,Retargeting,No
49220,11-02-2025 20:30,Referral,-,No
79571,10-02-2025 11:00,Social Media,Winter Sale,Yes
13191,11-02-2025 01:53,Social Media,Winter Sale,No
81563,11-02-2025 16:49,Referral,Discount Offer,No
82050,10-02-2025 12:30,Display Ads,Discount Offer,No
65514,11-02-2025 21:35,Email,Brand Awareness,Yes
91950,10-02-2025 01:42,Search Ads,Retargeting,Yes
87345,11-02-2025 00:33,Social Media,Brand Awareness,No
38457,10-02-2025 22:13,Social Media,New Product Launch,No
57385,11-02-2025 03:04,Search Ads,Brand Awareness,No
75960,11-02-2025 06:04,Social Media,Winter Sale,No
97127,11-02-2025 06:09,Social Media,Retargeting,Yes
29272,11-02-2025 23:28,Direct Traffic,-,No
14987,10-02-2025 23:21,Display Ads,New Product Launch,Yes
70094,10-02-2025 08:52,Display Ads,Retargeting,Yes
20524,10-02-2025 20:51,Email,Brand Awareness,Yes
38175,11-02-2025 00:43,Referral,Retargeting,Yes
36457,11-02-2025 20:41,Referral,Brand Awareness,Yes
63712,11-02-2025 08:12,Referral,-,No
24114,10-02-2025 20:55,Direct Traffic,-,No
44877,10-02-2025 13:49,Search Ads,Brand Awareness,Yes
25246,10-02-2025 13:47,Social Media,Winter Sale,Yes
96872,10-02-2025 07:15,Social Media,New Product Launch,Yes
26918,10-02-2025 19:04,Direct Traffic,-,Yes
31901,11-02-2025 12:42,Direct Traffic,-,No
80904,11-02-2025 05:29,Search Ads,New Product Launch,No
17656,10-02-2025 20:21,Social Media,Retargeting,Yes
27167,10-02-2025 09:40,Search Ads,Retargeting,No
76240,11-02-2025 10:17,Direct Traffic,-,No
90039,10-02-2025 03:18,Display Ads,Discount Offer,No
25901,11-02-2025 16:44,Display Ads,Retargeting,Yes
63337,11-02-2025 20:50,Email,Brand Awareness,No
76821,10-02-2025 14:09,Direct Traffic,-,Yes
69761,10-02-2025 07:40,Search Ads,New Product Launch,No
38379,11-02-2025 04:56,Search Ads,Brand Awareness,Yes
10556,10-02-2025 03:02,Referral,-,No
40517,11-02-2025 21:02,Search Ads,-,Yes
55333,10-02-2025 02:15,Display Ads,Brand Awareness,Yes
17329,11-02-2025 16:42,Display Ads,Discount Offer,Yes
21824,11-02-2025 00:21,Search Ads,Retargeting,No
39956,10-02-2025 22:18,Social Media,Retargeting,No
94623,10-02-2025 14:05,Referral,Brand Awareness,Yes
44535,10-02-2025 21:19,Social Media,Brand Awareness,No
38252,11-02-2025 13:11,Referral,Discount Offer,No
78752,10-02-2025 09:40,Referral,Discount Offer,No
76303,11-02-2025 14:59,Direct Traffic,-,No
63775,11-02-2025 13:25,Search Ads,-,Yes
76040,10-02-2025 12:09,Email,Brand Awareness,Yes
89128,10-02-2025 23:21,Email,Winter Sale,No
13426,11-02-2025 18:21,Direct Traffic,-,No
50250,11-02-2025 16:05,Social Media,Winter Sale,No
37621,11-02-2025 08:21,Email,Retargeting,Yes
29461,10-02-2025 00:24,Display Ads,Winter Sale,No
48700,11-02-2025 20:31,Social Media,Winter Sale,No
27513,10-02-2025 02:52,Direct Traffic,-,Yes
47094,10-02-2025 15:36,Email,Winter Sale,Yes
93395,11-02-2025 15:07,Referral,Retargeting,Yes
21504,11-02-2025 23:07,Social Media,New Product Launch,Yes
32900,11-02-2025 03:14,Email,Brand Awareness,No
91950,10-02-2025 19:44,Email,Retargeting,Yes
93014,10-02-2025 13:50,Referral,Brand Awareness,Yes
25172,11-02-2025 16:38,Display Ads,Discount Offer,Yes
94070,11-02-2025 22:00,Referral,Brand Awareness,No
51068,10-02-2025 17:41,Social Media,-,No
92346,11-02-2025 09:50,Email,Brand Awareness,No
33392,10-02-2025 23:56,Search Ads,New Product Launch,No
31273,10-02-2025 21:18,Referral,Brand Awareness,No
20632,11-02-2025 02:40,Social Media,Brand Awareness,Yes
22861,10-02-2025 12:58,Display Ads,New Product Launch,Yes
82862,10-02-2025 09:23,Display Ads,Discount Offer,No
68681,11-02-2025 18:53,Social Media,Winter Sale,Yes
54727,10-02-2025 04:21,Email,Retargeting,No
46954,11-02-2025 12:13,Referral,Winter Sale,No
82929,11-02-2025 21:43,Referral,-,Yes
34935,11-02-2025 20:00,Social Media,Brand Awareness,Yes
79192,10-02-2025 18:45,Referral,Winter Sale,No
24594,10-02-2025 22:15,Display Ads,Retargeting,No
30845,10-02-2025 11:06,Display Ads,New Product Launch,No
67155,10-02-2025 07:07,Referral,New Product Launch,No
14212,10-02-2025 23:00,Referral,Discount Offer,No
59959,10-02-2025 09:59,Search Ads,New Product Launch,No
72009,10-02-2025 02:40,Social Media,New Product Launch,Yes
90751,11-02-2025 00:35,Referral,Winter Sale,No
30578,10-02-2025 13:10,Search Ads,Retargeting,Yes
69602,11-02-2025 06:28,Email,Brand Awareness,No
31200,11-02-2025 03:06,Referral,Retargeting,Yes
88293,10-02-2025 06:17,Display Ads,Retargeting,Yes
89793,11-02-2025 11:21,Social Media,New Product Launch,No
71932,10-02-2025 13:18,Referral,New Product Launch,Yes
98152,10-02-2025 21:06,Social Media,Winter Sale,No
29368,11-02-2025 15:15,Social Media,Retargeting,No
10685,11-02-2025 06:18,Email,Discount Offer,Yes
10120,11-02-2025 04:33,Referral,New Product Launch,No
22192,10-02-2025 10:18,Display Ads,Retargeting,Yes
62061,11-02-2025 02:27,Search Ads,-,Yes
70222,11-02-2025 08:22,Search Ads,Retargeting,Yes
68900,10-02-2025 06:42,Email,Brand Awareness,Yes
75637,11-02-2025 09:17,Display Ads,Discount Offer,Yes
93964,11-02-2025 10:38,Referral,-,No
75802,11-02-2025 07:01,Display Ads,-,Yes
25294,10-02-2025 20:11,Display Ads,Winter Sale,No
54719,11-02-2025 18:49,Search Ads,-,Yes
28134,11-02-2025 04:56,Referral,-,Yes
92201,10-02-2025 04:19,Referral,Discount Offer,Yes
21712,11-02-2025 05:36,Social Media,New Product Launch,Yes
82125,11-02-2025 14:35,Direct Traffic,-,No
93964,11-02-2025 15:07,Display Ads,Brand Awareness,No
78374,11-02-2025 08:28,Search Ads,New Product Launch,No
88880,11-02-2025 16:49,Email,Retargeting,Yes
53526,10-02-2025 15:33,Email,Discount Offer,Yes
49394,11-02-2025 01:21,Direct Traffic,-,Yes
12641,11-02-2025 14:33,Direct Traffic,-,No
39628,10-02-2025 02:19,Display Ads,Retargeting,No
98079,10-02-2025 16:47,Referral,-,No
40130,10-02-2025 21:06,Social Media,Brand Awareness,No
92201,10-02-2025 09:19,Email,-,No
20513,11-02-2025 23:14,Search Ads,Brand Awareness,Yes
13230,11-02-2025 14:44,Social Media,-,Yes
64972,10-02-2025 18:55,Email,-,No
23927,10-02-2025 21:07,Direct Traffic,-,Yes
43930,11-02-2025 13:45,Email,Discount Offer,Yes
53332,10-02-2025 18:50,Search Ads,-,No
45053,11-02-2025 11:10,Email,Winter Sale,No
77968,11-02-2025 04:19,Display Ads,New Product Launch,Yes
88191,11-02-2025 09:47,Display Ads,New Product Launch,Yes
51813,10-02-2025 14:33,Email,New Product Launch,No
93270,11-02-2025 18:21,Email,New Product Launch,Yes
65871,11-02-2025 22:24,Search Ads,Retargeting,No
55702,10-02-2025 23:15,Direct Traffic,-,No
54874,10-02-2025 03:59,Direct Traffic,-,Yes
70659,10-02-2025 02:22,Display Ads,Brand Awareness,No
72095,10-02-2025 23:56,Search Ads,Brand Awareness,No
30521,10-02-2025 19:32,Referral,Brand Awareness,Yes
29679,10-02-2025 02:56,Direct Traffic,-,Yes
94816,10-02-2025 22:10,Display Ads,Winter Sale,No
59425,11-02-2025 10:45,Email,New Product Launch,No
42905,10-02-2025 18:57,Search Ads,Winter Sale,No
27666,10-02-2025 20:09,Display Ads,Winter Sale,Yes
98208,10-02-2025 04:52,Direct Traffic,-,No
10654,11-02-2025 03:32,Display Ads,-,Yes
61983,11-02-2025 13:51,Search Ads,Retargeting,No
43931,11-02-2025 08:38,Social Media,Retargeting,Yes
92914,11-02-2025 16:14,Search Ads,Brand Awareness,Yes
98670,11-02-2025 09:50,Search Ads,-,Yes
36126,11-02-2025 22:32,Display Ads,Retargeting,No
63751,10-02-2025 06:40,Search Ads,Discount Offer,Yes
35942,10-02-2025 14:54,Social Media,Brand Awareness,No
86406,10-02-2025 12:00,Direct Traffic,-,Yes
83785,11-02-2025 14:55,Display Ads,-,No
19816,11-02-2025 13:49,Social Media,Winter Sale,No
82929,11-02-2025 00:48,Referral,Brand Awareness,Yes
38252,10-02-2025 08:37,Email,-,No
23958,10-02-2025 07:46,Referral,Discount Offer,No
83149,11-02-2025 13:15,Referral,New Product Launch,Yes
79019,10-02-2025 07:10,Direct Traffic,-,Yes
83610,10-02-2025 12:42,Direct Traffic,-,Yes
24741,10-02-2025 15:29,Referral,Winter Sale,Yes
84828,11-02-2025 15:56,Referral,Winter Sale,No
63084,11-02-2025 20:42,Search Ads,New Product Launch,Yes
49053,11-02-2025 09:43,Email,Retargeting,Yes
69904,11-02-2025 07:40,Search Ads,Winter Sale,Yes
47957,11-02-2025 12:08,Direct Traffic,-,No
13004,10-02-2025 23:25,Social Media,New Product Launch,Yes
19385,10-02-2025 20:43,Direct Traffic,-,Yes
21995,10-02-2025 14:22,Email,Winter Sale,Yes
69421,10-02-2025 01:37,Direct Traffic,-,No
65966,10-02-2025 22:21,Social Media,New Product Launch,Yes
28985,11-02-2025 06:30,Social Media,Brand Awareness,Yes
83919,10-02-2025 00:50,Email,Discount Offer,Yes
88818,11-02-2025 21:08,Referral,Winter Sale,No
33991,11-02-2025 07:28,Display Ads,New Product Launch,Yes
64713,11-02-2025 10:09,Social Media,New Product Launch,No
94646,11-02-2025 21:26,Display Ads,Retargeting,No
64153,10-02-2025 09:28,Direct Traffic,-,No
69460,11-02-2025 13:47,Direct Traffic,-,Yes
47775,10-02-2025 18:07,Social Media,Retargeting,No
58128,11-02-2025 11:07,Search Ads,Retargeting,No
40530,10-02-2025 00:01,Display Ads,New Product Launch,Yes
58546,10-02-2025 22:52,Search Ads,Discount Offer,No
95694,10-02-2025 10:58,Display Ads,Winter Sale,Yes
88728,10-02-2025 01:45,Email,New Product Launch,No
60190,11-02-2025 06:17,Direct Traffic,-,No
25547,11-02-2025 09:15,Referral,New Product Launch,No
80960,10-02-2025 17:29,Direct Traffic,-,Yes
44987,11-02-2025 22:45,Search Ads,Brand Awareness,No
81371,11-02-2025 05:13,Email,Brand Awareness,No
56855,10-02-2025 09:52,Referral,Discount Offer,Yes
61401,10-02-2025 13:13,Display Ads,New Product Launch,Yes
89732,10-02-2025 05:16,Search Ads,Brand Awareness,Yes
36175,11-02-2025 02:21,Referral,Discount Offer,No
46918,10-02-2025 01:36,Direct Traffic,-,No
11257,10-02-2025 20:20,Display Ads,Retargeting,Yes
73835,10-02-2025 13:13,Social Media,Discount Offer,Yes
34007,10-02-2025 21:29,Display Ads,-,No
48089,11-02-2025 09:15,Display Ads,Retargeting,Yes
74534,10-02-2025 23:53,Display Ads,Winter Sale,No
25524,10-02-2025 12:24,Search Ads,-,No
37554,11-02-2025 14:17,Direct Traffic,-,No
72612,10-02-2025 18:22,Direct Traffic,-,No
91641,10-02-2025 18:13,Direct Traffic,-,No
65473,10-02-2025 16:05,Search Ads,New Product Launch,No
10317,10-02-2025 09:29,Referral,Brand Awareness,Yes
93014,10-02-2025 19:10,Social Media,New Product Launch,No
85549,11-02-2025 21:28,Display Ads,Retargeting,Yes
39321,11-02-2025 03:26,Direct Traffic,-,No
49271,10-02-2025 07:07,Direct Traffic,-,No
71570,11-02-2025 03:12,Social Media,New Product Launch,No
98738,10-02-2025 18:44,Social Media,Discount Offer,No
88880,11-02-2025 04:13,Email,Retargeting,Yes
92621,10-02-2025 03:27,Referral,New Product Launch,No
89639,11-02-2025 08:15,Direct Traffic,-,No
53163,10-02-2025 03:35,Referral,New Product Launch,Yes
64113,10-02-2025 20:49,Direct Traffic,-,Yes
24956,10-02-2025 09:23,Search Ads,Retargeting,Yes
15632,11-02-2025 17:46,Email,New Product Launch,No
13967,10-02-2025 01:35,Social Media,Winter Sale,No
33499,11-02-2025 00:21,Email,Winter Sale,No
44982,10-02-2025 03:09,Direct Traffic,-,Yes
68632,11-02-2025 20:00,Referral,Brand Awareness,No
57564,11-02-2025 03:32,Social Media,Brand Awareness,No
63274,10-02-2025 17:14,Display Ads,Retargeting,Yes
38491,10-02-2025 06:44,Display Ads,Discount Offer,Yes
55905,11-02-2025 18:10,Referral,Discount Offer,Yes
63712,10-02-2025 15:22,Referral,Winter Sale,No
60660,11-02-2025 18:22,Referral,Brand Awareness,No
38252,10-02-2025 21:56,Search Ads,Brand Awareness,Yes
62101,10-02-2025 18:11,Email,New Product Launch,No
31070,10-02-2025 09:55,Direct Traffic,-,No
76288,10-02-2025 17:27,Email,Retargeting,Yes
83354,10-02-2025 03:13,Search Ads,New Product Launch,Yes
36918,10-02-2025 03:14,Email,-,Yes
56634,10-02-2025 07:38,Search Ads,New Product Launch,No
57389,10-02-2025 20:21,Referral,Brand Awareness,Yes
55702,11-02-2025 22:19,Direct Traffic,-,Yes
57389,11-02-2025 22:49,Email,New Product Launch,Yes
29328,11-02-2025 10:08,Direct Traffic,-,No
68762,11-02-2025 12:17,Direct Traffic,-,Yes
90751,11-02-2025 03:52,Email,Discount Offer,No
90114,11-02-2025 01:55,Social Media,-,Yes
59461,11-02-2025 06:12,Referral,Winter Sale,Yes
60456,10-02-2025 06:38,Social Media,Discount Offer,Yes
39131,10-02-2025 02:04,Display Ads,Retargeting,No
19442,11-02-2025 21:48,Display Ads,Retargeting,No
37902,11-02-2025 05:18,Search Ads,Retargeting,Yes
87191,11-02-2025 18:47,Search Ads,Brand Awareness,Yes
77483,10-02-2025 21:19,Email,Brand Awareness,No
49366,11-02-2025 12:48,Search Ads,New Product Launch,No
47957,10-02-2025 00:30,Search Ads,New Product Launch,No
16621,10-02-2025 19:04,Display Ads,Retargeting,No
44038,10-02-2025 11:34,Display Ads,-,No
93227,10-02-2025 15:41,Direct Traffic,-,No
74784,11-02-2025 07:01,Search Ads,Retargeting,No
52260,10-02-2025 23:51,Search Ads,Discount Offer,Yes
60102,11-02-2025 14:04,Email,New Product Launch,Yes
27079,10-02-2025 10:37,Direct Traffic,-,Yes
77374,10-02-2025 15:30,Social Media,Discount Offer,Yes
97127,10-02-2025 22:04,Direct Traffic,-,Yes
22773,11-02-2025 14:56,Email,Winter Sale,Yes
33974,11-02-2025 06:09,Display Ads,Discount Offer,Yes
32954,11-02-2025 13:58,Email,-,No
54531,10-02-2025 07:08,Direct Traffic,-,No
43036,11-02-2025 06:13,Email,Brand Awareness,Yes
77597,10-02-2025 20:08,Social Media,Discount Offer,No
62471,11-02-2025 13:34,Search Ads,Winter Sale,No
10202,10-02-2025 03:02,Display Ads,New Product Launch,No
72842,11-02-2025 18:03,Social Media,Winter Sale,No
41573,10-02-2025 10:25,Display Ads,Brand Awareness,Yes
86081,11-02-2025 05:45,Display Ads,Brand Awareness,No
24256,11-02-2025 04:35,Search Ads,Discount Offer,No
23747,11-02-2025 00:24,Social Media,Discount Offer,Yes
57976,11-02-2025 18:55,Email,New Product Launch,Yes
49647,11-02-2025 12:15,Social Media,-,No
58795,10-02-2025 03:24,Referral,Retargeting,No
83093,11-02-2025 01:23,Direct Traffic,-,Yes
55533,10-02-2025 15:57,Referral,New Product Launch,No
66008,10-02-2025 04:10,Referral,Brand Awareness,Yes
86700,10-02-2025 22:51,Social Media,Winter Sale,Yes
54418,10-02-2025 16:06,Social Media,-,Yes
74413,10-02-2025 22:30,Referral,Winter Sale,No
81952,10-02-2025 06:07,Search Ads,-,Yes
73302,11-02-2025 05:00,Search Ads,Discount Offer,Yes
89095,10-02-2025 03:45,Referral,Winter Sale,Yes
62225,11-02-2025 10:15,Referral,Discount Offer,No
27167,11-02-2025 12:15,Social Media,Discount Offer,Yes
53293,11-02-2025 14:07,Display Ads,-,No
73141,10-02-2025 14:12,Search Ads,Discount Offer,Yes
79880,11-02-2025 11:27,Direct Traffic,-,No
53024,10-02-2025 13:26,Email,-,No
76029,10-02-2025 16:05,Email,Retargeting,Yes
48740,11-02-2025 00:01,Search Ads,Brand Awareness,No
71306,11-02-2025 20:49,Email,New Product Launch,No
23331,11-02-2025 16:18,Direct Traffic,-,No
35705,11-02-2025 00:01,Social Media,-,No
11780,11-02-2025 22:22,Direct Traffic,-,No
93871,11-02-2025 01:25,Email,Retargeting,No
13465,10-02-2025 20:21,Display Ads,New Product Launch,Yes
13186,10-02-2025 12:53,Display Ads,Winter Sale,No
41874,10-02-2025 21:05,Direct Traffic,-,Yes
35756,11-02-2025 07:55,Social Media,Discount Offer,No
31133,11-02-2025 08:10,Display Ads,Winter Sale,Yes
39588,10-02-2025 23:24,Email,Discount Offer,No
21116,10-02-2025 01:22,Search Ads,Retargeting,No
17133,10-02-2025 12:20,Social Media,Winter Sale,No
97826,11-02-2025 04:01,Email,Retargeting,No
78282,10-02-2025 10:08,Search Ads,Retargeting,No
21401,11-02-2025 21:18,Direct Traffic,-,No
73487,10-02-2025 20:35,Search Ads,-,Yes
70604,10-02-2025 04:19,Email,Brand Awareness,Yes
47339,11-02-2025 05:47,Display Ads,Retargeting,Yes
92692,10-02-2025 14:20,Display Ads,Winter Sale,Yes
54418,11-02-2025 09:47,Direct Traffic,-,No
62615,10-02-2025 19:38,Email,-,Yes
64142,10-02-2025 03:19,Social Media,Winter Sale,No
72457,11-02-2025 01:44,Email,Brand Awareness,Yes
72389,11-02-2025 22:11,Display Ads,-,Yes
91051,10-02-2025 07:02,Search Ads,Brand Awareness,No
74513,10-02-2025 08:03,Search Ads,Brand Awareness,No
30845,10-02-2025 02:23,Referral,Brand Awareness,No
45892,11-02-2025 11:05,Search Ads,Brand Awareness,No
55550,11-02-2025 08:28,Email,Winter Sale,Yes
19967,10-02-2025 03:19,Search Ads,Retargeting,Yes
38504,11-02-2025 14:36,Display Ads,-,Yes
52689,11-02-2025 23:20,Social Media,Discount Offer,Yes
47151,10-02-2025 09:37,Search Ads,New Product Launch,Yes
68180,11-02-2025 10:38,Direct Traffic,-,Yes
18845,11-02-2025 21:29,Display Ads,New Product Launch,No
90701,10-02-2025 03:20,Referral,New Product Launch,Yes
46442,11-02-2025 00:48,Social Media,-,No
19097,11-02-2025 02:50,Direct Traffic,-,Yes
81103,11-02-2025 10:19,Social Media,Brand Awareness,Yes
60780,11-02-2025 04:44,Social Media,Retargeting,Yes
63496,10-02-2025 23:15,Social Media,Retargeting,No
62079,11-02-2025 08:54,Display Ads,Retargeting,Yes
39628,11-02-2025 03:53,Display Ads,Retargeting,No
58128,10-02-2025 00:16,Direct Traffic,-,No
13438,10-02-2025 20:37,Email,Retargeting,Yes
22270,10-02-2025 12:45,Email,-,Yes
82551,11-02-2025 11:16,Email,-,Yes
55886,10-02-2025 04:36,Search Ads,Retargeting,No
48574,11-02-2025 11:20,Social Media,Brand Awareness,No
74272,10-02-2025 21:54,Email,-,Yes
10271,10-02-2025 02:48,Social Media,Discount Offer,Yes
28589,10-02-2025 13:46,Search Ads,New Product Launch,Yes
80604,10-02-2025 02:20,Search Ads,Brand Awareness,Yes
36005,10-02-2025 18:49,Referral,Discount Offer,No
17396,10-02-2025 14:35,Search Ads,Brand Awareness,No
85486,10-02-2025 15:25,Display Ads,-,Yes
25615,10-02-2025 17:12,Social Media,Retargeting,No
41356,11-02-2025 22:26,Social Media,Winter Sale,No
87730,10-02-2025 18:51,Display Ads,-,No
98079,10-02-2025 01:06,Referral,Retargeting,Yes
72815,10-02-2025 01:52,Display Ads,Discount Offer,No
76871,11-02-2025 15:51,Social Media,New Product Launch,No
50839,10-02-2025 04:26,Email,Brand Awareness,No
19097,10-02-2025 09:51,Search Ads,Brand Awareness,Yes
11831,11-02-2025 19:53,Email,-,Yes
17012,11-02-2025 23:25,Search Ads,Winter Sale,No
97844,11-02-2025 00:03,Referral,Winter Sale,No
96237,10-02-2025 16:40,Social Media,Brand Awareness,No
60799,10-02-2025 14:48,Referral,-,No
93973,10-02-2025 21:39,Social Media,Retargeting,Yes
45622,11-02-2025 01:51,Direct Traffic,-,Yes
54549,10-02-2025 15:43,Search Ads,Retargeting,Yes
26085,10-02-2025 04:50,Email,Retargeting,No
80392,11-02-2025 17:32,Social Media,Discount Offer,Yes
70949,10-02-2025 15:46,Display Ads,New Product Launch,Yes
42978,10-02-2025 05:00,Search Ads,Retargeting,Yes
85197,11-02-2025 08:05,Email,New Product Launch,Yes
79181,10-02-2025 16:13,Search Ads,New Product Launch,No
10781,11-02-2025 19:41,Direct Traffic,-,No
64113,10-02-2025 07:40,Direct Traffic,-,Yes
74772,10-02-2025 19:36,Email,Discount Offer,No
78752,11-02-2025 10:50,Referral,-,Yes
58496,11-02-2025 12:35,Referral,Discount Offer,Yes
91918,10-02-2025 14:27,Direct Traffic,-,No
34653,10-02-2025 21:48,Direct Traffic,-,Yes
86010,10-02-2025 11:31,Email,-,Yes
21824,10-02-2025 16:35,Direct Traffic,-,Yes
23799,11-02-2025 19:35,Referral,Brand Awareness,No
30460,10-02-2025 13:02,Social Media,-,Yes
10306,10-02-2025 14:47,Search Ads,Discount Offer,Yes
37813,11-02-2025 11:58,Search Ads,Winter Sale,Yes
47709,10-02-2025 06:10,Direct Traffic,-,No
91950,10-02-2025 18:15,Referral,Winter Sale,No
62264,11-02-2025 11:13,Display Ads,Brand Awareness,No
10172,11-02-2025 18:20,Referral,Winter Sale,Yes
57793,11-02-2025 15:17,Display Ads,-,Yes
35705,11-02-2025 03:45,Display Ads,Discount Offer,No
81888,10-02-2025 23:36,Social Media,Retargeting,No
61146,11-02-2025 06:13,Search Ads,New Product Launch,Yes
88868,11-02-2025 06:56,Email,Winter Sale,Yes
90435,11-02-2025 20:01,Search Ads,-,No
37270,11-02-2025 16:33,Email,Brand Awareness,Yes
60484,10-02-2025 12:28,Referral,Discount Offer,No
41463,11-02-2025 11:32,Search Ads,Winter Sale,Yes
52689,10-02-2025 14:30,Search Ads,Discount Offer,Yes
60590,10-02-2025 17:49,Social Media,Discount Offer,Yes
61331,11-02-2025 20:15,Social Media,Brand Awareness,Yes
15052,11-02-2025 11:18,Email,Winter Sale,Yes
37270,11-02-2025 17:49,Direct Traffic,-,Yes
99697,10-02-2025 00:37,Referral,Retargeting,No
10925,11-02-2025 15:42,Referral,Winter Sale,No
89500,11-02-2025 01:15,Social Media,New Product Launch,No
99597,10-02-2025 18:33,Display Ads,Retargeting,Yes
60660,10-02-2025 01:25,Social Media,New Product Launch,Yes
57949,11-02-2025 08:42,Email,Brand Awareness,No
11611,10-02-2025 22:09,Referral,Brand Awareness,Yes
59840,10-02-2025 12:33,Referral,Brand Awareness,No
83947,11-02-2025 09:06,Direct Traffic,-,Yes
33497,10-02-2025 01:11,Direct Traffic,-,No
47740,11-02-2025 18:27,Referral,-,Yes
10690,10-02-2025 02:17,Display Ads,-,Yes
66748,10-02-2025 23:56,Display Ads,Brand Awareness,No
69192,10-02-2025 07:41,Referral,-,Yes
73105,10-02-2025 16:16,Email,Winter Sale,No
55103,10-02-2025 06:00,Email,Brand Awareness,Yes
60226,10-02-2025 17:43,Direct Traffic,-,No
64436,11-02-2025 02:09,Social Media,Retargeting,Yes
47302,10-02-2025 11:41,Search Ads,Brand Awareness,Yes
54106,11-02-2025 11:48,Direct Traffic,-,No
62035,10-02-2025 11:02,Direct Traffic,-,Yes
72518,11-02-2025 12:56,Display Ads,-,No
36393,11-02-2025 10:40,Display Ads,Discount Offer,Yes
58510,10-02-2025 17:14,Display Ads,Brand Awareness,No
64228,10-02-2025 01:40,Direct Traffic,-,No
95799,11-02-2025 19:25,Email,Winter Sale,No
90409,11-02-2025 03:18,Referral,-,Yes
32877,11-02-2025 18:01,Social Media,Winter Sale,Yes
42818,11-02-2025 08:43,Direct Traffic,-,Yes
91442,11-02-2025 14:43,Display Ads,-,Yes
78574,10-02-2025 00:01,Referral,Brand Awareness,Yes
33400,10-02-2025 08:27,Email,Winter Sale,No
83578,10-02-2025 03:38,Display Ads,Brand Awareness,Yes
57273,11-02-2025 07:00,Email,Discount Offer,No
25615,11-02-2025 09:08,Email,New Product Launch,Yes
86658,11-02-2025 18:09,Display Ads,Brand Awareness,Yes
61528,10-02-2025 11:51,Referral,New Product Launch,Yes
26328,10-02-2025 07:39,Direct Traffic,-,No
26783,10-02-2025 14:44,Search Ads,Brand Awareness,No
83871,10-02-2025 03:58,Search Ads,New Product Launch,No
30582,10-02-2025 01:23,Referral,Winter Sale,Yes
25294,11-02-2025 05:28,Display Ads,Discount Offer,Yes
33106,11-02-2025 21:04,Display Ads,New Product Launch,No
82330,10-02-2025 15:22,Social Media,Retargeting,No
50993,10-02-2025 11:20,Display Ads,Discount Offer,No
28998,11-02-2025 14:31,Email,-,Yes
15535,10-02-2025 22:24,Referral,Retargeting,Yes
52013,11-02-2025 17:48,Display Ads,New Product Launch,No
56993,11-02-2025 05:58,Email,New Product Launch,No
54719,10-02-2025 10:04,Social Media,-,Yes
39277,11-02-2025 08:42,Display Ads,Discount Offer,No
82929,11-02-2025 20:19,Referral,Discount Offer,Yes
23927,10-02-2025 05:21,Referral,New Product Launch,Yes
12217,11-02-2025 08:37,Referral,Retargeting,Yes
48740,11-02-2025 13:23,Social Media,Retargeting,Yes
63489,10-02-2025 13:01,Referral,Winter Sale,Yes
72561,11-02-2025 19:11,Search Ads,Retargeting,No
10374,11-02-2025 20:39,Direct Traffic,-,No
74772,10-02-2025 14:36,Referral,Retargeting,Yes
40597,11-02-2025 04:27,Referral,Retargeting,Yes
89677,11-02-2025 02:18,Referral,Retargeting,Yes
43094,11-02-2025 14:38,Social Media,Retargeting,No
13428,10-02-2025 10:40,Referral,New Product Launch,No
30664,11-02-2025 22:23,Email,-,Yes
59576,10-02-2025 06:56,Search Ads,Brand Awareness,Yes
95960,11-02-2025 17:27,Social Media,Brand Awareness,No
46768,11-02-2025 00:50,Email,Brand Awareness,Yes
54351,10-02-2025 06:04,Search Ads,Brand Awareness,No
72645,11-02-2025 04:04,Email,Brand Awareness,Yes
68787,11-02-2025 00:33,Email,New Product Launch,No
71979,11-02-2025 08:24,Social Media,Brand Awareness,No
83093,10-02-2025 08:50,Email,Brand Awareness,Yes
88191,10-02-2025 07:28,Social Media,Discount Offer,Yes
64665,11-02-2025 07:16,Social Media,New Product Launch,Yes
13184,11-02-2025 10:03,Search Ads,-,Yes
84690,11-02-2025 01:49,Direct Traffic,-,Yes
92043,10-02-2025 19:35,Display Ads,-,Yes
89293,10-02-2025 14:21,Email,Brand Awareness,Yes
98079,11-02-2025 17:42,Social Media,Winter Sale,No
86974,11-02-2025 01:53,Social Media,Brand Awareness,No
49243,11-02-2025 00:58,Referral,Winter Sale,Yes
52130,11-02-2025 22:29,Social Media,Discount Offer,No
18441,10-02-2025 00:02,Display Ads,Brand Awareness,No
83667,10-02-2025 18:35,Direct Traffic,-,Yes
60484,11-02-2025 05:18,Direct Traffic,-,No
79941,10-02-2025 17:57,Email,Discount Offer,Yes
76451,10-02-2025 01:47,Display Ads,Winter Sale,No
13399,10-02-2025 22:30,Display Ads,-,No
33074,10-02-2025 18:37,Direct Traffic,-,No
38349,11-02-2025 07:40,Direct Traffic,-,No
42012,10-02-2025 09:37,Email,Winter Sale,No
35661,11-02-2025 06:32,Referral,Retargeting,No
53024,11-02-2025 10:48,Search Ads,New Product Launch,No
95799,10-02-2025 21:28,Social Media,-,Yes
81470,10-02-2025 18:06,Referral,Retargeting,Yes
34080,11-02-2025 02:39,Social Media,Retargeting,Yes
31937,11-02-2025 21:53,Search Ads,Discount Offer,No
34073,10-02-2025 16:52,Direct Traffic,-,No
15052,11-02-2025 12:12,Social Media,Retargeting,Yes
58495,11-02-2025 16:50,Referral,Retargeting,No
24876,10-02-2025 04:29,Search Ads,Winter Sale,Yes
48099,10-02-2025 08:35,Direct Traffic,-,Yes
69433,10-02-2025 22:25,Referral,Retargeting,Yes
80097,11-02-2025 20:46,Social Media,Brand Awareness,No
11177,10-02-2025 00:03,Display Ads,New Product Launch,No
82667,10-02-2025 12:56,Email,Winter Sale,Yes
32685,11-02-2025 13:52,Social Media,Brand Awareness,No
61537,11-02-2025 06:25,Social Media,-,Yes
31901,10-02-2025 13:11,Referral,Winter Sale,No
63250,11-02-2025 15:26,Social Media,Retargeting,Yes
63620,10-02-2025 06:21,Social Media,Winter Sale,No
45796,11-02-2025 17:51,Direct Traffic,-,Yes
22343,10-02-2025 03:55,Search Ads,Brand Awareness,No
56968,10-02-2025 01:12,Display Ads,Brand Awareness,No
31679,11-02-2025 07:36,Search Ads,Retargeting,Yes
93474,11-02-2025 21:41,Email,Retargeting,Yes
17656,10-02-2025 00:41,Social Media,-,No
75033,11-02-2025 08:55,Direct Traffic,-,Yes
53902,11-02-2025 03:23,Search Ads,-,No
77790,10-02-2025 18:06,Direct Traffic,-,No
30136,11-02-2025 04:23,Display Ads,Discount Offer,No
98208,11-02-2025 19:28,Search Ads,New Product Launch,No
16008,11-02-2025 12:02,Display Ads,Retargeting,No
45622,10-02-2025 07:08,Referral,Discount Offer,Yes
61278,11-02-2025 13:03,Display Ads,Discount Offer,Yes
53232,10-02-2025 12:05,Email,Retargeting,Yes
85549,10-02-2025 15:15,Referral,-,No
12217,11-02-2025 16:45,Display Ads,-,Yes
17647,11-02-2025 12:41,Email,Brand Awareness,No
30339,11-02-2025 22:11,Display Ads,Winter Sale,No
29648,11-02-2025 11:14,Referral,Discount Offer,No
49529,10-02-2025 15:19,Display Ads,Brand Awareness,No
49913,10-02-2025 18:20,Display Ads,Brand Awareness,No
35436,10-02-2025 20:56,Social Media,Winter Sale,No
54048,10-02-2025 18:55,Search Ads,-,Yes
17879,11-02-2025 02:26,Email,Discount Offer,Yes
97756,10-02-2025 01:37,Display Ads,-,Yes
79164,11-02-2025 01:57,Email,-,Yes
32882,10-02-2025 13:34,Direct Traffic,-,Yes
62089,11-02-2025 02:42,Search Ads,Brand Awareness,No
17611,10-02-2025 15:01,Social Media,New Product Launch,Yes
54719,11-02-2025 20:04,Referral,Retargeting,No
59787,11-02-2025 09:24,Referral,Retargeting,Yes
95275,10-02-2025 01:50,Social Media,Retargeting,No
72819,11-02-2025 19:05,Email,Discount Offer,Yes
12121,11-02-2025 01:41,Search Ads,Winter Sale,Yes
66319,10-02-2025 05:09,Social Media,-,No
57498,10-02-2025 05:08,Email,Discount Offer,Yes
42761,11-02-2025 12:02,Search Ads,Brand Awareness,Yes
28295,10-02-2025 22:38,Referral,Discount Offer,No
92346,10-02-2025 12:23,Display Ads,Retargeting,No
37786,11-02-2025 01:07,Referral,Brand Awareness,Yes
15582,11-02-2025 14:06,Search Ads,Brand Awareness,No
20985,11-02-2025 18:15,Display Ads,Discount Offer,Yes
23279,10-02-2025 10:01,Email,Winter Sale,No
72118,11-02-2025 22:12,Email,-,Yes
48732,10-02-2025 04:15,Direct Traffic,-,No
25134,11-02-2025 07:11,Search Ads,Retargeting,No
20124,11-02-2025 03:51,Referral,New Product Launch,No
48493,11-02-2025 07:21,Email,New Product Launch,No
39379,10-02-2025 22:28,Direct Traffic,-,Yes
47740,10-02-2025 23:25,Direct Traffic,-,Yes
99147,10-02-2025 18:25,Direct Traffic,-,Yes
37386,11-02-2025 08:30,Email,Winter Sale,Yes
15233,10-02-2025 14:10,Display Ads,New Product Launch,Yes
33421,11-02-2025 17:04,Social Media,Discount Offer,Yes
67722,11-02-2025 20:59,Display Ads,New Product Launch,No
86886,11-02-2025 16:43,Search Ads,Retargeting,No
89793,11-02-2025 10:54,Search Ads,Discount Offer,Yes
66382,10-02-2025 06:27,Display Ads,Brand Awareness,Yes
40011,10-02-2025 05:36,Direct Traffic,-,Yes
54070,11-02-2025 08:07,Direct Traffic,-,No
79164,11-02-2025 23:35,Email,Brand Awareness,Yes
80202,11-02-2025 05:28,Display Ads,Brand Awareness,Yes
25628,11-02-2025 00:08,Referral,New Product Launch,Yes
91886,10-02-2025 15:22,Social Media,Retargeting,Yes
60095,10-02-2025 07:47,Display Ads,Brand Awareness,Yes
79304,11-02-2025 14:53,Direct Traffic,-,Yes
98520,11-02-2025 09:45,Social Media,-,Yes
77828,10-02-2025 07:30,Direct Traffic,-,Yes
71911,11-02-2025 20:18,Email,Discount Offer,Yes
43521,11-02-2025 19:16,Direct Traffic,-,No
27023,10-02-2025 16:09,Search Ads,-,Yes
50704,11-02-2025 02:48,Direct Traffic,-,No
18587,11-02-2025 07:41,Referral,New Product Launch,Yes
72389,11-02-2025 17:59,Email,Discount Offer,Yes
71655,11-02-2025 06:59,Referral,New Product Launch,No
28295,11-02-2025 16:50,Direct Traffic,-,No
42285,11-02-2025 21:44,Social Media,Brand Awareness,Yes
22921,10-02-2025 12:45,Display Ads,Discount Offer,Yes
99147,11-02-2025 18:34,Referral,Winter Sale,Yes
72815,10-02-2025 18:07,Search Ads,Retargeting,Yes
77374,10-02-2025 22:36,Direct Traffic,-,Yes
21038,11-02-2025 04:50,Display Ads,Brand Awareness,Yes
76669,10-02-2025 01:00,Email,Discount Offer,No
26189,11-02-2025 15:48,Display Ads,Winter Sale,Yes
29395,10-02-2025 11:12,Direct Traffic,-,Yes
80471,10-02-2025 07:21,Display Ads,-,No
42016,11-02-2025 15:47,Direct Traffic,-,Yes
45183,11-02-2025 06:24,Display Ads,-,Yes
82862,10-02-2025 06:03,Referral,Retargeting,No
73302,11-02-2025 21:20,Display Ads,Winter Sale,No
70850,10-02-2025 03:16,Social Media,Discount Offer,Yes
81053,10-02-2025 12:41,Referral,Winter Sale,No
92200,11-02-2025 20:09,Referral,New Product Launch,Yes
93693,11-02-2025 15:29,Search Ads,Retargeting,Yes
27814,11-02-2025 10:18,Email,Winter Sale,No
82064,10-02-2025 17:57,Referral,Winter Sale,No
69761,11-02-2025 20:22,Social Media,Retargeting,Yes
21644,11-02-2025 02:31,Referral,New Product Launch,Yes
55849,10-02-2025 23:11,Email,Retargeting,No
97853,10-02-2025 09:35,Email,Discount Offer,Yes
33601,11-02-2025 05:20,Email,-,No
50993,11-02-2025 09:02,Social Media,Discount Offer,Yes
61529,11-02-2025 16:26,Email,Winter Sale,No
71979,11-02-2025 08:01,Social Media,Winter Sale,No
67658,10-02-2025 01:39,Direct Traffic,-,No
40368,10-02-2025 09:15,Social Media,Brand Awareness,Yes
25147,11-02-2025 01:39,Direct Traffic,-,Yes
58797,11-02-2025 00:51,Display Ads,-,Yes
60001,11-02-2025 07:34,Search Ads,Retargeting,No
99526,11-02-2025 07:35,Direct Traffic,-,Yes
82557,11-02-2025 15:19,Social Media,Retargeting,No
84567,10-02-2025 09:00,Referral,Winter Sale,Yes
91876,11-02-2025 13:04,Search Ads,Discount Offer,Yes
71570,10-02-2025 13:32,Search Ads,New Product Launch,No
55829,10-02-2025 08:29,Social Media,Winter Sale,Yes
57951,11-02-2025 03:18,Social Media,New Product Launch,No
62979,10-02-2025 06:44,Referral,Retargeting,Yes
23621,11-02-2025 22:48,Display Ads,Brand Awareness,Yes
72741,11-02-2025 02:13,Social Media,Brand Awareness,Yes
81974,11-02-2025 10:29,Direct Traffic,-,No
73459,10-02-2025 17:00,Search Ads,Winter Sale,Yes
66042,11-02-2025 06:19,Social Media,Brand Awareness,No
86406,11-02-2025 20:42,Email,Discount Offer,Yes
96142,11-02-2025 05:59,Search Ads,Retargeting,Yes
34935,10-02-2025 10:16,Social Media,Retargeting,No
37122,11-02-2025 16:21,Social Media,Discount Offer,Yes
25959,10-02-2025 23:32,Social Media,-,No
59482,11-02-2025 08:16,Display Ads,Winter Sale,No
39364,10-02-2025 21:01,Email,Discount Offer,No
86814,10-02-2025 07:48,Social Media,Retargeting,No
13584,10-02-2025 19:55,Email,Brand Awareness,Yes
71410,11-02-2025 10:14,Direct Traffic,-,No
52130,10-02-2025 01:05,Social Media,New Product Launch,No
76743,10-02-2025 06:44,Display Ads,New Product Launch,No
44498,11-02-2025 05:21,Email,Winter Sale,Yes
49913,10-02-2025 15:42,Email,Retargeting,Yes
25787,11-02-2025 20:21,Direct Traffic,-,No
92234,11-02-2025 01:33,Display Ads,Retargeting,No
98517,11-02-2025 07:53,Direct Traffic,-,No
61146,11-02-2025 16:47,Social Media,New Product Launch,No
65922,10-02-2025 12:39,Social Media,Retargeting,No
45681,10-02-2025 02:08,Referral,Retargeting,No
50311,10-02-2025 06:36,Display Ads,Brand Awareness,Yes
64153,10-02-2025 19:45,Social Media,New Product Launch,No
75557,11-02-2025 21:47,Social Media,-,Yes
49007,11-02-2025 11:15,Social Media,Retargeting,No
66454,11-02-2025 23:46,Social Media,New Product Launch,No
71292,10-02-2025 03:58,Display Ads,Discount Offer,Yes
95840,10-02-2025 00:05,Referral,Brand Awareness,Yes
29113,10-02-2025 17:54,Social Media,Winter Sale,No
73412,11-02-2025 22:50,Display Ads,New Product Launch,No
67914,10-02-2025 19:40,Email,Discount Offer,No
10925,11-02-2025 17:49,Search Ads,-,Yes
23671,11-02-2025 22:23,Referral,Discount Offer,No
75201,10-02-2025 14:12,Display Ads,-,No
75201,11-02-2025 17:05,Social Media,Discount Offer,No
66758,11-02-2025 17:40,Referral,Brand Awareness,No
11416,11-02-2025 08:33,Referral,Brand Awareness,Yes
14798,11-02-2025 18:11,Email,-,Yes
49220,10-02-2025 03:26,Search Ads,-,Yes
36731,11-02-2025 05:04,Search Ads,Brand Awareness,No
18589,11-02-2025 00:49,Referral,Retargeting,No
60345,11-02-2025 05:37,Referral,Brand Awareness,No
62212,10-02-2025 02:11,Referral,Winter Sale,Yes
25539,11-02-2025 22:30,Search Ads,Retargeting,No
82166,11-02-2025 13:27,Email,Discount Offer,Yes
54821,11-02-2025 14:49,Display Ads,Winter Sale,No
80259,11-02-2025 21:28,Email,Winter Sale,Yes
21944,10-02-2025 10:32,Display Ads,Discount Offer,Yes
74464,11-02-2025 08:02,Search Ads,-,No
16758,10-02-2025 01:13,Display Ads,New Product Launch,No
89362,10-02-2025 07:58,Email,New Product Launch,Yes
80368,11-02-2025 21:46,Search Ads,Retargeting,No
78514,10-02-2025 16:03,Email,Winter Sale,No
94024,10-02-2025 09:02,Display Ads,Winter Sale,No
25369,11-02-2025 09:22,Email,Brand Awareness,No
86406,10-02-2025 13:59,Email,Retargeting,No
23209,10-02-2025 16:02,Social Media,-,Yes
60345,10-02-2025 10:10,Referral,Retargeting,No
39572,11-02-2025 21:10,Direct Traffic,-,No
88187,10-02-2025 08:47,Direct Traffic,-,No
27767,11-02-2025 19:58,Referral,Brand Awareness,Yes
55894,10-02-2025 14:50,Search Ads,Brand Awareness,Yes
16386,11-02-2025 09:21,Display Ads,Retargeting,Yes
81470,10-02-2025 11:21,Direct Traffic,-,No
60571,11-02-2025 18:00,Social Media,New Product Launch,No
16062,11-02-2025 01:59,Email,Brand Awareness,No
13090,11-02-2025 22:47,Referral,Discount Offer,Yes
11257,10-02-2025 22:01,Email,-,Yes
44288,11-02-2025 08:19,Search Ads,Winter Sale,No
45310,10-02-2025 12:13,Referral,Winter Sale,Yes
74772,10-02-2025 21:10,Display Ads,Winter Sale,Yes
23332,11-02-2025 03:00,Search Ads,Retargeting,No
38349,10-02-2025 23:07,Search Ads,Discount Offer,Yes
24161,10-02-2025 00:25,Search Ads,Winter Sale,No
30544,11-02-2025 12:34,Referral,Discount Offer,Yes
78882,10-02-2025 14:36,Referral,-,No
73055,10-02-2025 09:59,Referral,Retargeting,Yes
91966,10-02-2025 13:02,Display Ads,Winter Sale,No
71094,11-02-2025 21:59,Search Ads,Brand Awareness,No
46988,11-02-2025 08:00,Search Ads,New Product Launch,No
34641,11-02-2025 00:32,Display Ads,Winter Sale,Yes
31723,11-02-2025 09:42,Search Ads,Brand Awareness,Yes
73311,11-02-2025 12:38,Social Media,-,No
30136,10-02-2025 23:26,Search Ads,New Product Launch,No
75201,11-02-2025 15:31,Direct Traffic,-,No
13403,11-02-2025 18:16,Search Ads,Winter Sale,No
87851,11-02-2025 05:47,Email,-,Yes
90546,10-02-2025 00:32,Email,New Product Launch,No
32477,11-02-2025 19:37,Referral,-,No
90848,11-02-2025 20:49,Referral,Discount Offer,Yes
33822,11-02-2025 14:06,Referral,New Product Launch,Yes
54741,10-02-2025 01:38,Search Ads,New Product Launch,Yes
51554,10-02-2025 08:30,Email,Retargeting,No
40090,11-02-2025 23:26,Email,Winter Sale,Yes
85643,11-02-2025 21:01,Display Ads,-,Yes
28912,10-02-2025 17:22,Direct Traffic,-,Yes
61177,11-02-2025 19:14,Display Ads,Brand Awareness,No
84915,11-02-2025 04:41,Display Ads,Discount Offer,Yes
53151,11-02-2025 08:41,Social Media,Discount Offer,Yes
32550,10-02-2025 13:06,Display Ads,Discount Offer,Yes
29440,11-02-2025 21:50,Direct Traffic,-,No
22407,10-02-2025 15:12,Direct Traffic,-,No
37332,11-02-2025 03:34,Direct Traffic,-,Yes
15978,10-02-2025 01:45,Referral,Brand Awareness,No
63551,10-02-2025 21:53,Social Media,Winter Sale,Yes
63781,10-02-2025 22:02,Social Media,New Product Launch,Yes
75302,11-02-2025 15:51,Search Ads,Retargeting,Yes
51208,11-02-2025 13:07,Social Media,-,No
60001,10-02-2025 04:06,Direct Traffic,-,Yes
74350,10-02-2025 04:30,Search Ads,Discount Offer,No
81711,10-02-2025 18:39,Social Media,-,No
74513,11-02-2025 01:12,Direct Traffic,-,No
93964,11-02-2025 00:23,Search Ads,New Product Launch,No
32120,10-02-2025 08:39,Email,Brand Awareness,Yes
83254,10-02-2025 16:22,Email,-,Yes
52438,11-02-2025 11:38,Display Ads,Winter Sale,Yes
92200,10-02-2025 18:04,Display Ads,Discount Offer,No
30820,11-02-2025 14:49,Referral,Brand Awareness,No
74223,11-02-2025 05:10,Search Ads,-,No
13737,11-02-2025 00:26,Direct Traffic,-,Yes
78752,10-02-2025 21:03,Email,Winter Sale,Yes
55355,10-02-2025 23:32,Display Ads,Discount Offer,No
24634,10-02-2025 13:14,Display Ads,-,Yes
10654,10-02-2025 03:50,Search Ads,Winter Sale,No
74534,11-02-2025 13:09,Email,Winter Sale,No
72118,11-02-2025 04:17,Search Ads,Discount Offer,No
31134,10-02-2025 02:13,Search Ads,Retargeting,No
32651,11-02-2025 23:30,Referral,Winter Sale,No
18301,11-02-2025 14:22,Referral,Discount Offer,No
12863,11-02-2025 16:17,Email,Winter Sale,Yes
59482,11-02-2025 07:04,Email,Winter Sale,Yes
47775,11-02-2025 13:27,Direct Traffic,-,Yes
30977,10-02-2025 23:51,Referral,-,No
86886,10-02-2025 04:02,Direct Traffic,-,No
39101,11-02-2025 14:19,Social Media,Brand Awareness,No
31021,10-02-2025 00:58,Social Media,Winter Sale,Yes
26253,10-02-2025 07:32,Direct Traffic,-,Yes
57396,11-02-2025 01:01,Email,Retargeting,No
13528,10-02-2025 17:01,Social Media,Discount Offer,No
73762,11-02-2025 21:59,Direct Traffic,-,No
27774,10-02-2025 20:30,Referral,Retargeting,Yes
11107,10-02-2025 23:07,Social Media,Brand Awareness,Yes
87938,10-02-2025 17:21,Referral,Retargeting,No
28144,10-02-2025 00:50,Referral,Winter Sale,No
49207,11-02-2025 09:54,Referral,Retargeting,Yes
65497,10-02-2025 09:30,Search Ads,Brand Awareness,Yes
96629,11-02-2025 06:41,Email,-,No
57726,10-02-2025 02:16,Display Ads,Discount Offer,Yes
58481,11-02-2025 05:27,Referral,Discount Offer,Yes
70698,10-02-2025 13:18,Email,-,No
44295,11-02-2025 16:15,Display Ads,-,Yes
17329,10-02-2025 23:06,Direct Traffic,-,No
82701,10-02-2025 12:37,Direct Traffic,-,No
57627,10-02-2025 09:48,Social Media,Brand Awareness,Yes
33991,11-02-2025 03:34,Social Media,Winter Sale,Yes
95948,11-02-2025 22:08,Direct Traffic,-,No
85643,10-02-2025 06:30,Display Ads,Brand Awareness,Yes
22861,11-02-2025 10:28,Search Ads,Winter Sale,Yes
53902,10-02-2025 22:12,Search Ads,Winter Sale,No
30155,11-02-2025 15:43,Search Ads,Retargeting,Yes
64847,11-02-2025 23:07,Email,New Product Launch,Yes
27556,10-02-2025 20:39,Referral,-,No
16893,10-02-2025 18:57,Referral,Discount Offer,Yes
48099,11-02-2025 19:38,Direct Traffic,-,No
39056,11-02-2025 03:25,Search Ads,Brand Awareness,Yes
34935,11-02-2025 18:50,Social Media,Winter Sale,Yes
55905,10-02-2025 12:22,Direct Traffic,-,Yes
94174,11-02-2025 05:52,Display Ads,Discount Offer,No
46050,11-02-2025 04:32,Referral,Retargeting,Yes
34737,11-02-2025 22:32,Search Ads,Winter Sale,Yes
55737,10-02-2025 00:41,Search Ads,-,No
72645,11-02-2025 00:39,Direct Traffic,-,Yes
71938,10-02-2025 17:05,Direct Traffic,-,No
89685,11-02-2025 09:07,Display Ads,Winter Sale,No
88094,11-02-2025 13:56,Email,Retargeting,No
13004,11-02-2025 05:31,Email,Retargeting,Yes
86706,10-02-2025 05:04,Search Ads,Discount Offer,Yes
49394,11-02-2025 09:52,Email,Brand Awareness,Yes
70378,11-02-2025 14:11,Email,-,No
24845,10-02-2025 00:04,Search Ads,Retargeting,No
76601,11-02-2025 21:46,Display Ads,Discount Offer,No
53707,10-02-2025 10:51,Display Ads,-,Yes
80623,10-02-2025 07:29,Display Ads,Brand Awareness,Yes
24771,11-02-2025 09:42,Search Ads,New Product Launch,Yes
51399,11-02-2025 17:48,Direct Traffic,-,Yes
47957,11-02-2025 08:35,Search Ads,Discount Offer,Yes
41962,11-02-2025 10:39,Display Ads,Winter Sale,Yes
17478,11-02-2025 02:44,Display Ads,-,Yes
20124,10-02-2025 08:37,Direct Traffic,-,No
24576,10-02-2025 10:59,Social Media,Brand Awareness,No
82038,11-02-2025 05:35,Direct Traffic,-,No
89467,11-02-2025 15:21,Email,Discount Offer,Yes
20853,11-02-2025 20:32,Referral,New Product Launch,No
32562,11-02-2025 16:22,Email,Brand Awareness,No
98843,10-02-2025 22:29,Social Media,Discount Offer,Yes
56968,11-02-2025 02:36,Display Ads,Winter Sale,Yes
99018,10-02-2025 04:06,Referral,Brand Awareness,Yes
23018,11-02-2025 23:03,Search Ads,New Product Launch,Yes
83286,11-02-2025 17:50,Referral,Discount Offer,Yes
86974,11-02-2025 13:13,Display Ads,Brand Awareness,Yes
80999,10-02-2025 04:43,Display Ads,Winter Sale,Yes
46924,11-02-2025 01:16,Email,Discount Offer,Yes
26430,10-02-2025 17:40,Email,Retargeting,No
71979,11-02-2025 21:59,Direct Traffic,-,No
33499,10-02-2025 23:53,Referral,-,Yes
27079,10-02-2025 10:57,Direct Traffic,-,Yes
54502,11-02-2025 02:49,Search Ads,Retargeting,No
69153,10-02-2025 10:24,Email,New Product Launch,No
82581,11-02-2025 21:17,Direct Traffic,-,Yes
73457,10-02-2025 03:54,Search Ads,New Product Launch,Yes
51020,10-02-2025 17:19,Email,Retargeting,No
66866,10-02-2025 01:12,Referral,Winter Sale,No
22011,11-02-2025 06:23,Direct Traffic,-,Yes
61828,10-02-2025 05:34,Referral,-,No
55755,10-02-2025 16:02,Display Ads,New Product Launch,No
99481,11-02-2025 17:16,Direct Traffic,-,Yes
89128,10-02-2025 14:47,Referral,Discount Offer,Yes
59319,11-02-2025 14:35,Display Ads,New Product Launch,Yes
46506,11-02-2025 15:57,Direct Traffic,-,No
22917,10-02-2025 17:10,Social Media,-,Yes
99490,11-02-2025 21:31,Referral,New Product Launch,Yes
66986,11-02-2025 23:21,Direct Traffic,-,No
89467,11-02-2025 21:33,Social Media,New Product Launch,No
71797,11-02-2025 15:06,Email,Discount Offer,Yes
95772,10-02-2025 07:25,Display Ads,-,No
75841,11-02-2025 05:54,Social Media,Winter Sale,No
17702,10-02-2025 06:28,Direct Traffic,-,No
74772,11-02-2025 01:50,Email,Discount Offer,No
40968,10-02-2025 00:50,Direct Traffic,-,Yes
17702,11-02-2025 09:15,Social Media,New Product Launch,No
27079,10-02-2025 15:37,Direct Traffic,-,No
86889,10-02-2025 06:42,Direct Traffic,-,Yes
27700,10-02-2025 01:42,Direct Traffic,-,No
53526,10-02-2025 22:28,Email,Discount Offer,No
86379,11-02-2025 11:44,Display Ads,New Product Launch,Yes
97826,11-02-2025 11:46,Search Ads,Brand Awareness,Yes
75656,11-02-2025 21:43,Display Ads,New Product Launch,No
89128,10-02-2025 11:16,Search Ads,-,Yes
33336,11-02-2025 20:23,Direct Traffic,-,No
86539,11-02-2025 21:11,Display Ads,Discount Offer,Yes
48574,11-02-2025 13:39,Social Media,Retargeting,No
55533,10-02-2025 17:16,Direct Traffic,-,Yes
98881,10-02-2025 00:34,Email,New Product Launch,Yes
78804,11-02-2025 14:00,Social Media,Brand Awareness,No
83307,10-02-2025 07:17,Search Ads,-,No
82557,10-02-2025 21:42,Social Media,Winter Sale,Yes
47631,11-02-2025 09:48,Email,Discount Offer,Yes
35216,10-02-2025 04:35,Direct Traffic,-,Yes
90701,11-02-2025 11:37,Display Ads,Brand Awareness,No
70492,11-02-2025 22:40,Search Ads,-,No
11780,10-02-2025 21:53,Display Ads,Winter Sale,No
76288,10-02-2025 14:50,Display Ads,Discount Offer,Yes
49271,11-02-2025 00:00,Direct Traffic,-,Yes
57669,11-02-2025 07:36,Direct Traffic,-,Yes
73311,11-02-2025 21:01,Referral,Winter Sale,No
67005,11-02-2025 10:16,Email,Brand Awareness,Yes
34094,11-02-2025 02:54,Email,Winter Sale,Yes
79602,10-02-2025 16:34,Referral,-,No
79894,11-02-2025 12:07,Direct Traffic,-,Yes
48639,11-02-2025 21:54,Social Media,Winter Sale,No
99093,10-02-2025 05:44,Referral,-,Yes
46918,11-02-2025 02:58,Direct Traffic,-,No
59576,10-02-2025 12:14,Direct Traffic,-,Yes
46442,11-02-2025 08:53,Direct Traffic,-,No
20743,11-02-2025 06:07,Direct Traffic,-,Yes
59102,11-02-2025 10:34,Referral,Discount Offer,No
15152,10-02-2025 05:16,Search Ads,Winter Sale,Yes
13967,11-02-2025 22:55,Social Media,-,Yes
35887,11-02-2025 19:13,Social Media,New Product Launch,No
44393,11-02-2025 08:02,Display Ads,Winter Sale,No
72612,10-02-2025 12:22,Direct Traffic,-,Yes
33255,11-02-2025 19:49,Search Ads,Winter Sale,No
25615,10-02-2025 06:40,Direct Traffic,-,No
33106,11-02-2025 19:13,Social Media,-,Yes
24771,11-02-2025 17:29,Social Media,Discount Offer,Yes
21704,11-02-2025 05:15,Email,Discount Offer,Yes
30578,10-02-2025 00:53,Direct Traffic,-,Yes
56050,11-02-2025 06:46,Direct Traffic,-,Yes
49991,10-02-2025 18:35,Social Media,Winter Sale,Yes
50839,10-02-2025 23:21,Referral,Brand Awareness,No
28594,10-02-2025 09:26,Search Ads,-,Yes
55745,10-02-2025 01:18,Search Ads,New Product Launch,No
26097,10-02-2025 12:31,Search Ads,-,Yes
30664,10-02-2025 17:44,Social Media,-,No
85459,10-02-2025 11:14,Referral,-,Yes
82044,10-02-2025 10:51,Email,New Product Launch,Yes
39277,10-02-2025 06:04,Referral,Retargeting,Yes
81851,10-02-2025 21:43,Referral,-,No
99995,10-02-2025 02:59,Referral,Winter Sale,No
25790,11-02-2025 03:33,Direct Traffic,-,No
97726,10-02-2025 08:57,Email,-,Yes
27556,11-02-2025 14:57,Search Ads,New Product Launch,Yes
26601,11-02-2025 20:25,Referral,Brand Awareness,Yes
56501,10-02-2025 15:20,Direct Traffic,-,Yes
38683,11-02-2025 12:17,Direct Traffic,-,Yes
15578,11-02-2025 19:58,Direct Traffic,-,No
97135,11-02-2025 16:59,Email,Brand Awareness,No
66863,11-02-2025 10:56,Search Ads,Retargeting,Yes
61331,10-02-2025 09:42,Email,Retargeting,No
16863,10-02-2025 09:38,Search Ads,Retargeting,No
66238,10-02-2025 14:37,Referral,Discount Offer,No
69415,11-02-2025 00:44,Referral,Discount Offer,Yes
13444,10-02-2025 22:47,Referral,Discount Offer,Yes
98310,11-02-2025 06:45,Referral,Discount Offer,No
68700,11-02-2025 09:40,Social Media,-,Yes
59102,10-02-2025 03:53,Email,Brand Awareness,No
98219,11-02-2025 19:59,Display Ads,-,Yes
60973,11-02-2025 19:57,Direct Traffic,-,Yes
46738,11-02-2025 03:44,Email,-,Yes
24256,11-02-2025 17:10,Referral,-,Yes
22743,11-02-2025 08:09,Direct Traffic,-,No
25124,10-02-2025 13:01,Display Ads,Retargeting,No
87204,10-02-2025 11:57,Search Ads,New Product Launch,No
62446,10-02-2025 04:12,Email,Winter Sale,Yes
35456,10-02-2025 13:52,Social Media,-,No
49647,10-02-2025 03:37,Referral,Winter Sale,Yes
87436,11-02-2025 21:41,Social Media,Retargeting,No
12806,11-02-2025 09:38,Social Media,New Product Launch,No
37648,10-02-2025 11:17,Email,Brand Awareness,Yes
27814,10-02-2025 01:45,Display Ads,Brand Awareness,No
90213,11-02-2025 17:28,Display Ads,-,No
70222,11-02-2025 18:26,Referral,-,No
17012,10-02-2025 07:02,Social Media,Discount Offer,No
27371,11-02-2025 06:11,Referral,Brand Awareness,Yes
20460,11-02-2025 11:30,Email,Winter Sale,No
55190,10-02-2025 04:23,Search Ads,New Product Launch,Yes
56961,10-02-2025 19:52,Direct Traffic,-,Yes
97135,10-02-2025 19:20,Search Ads,Retargeting,No
84060,11-02-2025 03:57,Search Ads,Brand Awareness,No
60022,10-02-2025 22:08,Social Media,Brand Awareness,Yes
64521,10-02-2025 20:20,Direct Traffic,-,No
12459,11-02-2025 21:08,Referral,Brand Awareness,Yes
68787,10-02-2025 04:58,Direct Traffic,-,No
40517,10-02-2025 20:33,Email,Retargeting,Yes
67283,11-02-2025 01:35,Social Media,New Product Launch,Yes
85549,10-02-2025 16:33,Referral,-,No
31285,11-02-2025 03:55,Referral,Brand Awareness,Yes
60888,10-02-2025 11:56,Referral,Retargeting,Yes
82338,11-02-2025 20:45,Email,Discount Offer,Yes
73183,11-02-2025 01:08,Display Ads,-,No
35961,10-02-2025 02:58,Direct Traffic,-,No
81371,11-02-2025 05:54,Direct Traffic,-,No
54664,10-02-2025 04:06,Display Ads,Brand Awareness,Yes
67074,10-02-2025 08:27,Email,Winter Sale,No
42360,10-02-2025 20:51,Social Media,Retargeting,Yes
78574,11-02-2025 16:56,Search Ads,Retargeting,No
72741,11-02-2025 07:25,Display Ads,Brand Awareness,No
90848,10-02-2025 14:32,Display Ads,Brand Awareness,No
21644,11-02-2025 14:00,Display Ads,Brand Awareness,Yes
31134,10-02-2025 19:22,Email,Retargeting,Yes
60571,11-02-2025 19:53,Referral,Retargeting,No
34395,11-02-2025 15:07,Email,Winter Sale,No
92167,10-02-2025 16:55,Display Ads,Discount Offer,No
76911,10-02-2025 08:31,Display Ads,Brand Awareness,Yes
79863,11-02-2025 21:09,Display Ads,New Product Launch,No
40164,11-02-2025 01:01,Search Ads,New Product Launch,Yes
80670,11-02-2025 03:04,Email,Discount Offer,Yes
24251,10-02-2025 07:25,Display Ads,Brand Awareness,No
62907,11-02-2025 15:31,Display Ads,New Product Launch,No
57739,10-02-2025 19:12,Referral,Retargeting,Yes
56075,10-02-2025 00:48,Direct Traffic,-,No
78083,10-02-2025 12:50,Display Ads,Discount Offer,No
95948,10-02-2025 20:54,Search Ads,Discount Offer,No
37708,11-02-2025 23:41,Search Ads,Retargeting,Yes
39572,10-02-2025 23:26,Email,-,No
71753,10-02-2025 06:19,Social Media,Retargeting,No
82862,11-02-2025 10:45,Direct Traffic,-,No
61401,10-02-2025 00:20,Direct Traffic,-,No
21628,11-02-2025 02:31,Email,-,No
21504,10-02-2025 08:11,Social Media,New Product Launch,Yes
15351,11-02-2025 01:35,Social Media,Discount Offer,No
44827,11-02-2025 22:40,Social Media,Discount Offer,Yes
20895,11-02-2025 12:09,Search Ads,Brand Awareness,No
45750,11-02-2025 13:08,Direct Traffic,-,No
95665,10-02-2025 17:59,Display Ads,Retargeting,No
72379,11-02-2025 02:19,Referral,New Product Launch,Yes
97756,11-02-2025 04:31,Social Media,Discount Offer,No
88567,10-02-2025 03:44,Direct Traffic,-,Yes
63181,10-02-2025 05:37,Email,Discount Offer,No
87909,11-02-2025 22:39,Direct Traffic,-,No
49655,10-02-2025 04:35,Email,Brand Awareness,No
46373,10-02-2025 16:33,Display Ads,Discount Offer,Yes
62225,11-02-2025 05:12,Email,Brand Awareness,Yes
80769,11-02-2025 00:08,Direct Traffic,-,No
52609,11-02-2025 17:43,Email,-,Yes
38046,10-02-2025 22:48,Email,Discount Offer,Yes
27347,11-02-2025 01:47,Display Ads,Brand Awareness,No
39696,11-02-2025 17:27,Email,Brand Awareness,No
10843,11-02-2025 05:15,Email,Winter Sale,Yes
98055,10-02-2025 08:20,Email,Winter Sale,Yes
68681,11-02-2025 00:51,Display Ads,Discount Offer,Yes
30446,11-02-2025 18:44,Display Ads,Brand Awareness,No
39559,10-02-2025 12:22,Referral,Discount Offer,Yes
90701,10-02-2025 19:30,Direct Traffic,-,No
99321,11-02-2025 16:25,Email,Retargeting,No
69153,10-02-2025 00:45,Direct Traffic,-,No
87204,10-02-2025 08:41,Email,-,Yes
46334,10-02-2025 23:02,Email,Brand Awareness,No
69619,11-02-2025 16:09,Direct Traffic,-,Yes
49529,11-02-2025 17:33,Direct Traffic,-,Yes
25105,10-02-2025 03:56,Search Ads,Winter Sale,Yes
53636,10-02-2025 11:27,Display Ads,New Product Launch,No
21596,10-02-2025 20:50,Display Ads,Winter Sale,Yes
37621,11-02-2025 19:27,Social Media,Brand Awareness,Yes
64847,10-02-2025 22:46,Display Ads,Discount Offer,No
26185,10-02-2025 22:55,Search Ads,-,Yes
54334,11-02-2025 11:54,Search Ads,Retargeting,No
26021,10-02-2025 07:56,Search Ads,Winter Sale,No
38485,10-02-2025 09:26,Search Ads,Winter Sale,Yes
38683,11-02-2025 17:46,Email,New Product Launch,No
59232,10-02-2025 00:43,Referral,-,Yes
25019,11-02-2025 02:41,Direct Traffic,-,No
80527,11-02-2025 08:49,Social Media,-,Yes
94388,10-02-2025 02:29,Direct Traffic,-,No
75208,10-02-2025 14:05,Referral,-,Yes
54259,10-02-2025 16:39,Email,Retargeting,Yes
26783,10-02-2025 08:23,Email,Retargeting,No
41377,10-02-2025 09:59,Display Ads,Discount Offer,No
76732,10-02-2025 14:01,Social Media,Winter Sale,Yes
17598,10-02-2025 07:12,Search Ads,Brand Awareness,No
25147,11-02-2025 18:27,Display Ads,-,No
50704,11-02-2025 08:48,Search Ads,Brand Awareness,No
16834,11-02-2025 23:53,Referral,Winter Sale,Yes
40368,11-02-2025 10:56,Display Ads,New Product Launch,Yes
62101,10-02-2025 18:36,Email,-,No
71932,11-02-2025 07:15,Social Media,Brand Awareness,Yes
98418,11-02-2025 09:50,Search Ads,-,Yes
85419,11-02-2025 10:23,Display Ads,Brand Awareness,No
99157,11-02-2025 06:31,Display Ads,-,Yes
68180,11-02-2025 12:31,Social Media,Winter Sale,No
43767,10-02-2025 12:21,Social Media,Brand Awareness,No
72518,10-02-2025 08:19,Search Ads,Discount Offer,Yes
62843,10-02-2025 23:42,Social Media,-,Yes
17619,11-02-2025 19:06,Search Ads,New Product Launch,No
31070,10-02-2025 12:40,Email,Retargeting,Yes
11790,10-02-2025 23:43,Social Media,Discount Offer,Yes
68762,11-02-2025 04:47,Display Ads,-,No
14398,11-02-2025 08:21,Direct Traffic,-,Yes
46667,10-02-2025 06:38,Referral,Brand Awareness,Yes
62471,10-02-2025 12:16,Search Ads,Retargeting,Yes
33189,10-02-2025 07:48,Email,New Product Launch,No
19049,10-02-2025 08:46,Search Ads,Winter Sale,No
55631,10-02-2025 03:12,Referral,-,Yes
53859,11-02-2025 06:09,Email,Retargeting,No
50501,10-02-2025 09:56,Direct Traffic,-,Yes
39460,11-02-2025 22:54,Referral,New Product Launch,Yes
33345,11-02-2025 07:54,Referral,Discount Offer,Yes
17634,10-02-2025 10:39,Referral,Retargeting,No
58481,10-02-2025 15:41,Email,-,No
26763,11-02-2025 19:36,Referral,Brand Awareness,Yes
64204,10-02-2025 09:41,Social Media,Discount Offer,Yes
59072,10-02-2025 18:00,Referral,Winter Sale,No
17726,11-02-2025 16:58,Search Ads,Winter Sale,No
91904,10-02-2025 15:43,Referral,Winter Sale,No
64767,11-02-2025 02:08,Direct Traffic,-,Yes
27589,11-02-2025 04:16,Display Ads,Retargeting,Yes
33601,11-02-2025 10:40,Direct Traffic,-,No
70576,10-02-2025 05:14,Display Ads,Winter Sale,Yes
99566,11-02-2025 16:47,Direct Traffic,-,No
27463,10-02-2025 15:15,Display Ads,Retargeting,No
50636,11-02-2025 21:05,Email,New Product Launch,Yes
37722,10-02-2025 22:05,Email,Retargeting,Yes
26727,10-02-2025 08:46,Email,Winter Sale,Yes
37903,11-02-2025 17:27,Display Ads,Discount Offer,No
65082,10-02-2025 02:28,Email,New Product Launch,No
55176,11-02-2025 08:20,Display Ads,Brand Awareness,No
85486,11-02-2025 01:39,Referral,Brand Awareness,No
83312,10-02-2025 18:06,Email,Brand Awareness,No
63489,11-02-2025 05:05,Email,Winter Sale,No
42030,11-02-2025 19:33,Email,Winter Sale,Yes
58938,10-02-2025 11:53,Direct Traffic,-,Yes
40362,11-02-2025 18:22,Direct Traffic,-,Yes
87642,10-02-2025 10:07,Social Media,Retargeting,No
16758,10-02-2025 21:01,Direct Traffic,-,No
36377,10-02-2025 22:45,Direct Traffic,-,No
15921,10-02-2025 05:11,Search Ads,Winter Sale,No
98320,10-02-2025 07:14,Direct Traffic,-,Yes
95739,11-02-2025 01:36,Direct Traffic,-,No
41377,10-02-2025 23:59,Social Media,Brand Awareness,Yes
35824,10-02-2025 01:02,Search Ads,Brand Awareness,No
63820,10-02-2025 14:26,Social Media,New Product Launch,No
64867,11-02-2025 08:25,Direct Traffic,-,No
88027,10-02-2025 08:33,Search Ads,Discount Offer,Yes
56768,10-02-2025 02:31,Social Media,New Product Launch,No
78604,10-02-2025 08:04,Search Ads,Discount Offer,No
45571,10-02-2025 12:31,Social Media,Brand Awareness,No
55756,11-02-2025 23:23,Social Media,Brand Awareness,No
13399,11-02-2025 17:45,Referral,-,Yes
99937,11-02-2025 21:23,Display Ads,Retargeting,No
42285,10-02-2025 21:03,Email,-,Yes
44261,10-02-2025 05:45,Direct Traffic,-,No
46618,11-02-2025 19:45,Social Media,Winter Sale,No
18298,11-02-2025 14:07,Display Ads,-,Yes
39876,11-02-2025 03:19,Direct Traffic,-,Yes
57455,11-02-2025 07:23,Social Media,Brand Awareness,No
34498,10-02-2025 00:41,Referral,Winter Sale,Yes
90088,10-02-2025 12:42,Email,Discount Offer,No
46592,11-02-2025 18:25,Direct Traffic,-,No
88728,10-02-2025 16:46,Email,Retargeting,No
20895,10-02-2025 10:42,Email,Winter Sale,No
19816,11-02-2025 02:23,Email,Brand Awareness,No
68071,11-02-2025 13:37,Referral,Winter Sale,Yes
43603,11-02-2025 15:25,Email,-,Yes
16304,11-02-2025 15:53,Referral,Discount Offer,Yes
94486,11-02-2025 02:59,Search Ads,New Product Launch,No
67419,10-02-2025 04:32,Email,Discount Offer,Yes
46506,11-02-2025 15:10,Search Ads,Discount Offer,Yes
94548,11-02-2025 08:30,Display Ads,Retargeting,No
43014,11-02-2025 02:29,Search Ads,Brand Awareness,No
24014,10-02-2025 14:56,Direct Traffic,-,No
63367,11-02-2025 07:29,Direct Traffic,-,No
41641,10-02-2025 16:56,Direct Traffic,-,No
29844,11-02-2025 16:41,Search Ads,Retargeting,No
12217,10-02-2025 09:29,Social Media,New Product Launch,Yes
76806,10-02-2025 18:31,Social Media,Winter Sale,No
46662,11-02-2025 00:20,Social Media,Brand Awareness,Yes
82708,10-02-2025 14:48,Search Ads,Winter Sale,Yes
77294,10-02-2025 08:17,Direct Traffic,-,Yes
93078,11-02-2025 09:24,Direct Traffic,-,No
61770,10-02-2025 03:24,Referral,New Product Launch,No
53293,10-02-2025 09:46,Search Ads,-,Yes
51934,10-02-2025 12:56,Email,Retargeting,Yes
93161,10-02-2025 06:00,Email,Winter Sale,No
98133,10-02-2025 06:59,Direct Traffic,-,Yes
44859,11-02-2025 21:37,Display Ads,New Product Launch,No
37554,10-02-2025 10:03,Email,-,Yes
74032,11-02-2025 11:27,Social Media,Winter Sale,Yes
42360,11-02-2025 22:32,Referral,Brand Awareness,No
31643,11-02-2025 17:32,Display Ads,Retargeting,Yes
43052,11-02-2025 01:19,Social Media,Retargeting,No
33077,11-02-2025 00:18,Display Ads,Winter Sale,No
98320,11-02-2025 06:58,Direct Traffic,-,Yes
70016,11-02-2025 14:41,Direct Traffic,-,Yes
55079,11-02-2025 02:24,Referral,-,Yes
74664,11-02-2025 07:43,Direct Traffic,-,Yes
41148,11-02-2025 21:54,Search Ads,Retargeting,No
46988,10-02-2025 11:23,Direct Traffic,-,Yes
32897,10-02-2025 09:17,Search Ads,New Product Launch,Yes
63471,10-02-2025 06:23,Display Ads,-,Yes
88818,10-02-2025 23:18,Search Ads,Discount Offer,Yes
37121,10-02-2025 19:38,Email,Retargeting,Yes
38683,11-02-2025 02:29,Direct Traffic,-,No
21550,11-02-2025 15:07,Social Media,Discount Offer,No
23463,10-02-2025 05:43,Search Ads,Discount Offer,No
61032,11-02-2025 23:33,Search Ads,-,No
19350,11-02-2025 03:31,Email,Winter Sale,Yes
23233,10-02-2025 08:37,Search Ads,Retargeting,No
23486,11-02-2025 09:14,Search Ads,-,Yes
36135,11-02-2025 21:57,Referral,Winter Sale,Yes
35824,11-02-2025 11:59,Referral,-,No
35409,10-02-2025 11:05,Referral,Retargeting,Yes
33497,11-02-2025 05:06,Social Media,Winter Sale,No
85049,10-02-2025 21:29,Direct Traffic,-,No
15241,11-02-2025 19:56,Social Media,Retargeting,No
58969,11-02-2025 04:54,Social Media,Discount Offer,Yes
84928,10-02-2025 09:46,Direct Traffic,-,Yes
64075,10-02-2025 09:11,Email,Retargeting,Yes
52689,10-02-2025 15:29,Display Ads,Discount Offer,No
33999,10-02-2025 19:52,Email,Winter Sale,Yes
96872,11-02-2025 23:32,Email,Discount Offer,No
86558,11-02-2025 13:33,Social Media,Winter Sale,Yes
74738,10-02-2025 06:33,Referral,Brand Awareness,Yes
42325,11-02-2025 09:12,Social Media,Brand Awareness,No
76601,10-02-2025 04:01,Display Ads,New Product Launch,Yes
83153,10-02-2025 23:17,Direct Traffic,-,Yes
18955,11-02-2025 21:07,Search Ads,Discount Offer,Yes
11661,10-02-2025 21:12,Display Ads,Brand Awareness,Yes
79091,10-02-2025 06:31,Social Media,New Product Launch,Yes
33077,11-02-2025 05:47,Display Ads,Retargeting,Yes
86112,11-02-2025 21:57,Direct Traffic,-,No
69775,10-02-2025 10:53,Email,New Product Launch,Yes
30675,10-02-2025 15:26,Direct Traffic,-,Yes
71827,10-02-2025 07:44,Direct Traffic,-,No
89500,10-02-2025 00:16,Direct Traffic,-,Yes
36858,11-02-2025 01:42,Search Ads,Retargeting,Yes
48990,10-02-2025 07:22,Social Media,Brand Awareness,No
53707,10-02-2025 13:20,Display Ads,New Product Launch,No
85587,11-02-2025 00:08,Referral,Brand Awareness,No
48088,11-02-2025 21:41,Direct Traffic,-,No
32477,10-02-2025 09:42,Display Ads,-,Yes
27778,10-02-2025 11:52,Direct Traffic,-,No
51399,10-02-2025 17:10,Social Media,Winter Sale,No
90131,11-02-2025 14:10,Email,Discount Offer,Yes
30675,11-02-2025 23:04,Email,Retargeting,Yes
48115,11-02-2025 22:11,Display Ads,Discount Offer,No
80481,11-02-2025 04:14,Social Media,Discount Offer,Yes
62324,10-02-2025 10:07,Social Media,Discount Offer,No
70237,10-02-2025 20:07,Referral,New Product Launch,No
18955,11-02-2025 22:38,Email,-,No
81711,10-02-2025 04:36,Referral,Winter Sale,No
86889,11-02-2025 23:46,Display Ads,New Product Launch,Yes
87228,11-02-2025 10:56,Display Ads,New Product Launch,Yes
73457,11-02-2025 01:34,Direct Traffic,-,No
64159,11-02-2025 09:39,Search Ads,Brand Awareness,No
80739,10-02-2025 18:20,Referral,Winter Sale,No
51640,10-02-2025 07:13,Display Ads,Brand Awareness,No
53313,11-02-2025 09:22,Social Media,Discount Offer,Yes
72561,10-02-2025 17:10,Social Media,Brand Awareness,Yes
37270,11-02-2025 19:28,Display Ads,Retargeting,Yes
13967,11-02-2025 18:43,Social Media,Brand Awareness,Yes
67454,11-02-2025 18:33,Direct Traffic,-,No
98411,11-02-2025 05:21,Search Ads,Discount Offer,No
35887,11-02-2025 19:29,Email,-,Yes
34300,10-02-2025 10:40,Direct Traffic,-,Yes
38173,10-02-2025 08:06,Social Media,New Product Launch,Yes
89793,11-02-2025 00:05,Direct Traffic,-,Yes
37002,11-02-2025 12:43,Social Media,-,Yes
35216,11-02-2025 18:11,Display Ads,Discount Offer,No
75137,10-02-2025 19:07,Email,New Product Launch,No
63712,10-02-2025 02:53,Email,-,No
90047,11-02-2025 07:02,Search Ads,Winter Sale,Yes
53859,10-02-2025 23:03,Social Media,Winter Sale,No
52282,11-02-2025 20:22,Display Ads,Winter Sale,Yes
62579,11-02-2025 23:35,Display Ads,New Product Launch,No
56128,10-02-2025 08:00,Display Ads,-,Yes
48990,11-02-2025 23:11,Direct Traffic,-,No
20524,10-02-2025 20:07,Display Ads,Winter Sale,Yes
68849,10-02-2025 06:31,Referral,New Product Launch,Yes
85152,11-02-2025 11:14,Search Ads,Winter Sale,No
75804,10-02-2025 14:40,Direct Traffic,-,No
25615,10-02-2025 18:14,Social Media,Discount Offer,No
61578,10-02-2025 21:52,Search Ads,Winter Sale,No
25254,11-02-2025 17:01,Email,-,No
10925,10-02-2025 08:24,Search Ads,Discount Offer,No
99995,10-02-2025 18:37,Referral,Retargeting,No
64263,10-02-2025 06:00,Search Ads,Winter Sale,No
42818,11-02-2025 14:30,Search Ads,Discount Offer,No
76957,11-02-2025 12:23,Referral,Discount Offer,Yes
57793,10-02-2025 04:50,Referral,Discount Offer,Yes
44827,11-02-2025 13:42,Search Ads,Brand Awareness,Yes
49673,10-02-2025 10:23,Social Media,Retargeting,No
49128,10-02-2025 12:01,Referral,Brand Awareness,No
32692,11-02-2025 19:01,Referral,New Product Launch,No
46911,10-02-2025 00:53,Search Ads,Discount Offer,No
30694,10-02-2025 04:47,Social Media,New Product Launch,No
72122,11-02-2025 19:02,Display Ads,Brand Awareness,Yes
48867,10-02-2025 04:12,Referral,Discount Offer,No
46334,10-02-2025 06:50,Direct Traffic,-,No
65514,11-02-2025 06:55,Direct Traffic,-,No
57793,11-02-2025 03:19,Direct Traffic,-,Yes
73141,11-02-2025 12:24,Display Ads,New Product Launch,Yes
13771,10-02-2025 03:20,Display Ads,Discount Offer,No
65626,11-02-2025 10:09,Display Ads,Brand Awareness,No
93227,10-02-2025 15:37,Search Ads,Brand Awareness,Yes
92234,11-02-2025 11:18,Referral,-,Yes
90635,11-02-2025 02:02,Referral,New Product Launch,No
67722,11-02-2025 09:30,Display Ads,Discount Offer,Yes
29809,11-02-2025 04:48,Direct Traffic,-,No
20916,10-02-2025 12:22,Referral,Discount Offer,Yes
51934,10-02-2025 23:31,Social Media,Retargeting,No
36427,10-02-2025 17:47,Search Ads,Winter Sale,No
53947,10-02-2025 11:54,Referral,Winter Sale,Yes
85422,11-02-2025 10:53,Email,New Product Launch,No
29206,10-02-2025 23:01,Direct Traffic,-,Yes
41004,11-02-2025 10:10,Referral,Retargeting,Yes
22923,11-02-2025 19:39,Social Media,Retargeting,Yes
78604,11-02-2025 14:52,Search Ads,Discount Offer,No
10654,11-02-2025 09:46,Direct Traffic,-,Yes
92043,11-02-2025 03:47,Direct Traffic,-,Yes
38491,11-02-2025 03:47,Direct Traffic,-,No
13426,10-02-2025 17:04,Referral,New Product Launch,No
62558,11-02-2025 22:15,Referral,Retargeting,No
57943,10-02-2025 18:45,Search Ads,Winter Sale,No
44099,11-02-2025 15:36,Direct Traffic,-,Yes
67466,11-02-2025 09:28,Search Ads,Discount Offer,No
86296,11-02-2025 02:13,Direct Traffic,-,No
37648,11-02-2025 08:51,Search Ads,Brand Awareness,Yes
21484,10-02-2025 20:57,Email,New Product Launch,No
76967,11-02-2025 23:17,Search Ads,Winter Sale,Yes
89395,10-02-2025 01:38,Referral,Brand Awareness,Yes
39588,10-02-2025 21:22,Direct Traffic,-,Yes
45148,10-02-2025 05:54,Social Media,Brand Awareness,No
57951,11-02-2025 23:49,Social Media,Winter Sale,No
49789,10-02-2025 22:19,Direct Traffic,-,Yes
34310,11-02-2025 08:34,Direct Traffic,-,Yes
39131,10-02-2025 21:41,Email,New Product Launch,No
55227,10-02-2025 00:33,Referral,Brand Awareness,Yes
41901,10-02-2025 00:45,Display Ads,Retargeting,No
73762,10-02-2025 17:17,Direct Traffic,-,Yes
85049,11-02-2025 08:48,Direct Traffic,-,No
16713,11-02-2025 23:16,Email,New Product Launch,No
82427,11-02-2025 06:18,Display Ads,Winter Sale,No
56987,11-02-2025 02:38,Social Media,-,Yes
31631,11-02-2025 01:17,Referral,New Product Launch,No
56169,10-02-2025 11:32,Referral,Retargeting,Yes
86578,10-02-2025 23:21,Email,Discount Offer,No
64956,11-02-2025 21:38,Search Ads,Brand Awareness,No
28481,10-02-2025 19:33,Email,Winter Sale,Yes
25959,10-02-2025 10:04,Display Ads,Discount Offer,Yes
55446,11-02-2025 06:23,Email,Brand Awareness,Yes
54531,10-02-2025 15:55,Referral,Brand Awareness,Yes
88061,10-02-2025 13:42,Social Media,-,Yes
14377,11-02-2025 14:21,Email,Retargeting,No
58969,11-02-2025 21:33,Social Media,Discount Offer,Yes
58795,11-02-2025 12:34,Search Ads,Winter Sale,Yes
69729,11-02-2025 13:08,Social Media,-,No
79192,10-02-2025 11:44,Referral,-,Yes
60456,10-02-2025 21:32,Social Media,Discount Offer,No
41411,11-02-2025 00:23,Referral,Retargeting,No
24810,10-02-2025 07:27,Display Ads,New Product Launch,Yes
85309,11-02-2025 06:53,Referral,Discount Offer,Yes
33991,10-02-2025 01:11,Social Media,New Product Launch,Yes
26783,10-02-2025 22:26,Search Ads,New Product Launch,No
63551,11-02-2025 14:10,Social Media,Retargeting,Yes
88728,10-02-2025 01:25,Display Ads,Retargeting,Yes
11257,10-02-2025 20:24,Social Media,Brand Awareness,Yes
51786,11-02-2025 20:13,Search Ads,Discount Offer,No
22358,10-02-2025 02:24,Social Media,Brand Awareness,Yes
54301,10-02-2025 11:06,Direct Traffic,-,Yes
95608,11-02-2025 11:27,Email,New Product Launch,Yes
98152,11-02-2025 09:04,Direct Traffic,-,Yes
59319,11-02-2025 00:56,Social Media,Brand Awareness,Yes
60226,11-02-2025 22:53,Search Ads,-,No
92445,11-02-2025 19:15,Email,New Product Launch,No
88187,10-02-2025 20:32,Social Media,Brand Awareness,Yes
96473,11-02-2025 08:56,Social Media,Brand Awareness,No
54766,10-02-2025 07:41,Email,Brand Awareness,Yes
45652,10-02-2025 17:25,Email,-,No
46221,11-02-2025 03:28,Direct Traffic,-,Yes
35961,10-02-2025 01:28,Email,New Product Launch,No
69737,11-02-2025 14:34,Direct Traffic,-,Yes
10415,11-02-2025 09:28,Email,Discount Offer,Yes
76645,10-02-2025 00:08,Direct Traffic,-,Yes
81316,11-02-2025 12:47,Display Ads,Retargeting,No
16566,11-02-2025 21:16,Direct Traffic,-,Yes
10665,10-02-2025 03:47,Referral,Winter Sale,Yes
89703,11-02-2025 22:31,Referral,-,Yes
21690,11-02-2025 03:49,Display Ads,Discount Offer,No
60772,11-02-2025 03:55,Email,Discount Offer,No
17714,11-02-2025 05:04,Social Media,New Product Launch,Yes
69316,11-02-2025 15:15,Direct Traffic,-,No
16536,10-02-2025 18:31,Display Ads,Discount Offer,No
97780,11-02-2025 15:58,Direct Traffic,-,No
25303,10-02-2025 14:47,Email,Winter Sale,No
39702,10-02-2025 14:35,Display Ads,-,Yes
90213,10-02-2025 19:14,Display Ads,-,No
21667,11-02-2025 13:24,Referral,Retargeting,Yes
93802,11-02-2025 08:33,Direct Traffic,-,No
18981,11-02-2025 04:06,Referral,Brand Awareness,No
87153,11-02-2025 23:18,Email,New Product Launch,No
60487,10-02-2025 18:13,Social Media,-,Yes
83149,10-02-2025 00:03,Search Ads,Winter Sale,No
47735,11-02-2025 12:16,Direct Traffic,-,No
26644,11-02-2025 13:57,Social Media,Brand Awareness,Yes
48324,10-02-2025 16:53,Display Ads,New Product Launch,Yes
26085,10-02-2025 10:18,Referral,Retargeting,Yes
50840,10-02-2025 10:48,Referral,Winter Sale,Yes
70576,11-02-2025 12:12,Search Ads,Retargeting,No
59480,11-02-2025 15:58,Social Media,Discount Offer,No
97915,10-02-2025 09:22,Email,Winter Sale,Yes
56912,10-02-2025 22:24,Referral,Winter Sale,No
41935,11-02-2025 11:32,Social Media,-,Yes
23968,11-02-2025 06:32,Search Ads,Discount Offer,No
21628,11-02-2025 23:57,Referral,Retargeting,No
59576,11-02-2025 03:42,Email,Retargeting,Yes
57389,11-02-2025 08:11,Email,-,Yes
58945,10-02-2025 15:18,Search Ads,Retargeting,No
99618,10-02-2025 09:25,Search Ads,Brand Awareness,Yes
90546,10-02-2025 12:45,Social Media,Winter Sale,No
29015,10-02-2025 04:57,Direct Traffic,-,Yes
96454,10-02-2025 21:33,Referral,Brand Awareness,Yes
72118,11-02-2025 19:04,Search Ads,Retargeting,Yes
79823,10-02-2025 19:54,Direct Traffic,-,No
85419,10-02-2025 09:27,Direct Traffic,-,No
29809,11-02-2025 19:55,Referral,Brand Awareness,Yes
87025,11-02-2025 06:32,Direct Traffic,-,Yes
16659,11-02-2025 17:18,Social Media,-,No
82338,11-02-2025 05:37,Email,-,Yes
12350,10-02-2025 20:53,Direct Traffic,-,Yes
28297,10-02-2025 21:43,Email,Winter Sale,No
88072,10-02-2025 15:39,Display Ads,Winter Sale,No
75595,10-02-2025 19:55,Social Media,-,Yes
94106,10-02-2025 15:07,Referral,-,Yes
87228,11-02-2025 21:00,Display Ads,Brand Awareness,No
61019,10-02-2025 21:17,Display Ads,Winter Sale,No
27730,10-02-2025 05:22,Email,Discount Offer,No
85343,11-02-2025 16:13,Direct Traffic,-,Yes
97881,11-02-2025 07:35,Referral,Brand Awareness,No
26727,11-02-2025 19:51,Social Media,New Product Launch,No
94646,11-02-2025 19:48,Referral,Discount Offer,Yes
98655,10-02-2025 16:03,Search Ads,Winter Sale,Yes
68180,11-02-2025 02:05,Email,New Product Launch,No
60798,11-02-2025 10:08,Social Media,-,Yes
23927,11-02-2025 11:16,Direct Traffic,-,No
88708,11-02-2025 21:53,Search Ads,Winter Sale,No
75208,11-02-2025 07:30,Display Ads,Discount Offer,No
89770,11-02-2025 16:51,Search Ads,-,No
10095,11-02-2025 23:24,Referral,-,Yes
79268,11-02-2025 15:08,Email,Discount Offer,No
61358,11-02-2025 23:47,Search Ads,Retargeting,No
28385,10-02-2025 01:41,Referral,Winter Sale,Yes
83481,10-02-2025 01:46,Display Ads,Winter Sale,Yes
10167,10-02-2025 03:16,Social Media,Retargeting,No
90125,10-02-2025 02:31,Social Media,-,No
38043,11-02-2025 00:25,Social Media,Brand Awareness,No
48902,11-02-2025 00:44,Social Media,New Product Launch,No
99321,10-02-2025 21:23,Referral,New Product Launch,No
61062,10-02-2025 20:49,Social Media,New Product Launch,Yes
26664,11-02-2025 23:36,Social Media,New Product Launch,Yes
27778,11-02-2025 18:48,Direct Traffic,-,Yes
24761,11-02-2025 00:17,Search Ads,Retargeting,Yes
56016,10-02-2025 06:37,Search Ads,-,Yes
56961,11-02-2025 19:00,Email,Retargeting,No
89901,11-02-2025 19:15,Direct Traffic,-,Yes
72532,10-02-2025 20:50,Email,Winter Sale,No
29031,10-02-2025 05:07,Direct Traffic,-,Yes
61146,10-02-2025 00:58,Direct Traffic,-,No
36427,10-02-2025 12:53,Display Ads,Discount Offer,Yes
92785,11-02-2025 09:38,Email,New Product Launch,No
82505,10-02-2025 18:14,Social Media,-,Yes
69282,10-02-2025 08:56,Email,New Product Launch,No
61537,10-02-2025 18:13,Referral,Discount Offer,Yes
73951,11-02-2025 20:18,Search Ads,Retargeting,Yes
31679,10-02-2025 05:08,Email,Winter Sale,Yes
46321,10-02-2025 08:40,Display Ads,Winter Sale,No
98310,10-02-2025 06:15,Display Ads,Discount Offer,No
70659,11-02-2025 23:26,Referral,Brand Awareness,No
55894,10-02-2025 14:34,Direct Traffic,-,Yes
70502,10-02-2025 07:48,Social Media,-,Yes
73132,10-02-2025 04:23,Email,Brand Awareness,No
45476,10-02-2025 22:48,Email,New Product Launch,Yes
91203,11-02-2025 18:57,Display Ads,Discount Offer,Yes
59198,10-02-2025 22:43,Email,Retargeting,Yes
28511,10-02-2025 02:36,Display Ads,Brand Awareness,No
56094,10-02-2025 16:47,Display Ads,Discount Offer,Yes
33843,11-02-2025 10:08,Social Media,-,No
75656,10-02-2025 03:46,Email,Winter Sale,No
34937,11-02-2025 11:22,Direct Traffic,-,No
63685,11-02-2025 11:29,Display Ads,Winter Sale,Yes
25170,11-02-2025 21:01,Social Media,Brand Awareness,No
40368,10-02-2025 07:28,Direct Traffic,-,No
71753,10-02-2025 23:23,Email,Winter Sale,No
25290,11-02-2025 00:54,Referral,Discount Offer,Yes
99794,11-02-2025 21:36,Search Ads,Winter Sale,No
94070,11-02-2025 17:33,Referral,Brand Awareness,No
41850,10-02-2025 11:05,Social Media,-,Yes
74884,10-02-2025 15:01,Direct Traffic,-,Yes
53163,11-02-2025 15:57,Referral,Retargeting,Yes
29719,10-02-2025 21:21,Email,Winter Sale,No
64781,10-02-2025 21:47,Search Ads,Retargeting,Yes
91157,10-02-2025 06:09,Social Media,-,No
98273,11-02-2025 19:10,Social Media,Winter Sale,No
83965,10-02-2025 11:02,Referral,Retargeting,Yes
64177,11-02-2025 18:21,Search Ads,Retargeting,No
60859,10-02-2025 00:44,Direct Traffic,-,Yes
48867,10-02-2025 00:02,Referral,-,Yes
68119,10-02-2025 20:41,Direct Traffic,-,Yes
38392,11-02-2025 02:06,Search Ads,Retargeting,Yes
31012,10-02-2025 09:59,Display Ads,Retargeting,Yes
98275,11-02-2025 09:47,Display Ads,Retargeting,No
15190,10-02-2025 02:48,Direct Traffic,-,Yes
98273,10-02-2025 15:02,Referral,Retargeting,No
66748,10-02-2025 07:21,Direct Traffic,-,No
18444,11-02-2025 13:01,Email,Discount Offer,Yes
13771,11-02-2025 21:24,Direct Traffic,-,Yes
21537,11-02-2025 06:36,Direct Traffic,-,No
30087,11-02-2025 14:27,Email,-,No
20853,10-02-2025 12:25,Email,-,Yes
64488,10-02-2025 15:06,Search Ads,Retargeting,No
15176,11-02-2025 06:40,Display Ads,Winter Sale,No
83923,11-02-2025 07:03,Display Ads,Retargeting,Yes
60684,11-02-2025 07:36,Social Media,Winter Sale,Yes
31703,11-02-2025 06:19,Email,Brand Awareness,Yes
43767,10-02-2025 01:55,Referral,-,Yes
82862,10-02-2025 21:08,Email,Winter Sale,No
54301,10-02-2025 02:42,Direct Traffic,-,No
42012,11-02-2025 21:49,Direct Traffic,-,No
40011,10-02-2025 14:05,Referral,Winter Sale,Yes
72892,11-02-2025 15:39,Display Ads,New Product Launch,Yes
90472,11-02-2025 19:46,Search Ads,Brand Awareness,Yes
19385,10-02-2025 16:25,Social Media,Winter Sale,Yes
26401,10-02-2025 04:40,Direct Traffic,-,Yes
73762,10-02-2025 22:39,Direct Traffic,-,No
67914,11-02-2025 08:33,Search Ads,-,No
15535,11-02-2025 21:26,Email,Discount Offer,Yes
45564,10-02-2025 15:03,Search Ads,Brand Awareness,Yes
52472,11-02-2025 06:49,Direct Traffic,-,Yes
24161,10-02-2025 16:13,Email,Discount Offer,Yes
59899,10-02-2025 02:55,Email,Discount Offer,Yes
45476,10-02-2025 11:20,Display Ads,Winter Sale,Yes
40937,11-02-2025 03:52,Referral,New Product Launch,No
36135,11-02-2025 06:23,Display Ads,-,Yes
78882,10-02-2025 00:02,Search Ads,-,Yes
83286,11-02-2025 10:50,Social Media,Retargeting,No
72819,10-02-2025 13:58,Email,Brand Awareness,Yes
29877,11-02-2025 05:50,Display Ads,Retargeting,No
10374,11-02-2025 12:58,Search Ads,New Product Launch,No
19971,11-02-2025 05:30,Direct Traffic,-,No
83481,11-02-2025 17:28,Display Ads,Retargeting,No
68615,10-02-2025 04:29,Email,Retargeting,Yes
13967,11-02-2025 03:51,Email,Winter Sale,Yes
90700,10-02-2025 11:53,Display Ads,Winter Sale,No
55224,11-02-2025 04:36,Referral,New Product Launch,No
18152,11-02-2025 15:52,Email,Brand Awareness,Yes
20853,11-02-2025 21:03,Search Ads,Brand Awareness,No
22669,10-02-2025 23:22,Search Ads,Winter Sale,No
80471,11-02-2025 14:49,Display Ads,Discount Offer,Yes
34608,10-02-2025 04:09,Display Ads,New Product Launch,Yes
70378,10-02-2025 06:56,Display Ads,New Product Launch,No
41667,10-02-2025 05:26,Referral,Brand Awareness,Yes
73105,11-02-2025 17:23,Social Media,Retargeting,No
28459,10-02-2025 08:13,Email,Winter Sale,No
54821,11-02-2025 17:20,Direct Traffic,-,No
40597,10-02-2025 04:25,Social Media,Discount Offer,Yes
33189,11-02-2025 13:37,Search Ads,Retargeting,Yes
26021,10-02-2025 01:56,Direct Traffic,-,No
46618,11-02-2025 00:22,Display Ads,-,Yes
25617,10-02-2025 02:32,Display Ads,New Product Launch,Yes
46592,11-02-2025 12:28,Search Ads,Winter Sale,Yes
25725,10-02-2025 16:56,Search Ads,-,Yes
92914,10-02-2025 00:39,Email,New Product Launch,Yes
89395,10-02-2025 21:53,Display Ads,New Product Launch,Yes
95886,11-02-2025 06:31,Referral,-,No
43721,11-02-2025 13:17,Direct Traffic,-,Yes
89556,11-02-2025 01:09,Direct Traffic,-,Yes
30339,10-02-2025 19:43,Direct Traffic,-,No
94486,11-02-2025 16:32,Display Ads,Brand Awareness,No
97804,11-02-2025 07:30,Social Media,Winter Sale,Yes
41874,10-02-2025 01:04,Search Ads,Winter Sale,No
72577,10-02-2025 03:45,Email,Brand Awareness,No
99995,10-02-2025 23:46,Display Ads,Discount Offer,No
70659,10-02-2025 12:17,Display Ads,Retargeting,No
89953,10-02-2025 03:17,Social Media,Retargeting,Yes
40880,10-02-2025 20:58,Referral,New Product Launch,No
71026,11-02-2025 11:27,Email,Retargeting,No
82798,11-02-2025 14:49,Email,New Product Launch,Yes
28171,10-02-2025 08:00,Direct Traffic,-,No
53232,10-02-2025 18:54,Referral,Brand Awareness,No
74534,10-02-2025 18:09,Direct Traffic,-,Yes
64877,10-02-2025 00:29,Social Media,Discount Offer,Yes
79192,11-02-2025 13:56,Email,-,Yes
98520,10-02-2025 10:12,Direct Traffic,-,No
17634,11-02-2025 17:45,Direct Traffic,-,No
64440,10-02-2025 01:43,Display Ads,Retargeting,No
10068,11-02-2025 11:39,Search Ads,New Product Launch,Yes
40739,11-02-2025 18:25,Referral,Winter Sale,Yes
69194,10-02-2025 08:59,Referral,New Product Launch,Yes
66625,11-02-2025 14:43,Display Ads,Discount Offer,No
89769,10-02-2025 04:18,Display Ads,Discount Offer,Yes
81244,11-02-2025 21:23,Referral,Retargeting,No
33593,11-02-2025 01:50,Display Ads,Brand Awareness,Yes
34780,10-02-2025 15:35,Social Media,Retargeting,No
33822,11-02-2025 18:29,Referral,Discount Offer,No
57389,10-02-2025 21:55,Search Ads,Brand Awareness,No
89132,11-02-2025 17:21,Display Ads,-,No
18443,11-02-2025 07:48,Search Ads,Winter Sale,No
88187,10-02-2025 00:22,Email,Discount Offer,Yes
53599,11-02-2025 05:56,Email,New Product Launch,Yes
57949,11-02-2025 22:49,Email,Retargeting,No
17272,11-02-2025 10:05,Email,Retargeting,Yes
91442,11-02-2025 12:33,Search Ads,Retargeting,Yes
87642,11-02-2025 12:54,Search Ads,Winter Sale,No
51208,10-02-2025 05:53,Referral,-,No
33975,10-02-2025 02:46,Referral,Brand Awareness,Yes
74413,11-02-2025 20:54,Referral,Retargeting,Yes
67398,10-02-2025 03:37,Display Ads,Retargeting,No
25544,10-02-2025 13:37,Email,-,No
17761,10-02-2025 20:09,Referral,Retargeting,Yes
17478,11-02-2025 13:20,Display Ads,-,Yes
86715,10-02-2025 07:34,Email,Brand Awareness,Yes
33578,11-02-2025 02:50,Referral,Retargeting,No
28721,11-02-2025 15:45,Search Ads,New Product Launch,No
32900,10-02-2025 10:47,Email,Retargeting,Yes
29809,10-02-2025 10:44,Direct Traffic,-,No
39049,10-02-2025 03:43,Search Ads,Winter Sale,No
87245,11-02-2025 19:12,Referral,-,No
31763,10-02-2025 05:15,Search Ads,-,No
55099,10-02-2025 09:55,Referral,New Product Launch,Yes
39185,11-02-2025 20:38,Display Ads,Discount Offer,No
53088,10-02-2025 02:12,Display Ads,Retargeting,Yes
59576,10-02-2025 02:15,Display Ads,Discount Offer,Yes
49478,11-02-2025 04:36,Direct Traffic,-,No
20853,10-02-2025 02:55,Display Ads,Brand Awareness,No
72815,10-02-2025 17:19,Search Ads,Brand Awareness,Yes
78381,11-02-2025 20:41,Social Media,Discount Offer,No
72843,11-02-2025 12:33,Display Ads,Winter Sale,Yes
28623,11-02-2025 17:56,Referral,Discount Offer,Yes
40133,10-02-2025 02:06,Email,Winter Sale,No
97899,11-02-2025 01:21,Display Ads,Discount Offer,No
15582,11-02-2025 19:57,Referral,Discount Offer,No
30380,10-02-2025 18:59,Social Media,New Product Launch,Yes
64665,11-02-2025 22:06,Direct Traffic,-,Yes
64163,11-02-2025 05:30,Direct Traffic,-,Yes
97780,11-02-2025 20:29,Referral,Brand Awareness,No
59109,11-02-2025 14:27,Social Media,Discount Offer,Yes
43094,10-02-2025 00:35,Direct Traffic,-,No
37002,11-02-2025 00:51,Search Ads,Discount Offer,No
98683,11-02-2025 16:37,Email,Winter Sale,No
56855,10-02-2025 22:57,Social Media,Discount Offer,Yes
19754,11-02-2025 23:27,Email,Retargeting,Yes
34073,10-02-2025 11:27,Search Ads,Discount Offer,No
31679,10-02-2025 10:08,Direct Traffic,-,Yes
46179,10-02-2025 19:37,Display Ads,Brand Awareness,No
15924,11-02-2025 20:32,Social Media,Discount Offer,No
34943,11-02-2025 01:40,Search Ads,-,No
58258,10-02-2025 08:30,Referral,Discount Offer,No
78932,11-02-2025 09:19,Email,New Product Launch,No
14396,10-02-2025 08:57,Display Ads,Retargeting,Yes
87153,11-02-2025 03:14,Referral,Winter Sale,Yes
25403,10-02-2025 09:14,Referral,Retargeting,No
20306,10-02-2025 04:48,Direct Traffic,-,Yes
33255,10-02-2025 18:29,Social Media,Brand Awareness,No
26582,10-02-2025 02:05,Social Media,Brand Awareness,No
92201,10-02-2025 16:12,Social Media,Retargeting,Yes
54301,10-02-2025 05:28,Display Ads,Brand Awareness,Yes
59102,11-02-2025 15:31,Social Media,Winter Sale,Yes
43052,11-02-2025 16:14,Direct Traffic,-,Yes
14386,11-02-2025 07:30,Direct Traffic,-,Yes
80368,11-02-2025 08:30,Social Media,Discount Offer,Yes
95461,11-02-2025 14:50,Referral,Retargeting,No
27778,10-02-2025 01:45,Referral,-,Yes
24508,11-02-2025 06:03,Email,-,No
14377,10-02-2025 04:20,Search Ads,Discount Offer,Yes
10925,11-02-2025 17:18,Referral,-,Yes
45812,10-02-2025 21:51,Direct Traffic,-,No
46988,10-02-2025 17:17,Direct Traffic,-,No
78296,11-02-2025 11:54,Display Ads,Retargeting,Yes
69942,11-02-2025 01:04,Referral,New Product Launch,No
90125,10-02-2025 17:55,Email,Winter Sale,Yes
17497,10-02-2025 06:13,Display Ads,Retargeting,Yes
38867,10-02-2025 08:34,Email,Retargeting,Yes
92043,10-02-2025 07:35,Referral,New Product Launch,Yes
81545,11-02-2025 15:42,Search Ads,Retargeting,No
23482,10-02-2025 21:23,Email,Winter Sale,No
58062,10-02-2025 13:03,Social Media,-,Yes
94253,11-02-2025 13:52,Email,Brand Awareness,No
39056,11-02-2025 21:42,Referral,Brand Awareness,Yes
98411,10-02-2025 00:31,Search Ads,Brand Awareness,No
53932,11-02-2025 12:50,Referral,New Product Launch,Yes
26754,11-02-2025 02:15,Email,-,Yes
78441,10-02-2025 05:18,Display Ads,Brand Awareness,Yes
24025,11-02-2025 07:05,Email,Discount Offer,No
23449,11-02-2025 02:21,Referral,Winter Sale,No
45571,10-02-2025 13:44,Referral,New Product Launch,No
40133,11-02-2025 13:13,Email,Brand Awareness,Yes
85049,10-02-2025 02:05,Display Ads,New Product Launch,Yes
88808,10-02-2025 17:12,Direct Traffic,-,No
30607,10-02-2025 16:13,Referral,New Product Launch,Yes
34693,10-02-2025 17:52,Social Media,Retargeting,Yes
84060,10-02-2025 03:20,Email,Winter Sale,Yes
24212,11-02-2025 19:16,Referral,-,Yes
31679,10-02-2025 11:30,Referral,New Product Launch,No
17714,11-02-2025 22:07,Social Media,-,No
61594,11-02-2025 19:06,Referral,New Product Launch,Yes
19507,10-02-2025 10:35,Email,Winter Sale,Yes
11233,11-02-2025 11:11,Email,Winter Sale,Yes
20021,11-02-2025 12:21,Display Ads,Brand Awareness,No
82330,10-02-2025 17:03,Email,Retargeting,No
88859,10-02-2025 20:11,Email,-,No
54741,10-02-2025 21:12,Search Ads,Discount Offer,No
45058,10-02-2025 19:27,Social Media,New Product Launch,Yes
35756,11-02-2025 09:55,Referral,Retargeting,Yes
21314,10-02-2025 23:04,Display Ads,Brand Awareness,Yes
25547,11-02-2025 14:40,Referral,-,No
52408,11-02-2025 13:22,Display Ads,New Product Launch,Yes
64767,10-02-2025 05:27,Search Ads,Discount Offer,Yes
71469,11-02-2025 20:25,Search Ads,-,No
35664,10-02-2025 06:19,Direct Traffic,-,No
99782,10-02-2025 13:51,Social Media,Discount Offer,Yes
44303,11-02-2025 05:54,Search Ads,New Product Launch,Yes
54016,11-02-2025 09:50,Display Ads,-,Yes
51319,11-02-2025 02:35,Direct Traffic,-,Yes
95739,11-02-2025 23:10,Display Ads,Discount Offer,No
92808,10-02-2025 11:15,Direct Traffic,-,No
92698,11-02-2025 11:46,Direct Traffic,-,Yes
29785,10-02-2025 00:55,Email,Brand Awareness,No
68042,11-02-2025 17:45,Email,-,No
73412,11-02-2025 21:42,Search Ads,-,Yes
33292,10-02-2025 20:47,Direct Traffic,-,No
22407,10-02-2025 16:19,Referral,-,Yes
21712,11-02-2025 21:31,Social Media,-,Yes
27505,11-02-2025 00:31,Direct Traffic,-,Yes
88938,10-02-2025 00:10,Email,-,Yes
17168,11-02-2025 08:25,Display Ads,Retargeting,No
88515,11-02-2025 09:22,Referral,-,No
89128,11-02-2025 16:14,Display Ads,Winter Sale,No
22475,11-02-2025 04:26,Email,-,No
19754,10-02-2025 01:49,Direct Traffic,-,No
52317,10-02-2025 23:14,Referral,Winter Sale,No
74192,10-02-2025 14:04,Email,Retargeting,No
62843,10-02-2025 13:07,Email,Brand Awareness,Yes
85535,10-02-2025 09:14,Direct Traffic,-,Yes
57363,11-02-2025 07:09,Referral,Discount Offer,No
61685,11-02-2025 14:37,Social Media,Brand Awareness,Yes
21628,10-02-2025 03:05,Search Ads,Discount Offer,No
73457,11-02-2025 03:53,Search Ads,Retargeting,Yes
53526,10-02-2025 11:55,Email,-,Yes
47509,11-02-2025 09:07,Search Ads,Retargeting,Yes
18503,10-02-2025 14:30,Referral,Brand Awareness,Yes
83878,11-02-2025 04:26,Social Media,Discount Offer,No
74028,11-02-2025 01:42,Display Ads,Discount Offer,Yes
50264,10-02-2025 07:08,Search Ads,Retargeting,No
36625,10-02-2025 01:42,Direct Traffic,-,No
15351,10-02-2025 11:06,Display Ads,Winter Sale,Yes
36457,10-02-2025 01:22,Email,Brand Awareness,No
11917,10-02-2025 07:20,Social Media,Retargeting,Yes
30468,11-02-2025 11:02,Referral,Discount Offer,No
43065,11-02-2025 17:38,Direct Traffic,-,Yes
32914,11-02-2025 02:38,Search Ads,Winter Sale,No
61401,10-02-2025 23:32,Referral,-,Yes
90047,11-02-2025 14:16,Direct Traffic,-,No
60095,10-02-2025 08:20,Display Ads,-,No
94024,11-02-2025 17:48,Direct Traffic,-,No
36148,11-02-2025 04:12,Direct Traffic,-,Yes
56363,10-02-2025 08:04,Display Ads,Discount Offer,Yes
50166,10-02-2025 05:36,Email,Brand Awareness,No
72349,11-02-2025 16:32,Direct Traffic,-,No
41941,10-02-2025 20:03,Search Ads,Retargeting,Yes
83355,10-02-2025 08:51,Social Media,Winter Sale,No
69904,11-02-2025 00:56,Referral,Winter Sale,Yes
46055,11-02-2025 23:05,Display Ads,-,Yes
25085,11-02-2025 01:10,Referral,Retargeting,No
70442,10-02-2025 05:39,Social Media,Retargeting,No
19385,10-02-2025 19:57,Direct Traffic,-,No
59281,11-02-2025 04:18,Search Ads,Brand Awareness,Yes
17598,11-02-2025 04:49,Display Ads,New Product Launch,No
88316,10-02-2025 20:06,Search Ads,Discount Offer,Yes
44026,10-02-2025 05:45,Search Ads,Retargeting,Yes
58797,11-02-2025 16:10,Social Media,Retargeting,Yes
64142,10-02-2025 01:46,Referral,Retargeting,Yes
86889,10-02-2025 18:13,Email,Winter Sale,No
13428,10-02-2025 23:22,Display Ads,Retargeting,Yes
68751,11-02-2025 17:18,Direct Traffic,-,No
11503,10-02-2025 01:13,Email,New Product Launch,Yes
43931,10-02-2025 10:02,Direct Traffic,-,Yes
90047,10-02-2025 08:29,Social Media,New Product Launch,Yes
13737,11-02-2025 16:21,Search Ads,-,Yes
22725,11-02-2025 09:06,Display Ads,Discount Offer,Yes
67330,10-02-2025 21:11,Search Ads,Discount Offer,No
83035,11-02-2025 19:19,Direct Traffic,-,Yes
25284,11-02-2025 23:23,Display Ads,New Product Launch,No
68700,10-02-2025 01:06,Direct Traffic,-,Yes
85426,10-02-2025 02:54,Search Ads,Brand Awareness,Yes
73459,11-02-2025 17:35,Direct Traffic,-,Yes
29844,11-02-2025 22:00,Email,Retargeting,No
18503,11-02-2025 09:25,Direct Traffic,-,Yes
12432,10-02-2025 03:49,Search Ads,Discount Offer,No
67893,10-02-2025 11:57,Search Ads,-,No
58496,11-02-2025 21:23,Display Ads,Discount Offer,No
74627,11-02-2025 04:24,Email,-,Yes
62907,10-02-2025 11:53,Search Ads,-,No
99794,10-02-2025 03:41,Email,Winter Sale,No
86296,11-02-2025 11:11,Search Ads,Discount Offer,No
72118,10-02-2025 07:46,Email,Retargeting,No
36130,10-02-2025 14:35,Search Ads,-,Yes
55099,11-02-2025 10:03,Direct Traffic,-,Yes
79304,10-02-2025 06:55,Direct Traffic,-,Yes
73835,10-02-2025 20:58,Referral,Retargeting,Yes
95799,10-02-2025 02:38,Display Ads,New Product Launch,Yes
99794,10-02-2025 15:15,Direct Traffic,-,No
65473,10-02-2025 07:14,Email,Retargeting,No
65726,11-02-2025 13:29,Display Ads,Winter Sale,No
83489,11-02-2025 14:39,Referral,Discount Offer,Yes
62558,11-02-2025 11:46,Email,Retargeting,No
11917,10-02-2025 21:15,Email,Winter Sale,No
44498,11-02-2025 21:36,Referral,Brand Awareness,No
23671,11-02-2025 02:55,Direct Traffic,-,Yes
89800,10-02-2025 15:34,Display Ads,Discount Offer,Yes
37078,10-02-2025 16:31,Direct Traffic,-,Yes
70949,10-02-2025 20:45,Direct Traffic,-,Yes
40808,11-02-2025 21:49,Search Ads,-,Yes
21038,10-02-2025 03:41,Social Media,Retargeting,No
52472,10-02-2025 07:51,Referral,New Product Launch,Yes
65881,10-02-2025 01:45,Display Ads,Retargeting,No
26827,10-02-2025 16:14,Email,New Product Launch,No
81299,10-02-2025 21:09,Search Ads,-,No
43877,10-02-2025 12:42,Social Media,Retargeting,No
19400,10-02-2025 19:59,Direct Traffic,-,Yes
42030,11-02-2025 08:16,Referral,Winter Sale,No
33367,11-02-2025 00:06,Display Ads,Retargeting,No
97899,11-02-2025 15:29,Display Ads,Brand Awareness,No
42809,11-02-2025 02:25,Social Media,Brand Awareness,Yes
10673,10-02-2025 02:33,Display Ads,Retargeting,Yes
80944,11-02-2025 03:34,Referral,-,Yes
40011,10-02-2025 19:46,Search Ads,New Product Launch,No
25915,11-02-2025 19:04,Direct Traffic,-,Yes
91904,11-02-2025 10:54,Direct Traffic,-,No
77231,10-02-2025 03:45,Search Ads,New Product Launch,Yes
75405,11-02-2025 09:12,Search Ads,Winter Sale,Yes
58062,10-02-2025 14:23,Display Ads,Discount Offer,No
50952,11-02-2025 15:53,Search Ads,-,Yes
82064,10-02-2025 23:05,Email,-,Yes
86014,11-02-2025 12:06,Direct Traffic,-,Yes
93964,11-02-2025 23:43,Display Ads,New Product Launch,Yes
68838,11-02-2025 21:30,Direct Traffic,-,Yes
80604,11-02-2025 04:57,Display Ads,Discount Offer,No
37078,11-02-2025 00:34,Direct Traffic,-,Yes
80551,10-02-2025 20:00,Direct Traffic,-,Yes
25170,10-02-2025 20:27,Referral,Winter Sale,No
73373,10-02-2025 11:06,Email,Retargeting,Yes
55980,10-02-2025 15:59,Social Media,Winter Sale,No
10172,10-02-2025 21:07,Email,Brand Awareness,No
51399,11-02-2025 15:11,Display Ads,Retargeting,Yes
78348,11-02-2025 06:30,Direct Traffic,-,Yes
86406,11-02-2025 03:56,Search Ads,New Product Launch,Yes
61650,11-02-2025 00:15,Email,New Product Launch,No
39588,11-02-2025 18:07,Direct Traffic,-,No
64159,10-02-2025 21:35,Direct Traffic,-,No
14978,11-02-2025 11:21,Search Ads,-,Yes
83319,11-02-2025 09:49,Direct Traffic,-,Yes
39770,11-02-2025 10:56,Search Ads,-,Yes
25468,11-02-2025 07:01,Referral,New Product Launch,No
91787,11-02-2025 22:08,Search Ads,Discount Offer,No
60755,11-02-2025 21:34,Direct Traffic,-,No
53582,11-02-2025 20:42,Display Ads,Brand Awareness,No
52646,11-02-2025 02:15,Display Ads,Winter Sale,Yes
89793,10-02-2025 12:17,Search Ads,Discount Offer,Yes
90506,10-02-2025 04:52,Display Ads,-,Yes
29031,11-02-2025 18:00,Search Ads,Retargeting,No
37703,11-02-2025 17:28,Search Ads,Brand Awareness,Yes
64163,10-02-2025 03:06,Direct Traffic,-,No
44393,11-02-2025 18:56,Referral,Retargeting,Yes
32709,10-02-2025 01:52,Referral,Winter Sale,Yes
89412,11-02-2025 19:32,Social Media,Winter Sale,Yes
73302,11-02-2025 04:00,Email,Winter Sale,No
83785,11-02-2025 13:07,Email,Brand Awareness,No
29196,11-02-2025 17:54,Display Ads,Retargeting,Yes
44675,10-02-2025 08:55,Direct Traffic,-,Yes
85459,11-02-2025 21:07,Display Ads,Winter Sale,No
41312,11-02-2025 10:10,Social Media,Brand Awareness,Yes
28144,11-02-2025 14:02,Social Media,-,No
53582,11-02-2025 18:24,Search Ads,Discount Offer,Yes
91418,10-02-2025 08:19,Social Media,New Product Launch,Yes
72842,11-02-2025 10:46,Email,New Product Launch,Yes
42905,10-02-2025 04:00,Social Media,Retargeting,No
81291,11-02-2025 16:59,Search Ads,Brand Awareness,Yes
50952,10-02-2025 21:09,Direct Traffic,-,No
56961,10-02-2025 04:40,Social Media,New Product Launch,Yes
55737,11-02-2025 11:39,Direct Traffic,-,Yes
31210,11-02-2025 10:26,Email,-,No
11503,11-02-2025 23:23,Social Media,Winter Sale,No
53332,10-02-2025 12:15,Referral,Brand Awareness,No
82118,11-02-2025 18:15,Referral,Retargeting,Yes
20513,10-02-2025 07:26,Display Ads,New Product Launch,No
62907,10-02-2025 14:11,Display Ads,Retargeting,No
28134,10-02-2025 23:42,Social Media,Brand Awareness,Yes
31723,11-02-2025 19:14,Referral,New Product Launch,Yes
24433,11-02-2025 12:45,Display Ads,New Product Launch,Yes
35227,10-02-2025 13:55,Social Media,New Product Launch,Yes
57976,11-02-2025 07:46,Social Media,-,Yes
23958,11-02-2025 01:36,Direct Traffic,-,No
29238,11-02-2025 14:40,Social Media,Winter Sale,No
68285,11-02-2025 20:16,Email,Brand Awareness,No
45571,10-02-2025 10:15,Display Ads,Discount Offer,No
90879,10-02-2025 08:24,Search Ads,-,Yes
64068,10-02-2025 05:17,Display Ads,Discount Offer,Yes
43721,11-02-2025 10:28,Display Ads,Winter Sale,No
66625,10-02-2025 13:52,Referral,-,No
64867,11-02-2025 21:48,Email,Brand Awareness,No
65820,10-02-2025 04:12,Display Ads,Brand Awareness,No
60469,10-02-2025 22:06,Referral,Retargeting,Yes
57672,10-02-2025 08:03,Social Media,Brand Awareness,Yes
23279,10-02-2025 19:23,Search Ads,Discount Offer,No
12509,10-02-2025 14:03,Display Ads,Retargeting,Yes
26763,11-02-2025 02:33,Referral,New Product Launch,No
42806,11-02-2025 03:37,Display Ads,New Product Launch,Yes
94084,11-02-2025 17:40,Social Media,Discount Offer,No
91442,10-02-2025 23:34,Social Media,-,No
82764,11-02-2025 20:35,Direct Traffic,-,No
83798,11-02-2025 04:41,Direct Traffic,-,Yes
95590,10-02-2025 02:42,Social Media,Winter Sale,Yes
53526,10-02-2025 09:16,Display Ads,Winter Sale,Yes
92167,11-02-2025 04:51,Direct Traffic,-,Yes
58945,10-02-2025 20:06,Direct Traffic,-,Yes
80804,10-02-2025 14:12,Search Ads,Brand Awareness,Yes
27944,11-02-2025 01:28,Social Media,Discount Offer,No
23463,10-02-2025 09:04,Referral,Brand Awareness,Yes
55755,11-02-2025 08:50,Display Ads,Brand Awareness,Yes
22943,11-02-2025 10:22,Referral,Retargeting,No
88938,11-02-2025 05:23,Search Ads,Discount Offer,Yes
94229,11-02-2025 17:40,Email,Winter Sale,Yes
62264,10-02-2025 01:54,Referral,-,Yes
85743,11-02-2025 12:08,Display Ads,Retargeting,Yes
19800,10-02-2025 20:49,Social Media,Brand Awareness,No
59232,10-02-2025 23:50,Direct Traffic,-,No
88736,10-02-2025 10:34,Social Media,Brand Awareness,Yes
89095,11-02-2025 23:51,Email,Retargeting,Yes
21757,11-02-2025 15:08,Display Ads,New Product Launch,Yes
45426,10-02-2025 15:01,Search Ads,Brand Awareness,No
35598,10-02-2025 03:06,Search Ads,-,Yes
76127,10-02-2025 19:33,Search Ads,Brand Awareness,No
51992,11-02-2025 20:59,Social Media,Discount Offer,No
52806,11-02-2025 02:35,Direct Traffic,-,No
66758,10-02-2025 21:41,Display Ads,Retargeting,No
60852,11-02-2025 21:26,Display Ads,Retargeting,No
91658,10-02-2025 14:02,Direct Traffic,-,No
69579,11-02-2025 17:55,Search Ads,-,No
35664,11-02-2025 12:01,Referral,Brand Awareness,No
89901,10-02-2025 12:05,Search Ads,Brand Awareness,No
52260,10-02-2025 00:15,Direct Traffic,-,No
99149,11-02-2025 02:20,Display Ads,Discount Offer,Yes
85682,10-02-2025 08:22,Social Media,Discount Offer,Yes
82774,11-02-2025 06:36,Email,-,No
99937,11-02-2025 14:38,Direct Traffic,-,Yes
28918,10-02-2025 17:15,Direct Traffic,-,No
74876,10-02-2025 17:29,Direct Traffic,-,No
25952,11-02-2025 04:59,Display Ads,Winter Sale,Yes
88728,10-02-2025 04:37,Social Media,Discount Offer,Yes
29164,11-02-2025 14:28,Search Ads,-,Yes
64032,10-02-2025 19:40,Referral,Discount Offer,Yes
44167,10-02-2025 15:00,Social Media,New Product Launch,Yes
15640,11-02-2025 15:05,Email,Winter Sale,Yes
50574,10-02-2025 19:10,Email,-,No
17727,11-02-2025 08:48,Direct Traffic,-,Yes
63473,11-02-2025 13:26,Social Media,Retargeting,No
70378,11-02-2025 09:49,Referral,Winter Sale,Yes
82338,11-02-2025 18:10,Display Ads,Discount Offer,Yes
90811,11-02-2025 14:41,Display Ads,Discount Offer,Yes
44288,11-02-2025 09:43,Email,New Product Launch,No
59730,11-02-2025 14:45,Email,New Product Launch,No
61053,11-02-2025 05:53,Display Ads,New Product Launch,No
55744,11-02-2025 14:34,Search Ads,Winter Sale,Yes
28729,11-02-2025 19:54,Search Ads,Discount Offer,Yes
53526,10-02-2025 01:44,Display Ads,Winter Sale,Yes
91394,11-02-2025 23:22,Email,Discount Offer,No
71306,10-02-2025 17:08,Email,-,No
15208,11-02-2025 05:10,Search Ads,Brand Awareness,Yes
19184,10-02-2025 19:51,Direct Traffic,-,No
34143,11-02-2025 04:52,Search Ads,Winter Sale,Yes
62907,11-02-2025 14:35,Referral,Winter Sale,Yes
65575,11-02-2025 15:54,Display Ads,Retargeting,No
22863,10-02-2025 13:34,Search Ads,New Product Launch,Yes
95275,11-02-2025 04:00,Email,Brand Awareness,No
37007,11-02-2025 17:25,Search Ads,New Product Launch,Yes
21595,11-02-2025 22:02,Email,Brand Awareness,Yes
11453,11-02-2025 10:59,Email,New Product Launch,No
64972,10-02-2025 01:41,Referral,Retargeting,No
66238,10-02-2025 19:07,Email,Winter Sale,No
83578,10-02-2025 10:30,Social Media,Discount Offer,No
23621,11-02-2025 17:08,Display Ads,Winter Sale,Yes
51319,11-02-2025 08:37,Referral,Brand Awareness,Yes
15190,11-02-2025 09:43,Search Ads,Discount Offer,Yes
64753,11-02-2025 11:24,Referral,-,No
67466,11-02-2025 11:22,Search Ads,Discount Offer,No
46491,11-02-2025 01:07,Direct Traffic,-,No
58496,10-02-2025 12:26,Referral,Discount Offer,No
13471,10-02-2025 17:05,Referral,Winter Sale,Yes
95694,10-02-2025 02:38,Search Ads,Retargeting,Yes
49665,10-02-2025 23:59,Social Media,Discount Offer,Yes
46555,11-02-2025 05:00,Social Media,New Product Launch,Yes
10673,11-02-2025 05:18,Referral,-,No
50501,11-02-2025 07:11,Search Ads,Retargeting,Yes
52317,10-02-2025 03:43,Email,Discount Offer,Yes
66286,10-02-2025 12:02,Referral,New Product Launch,Yes
77231,11-02-2025 16:33,Search Ads,Winter Sale,Yes
53088,11-02-2025 14:57,Display Ads,Winter Sale,Yes
94970,11-02-2025 20:04,Referral,Brand Awareness,Yes
85844,11-02-2025 17:02,Email,Winter Sale,Yes
60973,10-02-2025 09:58,Direct Traffic,-,Yes
89619,10-02-2025 23:06,Referral,Retargeting,Yes
22773,11-02-2025 18:18,Email,Brand Awareness,No
95772,10-02-2025 07:10,Direct Traffic,-,Yes
60799,10-02-2025 18:53,Referral,Discount Offer,Yes
27589,11-02-2025 22:26,Direct Traffic,-,No
38867,10-02-2025 12:20,Referral,Brand Awareness,No
71565,10-02-2025 18:43,Search Ads,Winter Sale,No
10673,11-02-2025 12:48,Referral,New Product Launch,Yes
61352,10-02-2025 22:41,Display Ads,Brand Awareness,Yes
89792,11-02-2025 17:32,Social Media,Brand Awareness,Yes
87436,10-02-2025 16:27,Referral,Discount Offer,Yes
47695,11-02-2025 23:33,Direct Traffic,-,No
30820,11-02-2025 21:53,Email,Brand Awareness,Yes
15176,10-02-2025 03:16,Direct Traffic,-,No
64075,10-02-2025 16:20,Search Ads,Brand Awareness,No
90359,10-02-2025 03:30,Direct Traffic,-,Yes
97804,10-02-2025 11:55,Direct Traffic,-,Yes
34708,11-02-2025 18:18,Referral,Winter Sale,No
34080,11-02-2025 08:13,Search Ads,New Product Launch,Yes
57726,11-02-2025 01:49,Direct Traffic,-,No
54739,10-02-2025 18:10,Email,Winter Sale,Yes
65026,10-02-2025 10:53,Search Ads,Winter Sale,Yes
53859,10-02-2025 14:05,Social Media,Retargeting,No
55756,10-02-2025 11:59,Email,Brand Awareness,Yes
29149,10-02-2025 01:54,Social Media,New Product Launch,No
35837,10-02-2025 07:17,Search Ads,-,No
63165,10-02-2025 12:58,Referral,Brand Awareness,Yes
42671,10-02-2025 23:42,Direct Traffic,-,Yes
23621,10-02-2025 01:58,Direct Traffic,-,Yes
54121,11-02-2025 13:27,Referral,-,No
67398,11-02-2025 16:22,Direct Traffic,-,No
79634,11-02-2025 09:02,Search Ads,-,Yes
16756,10-02-2025 11:48,Display Ads,Retargeting,Yes
26727,10-02-2025 09:55,Referral,Brand Awareness,No
60780,11-02-2025 21:22,Referral,New Product Launch,Yes
74192,11-02-2025 00:07,Referral,Winter Sale,Yes
17126,10-02-2025 15:09,Display Ads,New Product Launch,Yes
16916,11-02-2025 06:31,Direct Traffic,-,No
22669,11-02-2025 13:32,Search Ads,-,No
79189,10-02-2025 03:13,Display Ads,Winter Sale,Yes
11416,10-02-2025 13:02,Social Media,Brand Awareness,No
29914,11-02-2025 23:14,Social Media,New Product Launch,Yes
11186,11-02-2025 15:47,Social Media,Discount Offer,Yes
61358,10-02-2025 15:05,Search Ads,-,No
32344,10-02-2025 08:11,Social Media,Retargeting,Yes
37559,11-02-2025 06:34,Display Ads,Retargeting,No
28385,11-02-2025 08:46,Display Ads,Discount Offer,No
68626,10-02-2025 05:40,Direct Traffic,-,No
80474,11-02-2025 13:45,Referral,-,No
88859,11-02-2025 01:45,Email,-,Yes
52320,10-02-2025 06:55,Social Media,-,No
43333,11-02-2025 06:42,Referral,Brand Awareness,Yes
80481,11-02-2025 21:36,Display Ads,Winter Sale,No
62264,10-02-2025 02:16,Direct Traffic,-,Yes
28998,10-02-2025 21:52,Direct Traffic,-,No
73999,10-02-2025 01:48,Direct Traffic,-,No
46373,10-02-2025 18:40,Search Ads,Discount Offer,Yes
19816,11-02-2025 11:48,Referral,Winter Sale,No
78241,10-02-2025 05:00,Social Media,Brand Awareness,Yes
35212,11-02-2025 22:37,Email,-,Yes
45812,10-02-2025 13:48,Search Ads,Discount Offer,Yes
98208,10-02-2025 18:49,Display Ads,Discount Offer,Yes
32692,11-02-2025 23:17,Direct Traffic,-,Yes
76358,10-02-2025 05:26,Direct Traffic,-,Yes
38867,11-02-2025 12:37,Referral,Brand Awareness,Yes
61867,10-02-2025 05:35,Email,Retargeting,No
94024,10-02-2025 18:18,Display Ads,-,No
62061,11-02-2025 18:16,Search Ads,Brand Awareness,No
14396,10-02-2025 01:03,Social Media,Brand Awareness,Yes
82708,10-02-2025 14:17,Direct Traffic,-,No
44484,10-02-2025 11:18,Referral,Retargeting,No
47151,11-02-2025 18:20,Social Media,New Product Launch,Yes
58703,11-02-2025 08:18,Email,-,No
25441,10-02-2025 23:20,Display Ads,Discount Offer,No
44675,11-02-2025 22:58,Search Ads,Discount Offer,Yes
31308,11-02-2025 01:20,Social Media,Brand Awareness,Yes
41382,10-02-2025 04:51,Email,Retargeting,Yes
29785,10-02-2025 21:37,Email,Retargeting,No
93227,11-02-2025 12:28,Direct Traffic,-,No
12121,11-02-2025 12:17,Email,Winter Sale,Yes
84470,11-02-2025 10:55,Direct Traffic,-,No
41377,10-02-2025 12:30,Display Ads,New Product Launch,Yes
84281,11-02-2025 23:18,Direct Traffic,-,No
74738,10-02-2025 10:47,Direct Traffic,-,No
30675,10-02-2025 14:13,Direct Traffic,-,Yes
99018,11-02-2025 19:31,Social Media,Discount Offer,No
56636,10-02-2025 12:43,Search Ads,-,No
22280,11-02-2025 13:07,Email,New Product Launch,Yes
48330,10-02-2025 12:37,Search Ads,Discount Offer,Yes
37382,10-02-2025 23:44,Referral,New Product Launch,Yes
72337,11-02-2025 06:58,Search Ads,New Product Launch,Yes
44827,10-02-2025 02:18,Referral,Discount Offer,Yes
66664,11-02-2025 03:13,Email,-,No
83035,10-02-2025 00:12,Social Media,-,Yes
22773,10-02-2025 21:40,Email,Discount Offer,Yes
67882,11-02-2025 04:41,Referral,Discount Offer,Yes
68285,11-02-2025 20:28,Search Ads,Winter Sale,Yes
18587,10-02-2025 12:43,Referral,-,No
29734,11-02-2025 05:32,Social Media,Brand Awareness,Yes
61504,10-02-2025 01:28,Display Ads,-,Yes
74300,10-02-2025 14:11,Social Media,Brand Awareness,Yes
38046,11-02-2025 01:45,Direct Traffic,-,No
13426,10-02-2025 22:59,Direct Traffic,-,Yes
73905,10-02-2025 21:59,Email,Discount Offer,Yes
41612,10-02-2025 19:20,Direct Traffic,-,No
50783,11-02-2025 11:01,Referral,Discount Offer,No
17784,10-02-2025 11:45,Search Ads,Retargeting,Yes
33106,11-02-2025 12:34,Email,New Product Launch,Yes
45476,11-02-2025 07:18,Referral,Retargeting,No
34300,11-02-2025 07:17,Referral,Retargeting,Yes
84060,11-02-2025 17:31,Social Media,-,Yes
32709,10-02-2025 02:36,Display Ads,Discount Offer,Yes
29719,10-02-2025 10:03,Direct Traffic,-,Yes
82044,11-02-2025 19:45,Social Media,Brand Awareness,No
85486,10-02-2025 05:21,Direct Traffic,-,Yes
49297,10-02-2025 08:49,Email,Brand Awareness,Yes
57318,11-02-2025 07:43,Search Ads,Discount Offer,No
96672,11-02-2025 03:19,Direct Traffic,-,No
58238,11-02-2025 05:10,Email,Winter Sale,No
58128,11-02-2025 21:24,Email,Discount Offer,No
99153,11-02-2025 01:51,Display Ads,-,Yes
37332,10-02-2025 00:54,Direct Traffic,-,No
13480,10-02-2025 03:32,Search Ads,Discount Offer,No
54048,11-02-2025 21:58,Direct Traffic,-,Yes
88258,10-02-2025 14:03,Social Media,Winter Sale,Yes
17784,11-02-2025 22:31,Email,Retargeting,No
64972,10-02-2025 20:06,Referral,New Product Launch,No
75027,11-02-2025 07:44,Display Ads,-,No
76452,10-02-2025 15:08,Display Ads,New Product Launch,No
73368,11-02-2025 00:30,Social Media,Discount Offer,No
39460,10-02-2025 13:57,Direct Traffic,-,Yes
15176,10-02-2025 08:08,Display Ads,Discount Offer,Yes
29015,10-02-2025 14:11,Social Media,-,Yes
55745,10-02-2025 16:22,Direct Traffic,-,Yes
17611,10-02-2025 02:57,Email,Retargeting,Yes
99147,11-02-2025 19:53,Search Ads,Retargeting,No
56768,11-02-2025 21:47,Social Media,Brand Awareness,Yes
37708,11-02-2025 12:10,Referral,Winter Sale,Yes
19454,11-02-2025 01:57,Direct Traffic,-,No
21787,11-02-2025 01:23,Search Ads,-,No
98014,11-02-2025 14:16,Email,-,No
67722,11-02-2025 02:42,Referral,-,No
60616,11-02-2025 22:50,Social Media,Retargeting,No
44982,11-02-2025 16:40,Email,Brand Awareness,No
44397,11-02-2025 06:31,Social Media,New Product Launch,Yes
91703,10-02-2025 17:33,Display Ads,-,No
58496,10-02-2025 05:25,Email,New Product Launch,Yes
93764,11-02-2025 22:57,Display Ads,Winter Sale,Yes
18298,11-02-2025 01:56,Social Media,Discount Offer,Yes
82798,11-02-2025 09:35,Email,Winter Sale,Yes
10919,10-02-2025 00:51,Direct Traffic,-,No
27437,11-02-2025 21:58,Display Ads,New Product Launch,No
89128,10-02-2025 07:41,Email,New Product Launch,No
10668,11-02-2025 23:44,Display Ads,Brand Awareness,No
45959,11-02-2025 20:43,Social Media,Winter Sale,No
92989,11-02-2025 13:15,Display Ads,Discount Offer,No
12275,10-02-2025 13:27,Display Ads,Discount Offer,No
88868,11-02-2025 08:32,Search Ads,Discount Offer,No
83923,10-02-2025 14:50,Email,Discount Offer,Yes
47302,11-02-2025 22:56,Referral,Winter Sale,No
16075,11-02-2025 02:07,Search Ads,-,No
41941,11-02-2025 01:48,Social Media,Winter Sale,No
26511,11-02-2025 14:07,Referral,Discount Offer,Yes
67253,10-02-2025 21:12,Direct Traffic,-,No
17611,10-02-2025 01:38,Referral,Brand Awareness,No
51578,10-02-2025 02:22,Display Ads,New Product Launch,Yes
95739,10-02-2025 06:51,Referral,-,No
81937,10-02-2025 00:02,Display Ads,Retargeting,Yes
50574,11-02-2025 08:12,Direct Traffic,-,Yes
79131,11-02-2025 15:34,Direct Traffic,-,Yes
23463,10-02-2025 02:38,Direct Traffic,-,Yes
77483,11-02-2025 15:39,Social Media,-,Yes
54278,11-02-2025 20:37,Search Ads,New Product Launch,No
43014,10-02-2025 06:08,Direct Traffic,-,Yes
81470,10-02-2025 14:30,Search Ads,Winter Sale,Yes
93078,11-02-2025 09:12,Referral,-,Yes
51208,10-02-2025 14:38,Direct Traffic,-,No
27548,10-02-2025 16:06,Direct Traffic,-,No
24810,10-02-2025 22:36,Social Media,New Product Launch,No
68615,10-02-2025 04:20,Direct Traffic,-,No
84828,11-02-2025 16:27,Social Media,Discount Offer,Yes
29272,10-02-2025 11:57,Social Media,Discount Offer,No
55227,10-02-2025 05:16,Referral,New Product Launch,Yes
49529,11-02-2025 08:29,Direct Traffic,-,Yes
54044,10-02-2025 13:05,Display Ads,-,Yes
38349,10-02-2025 12:54,Display Ads,-,Yes
48089,10-02-2025 00:50,Referral,Winter Sale,No
62615,10-02-2025 00:34,Social Media,Brand Awareness,No
69904,10-02-2025 06:18,Email,New Product Launch,No
45340,11-02-2025 15:51,Social Media,Retargeting,Yes
23362,10-02-2025 22:40,Email,New Product Launch,No
11831,10-02-2025 21:45,Social Media,New Product Launch,No
10255,11-02-2025 02:38,Social Media,New Product Launch,Yes
19350,10-02-2025 16:08,Display Ads,Brand Awareness,No
53332,11-02-2025 09:51,Social Media,Brand Awareness,No
51558,11-02-2025 06:45,Search Ads,Retargeting,No
24256,10-02-2025 03:19,Social Media,Discount Offer,No
27513,11-02-2025 07:48,Display Ads,-,No
80471,11-02-2025 17:01,Email,Discount Offer,No
29395,10-02-2025 21:23,Social Media,Brand Awareness,Yes
18298,11-02-2025 20:24,Email,-,No
37332,10-02-2025 13:42,Direct Traffic,-,Yes
99065,11-02-2025 21:20,Direct Traffic,-,No
64747,10-02-2025 07:34,Direct Traffic,-,No
77908,11-02-2025 03:12,Display Ads,-,Yes
76029,11-02-2025 13:31,Email,Brand Awareness,Yes
97706,10-02-2025 20:17,Search Ads,Brand Awareness,Yes
97853,10-02-2025 16:55,Search Ads,New Product Launch,Yes
48115,11-02-2025 13:23,Search Ads,New Product Launch,Yes
13125,11-02-2025 15:14,Search Ads,Retargeting,Yes
33392,10-02-2025 17:36,Email,Retargeting,Yes
88808,10-02-2025 12:49,Referral,Retargeting,Yes
87375,11-02-2025 19:20,Social Media,Winter Sale,No
86216,11-02-2025 22:48,Referral,-,No
54044,10-02-2025 22:48,Referral,Retargeting,Yes
27942,11-02-2025 11:06,Social Media,Winter Sale,Yes
25085,11-02-2025 09:42,Email,Discount Offer,Yes
45866,11-02-2025 17:06,Search Ads,-,Yes
49985,11-02-2025 20:09,Direct Traffic,-,No
66414,10-02-2025 09:35,Direct Traffic,-,Yes
93227,10-02-2025 07:33,Social Media,Discount Offer,No
71469,11-02-2025 11:16,Display Ads,Discount Offer,Yes
42006,11-02-2025 13:30,Search Ads,Winter Sale,Yes
96294,11-02-2025 20:01,Social Media,-,Yes
76717,11-02-2025 03:36,Referral,Winter Sale,Yes
17879,11-02-2025 18:29,Search Ads,Retargeting,No
82225,11-02-2025 10:07,Display Ads,-,Yes
59927,11-02-2025 11:39,Referral,Discount Offer,Yes
84925,10-02-2025 23:00,Social Media,-,No
26927,10-02-2025 06:42,Email,Brand Awareness,Yes
93476,10-02-2025 17:03,Email,Discount Offer,No
33392,10-02-2025 04:24,Search Ads,-,No
73286,11-02-2025 04:18,Referral,Brand Awareness,Yes
33392,10-02-2025 04:20,Display Ads,New Product Launch,Yes
31340,10-02-2025 01:51,Direct Traffic,-,No
28524,11-02-2025 07:17,Search Ads,-,Yes
24876,10-02-2025 13:27,Display Ads,-,No
28985,10-02-2025 13:26,Display Ads,New Product Launch,Yes
26763,10-02-2025 19:00,Display Ads,Winter Sale,Yes
65812,11-02-2025 14:35,Display Ads,-,No
55886,10-02-2025 21:58,Email,New Product Launch,Yes
45608,10-02-2025 19:40,Display Ads,Discount Offer,Yes
36115,10-02-2025 02:01,Direct Traffic,-,Yes
94816,10-02-2025 22:38,Direct Traffic,-,Yes
21567,10-02-2025 00:53,Search Ads,Winter Sale,Yes
39417,10-02-2025 18:27,Email,-,Yes
17715,11-02-2025 20:03,Referral,-,Yes
78830,11-02-2025 09:46,Email,-,No
72040,11-02-2025 04:07,Search Ads,Winter Sale,Yes
79384,11-02-2025 01:57,Display Ads,Brand Awareness,Yes
10685,11-02-2025 10:08,Display Ads,-,No
74772,10-02-2025 01:17,Referral,Discount Offer,No
61829,11-02-2025 00:48,Social Media,New Product Launch,Yes
61053,11-02-2025 16:02,Email,Retargeting,Yes
33822,11-02-2025 22:30,Display Ads,Retargeting,No
46491,10-02-2025 10:58,Referral,Brand Awareness,No
92402,10-02-2025 09:35,Referral,New Product Launch,No
17287,10-02-2025 03:26,Social Media,Retargeting,Yes
80474,10-02-2025 08:50,Search Ads,Winter Sale,Yes
49789,10-02-2025 20:03,Direct Traffic,-,No
32402,11-02-2025 22:56,Email,Brand Awareness,No
10925,10-02-2025 03:51,Email,Brand Awareness,Yes
60996,10-02-2025 09:19,Email,Retargeting,Yes
21712,11-02-2025 03:25,Search Ads,Retargeting,No
16270,11-02-2025 08:47,Search Ads,Retargeting,Yes
11007,11-02-2025 22:53,Referral,Retargeting,No
21212,11-02-2025 20:14,Display Ads,Discount Offer,Yes
74413,11-02-2025 07:57,Display Ads,-,Yes
13004,10-02-2025 03:26,Referral,New Product Launch,Yes
96294,11-02-2025 08:30,Social Media,Brand Awareness,No
31833,10-02-2025 04:51,Search Ads,New Product Launch,Yes
35296,10-02-2025 19:46,Email,Winter Sale,No
71259,11-02-2025 03:49,Search Ads,Brand Awareness,Yes
42079,11-02-2025 04:32,Display Ads,Brand Awareness,No
24914,10-02-2025 11:07,Social Media,-,Yes
54502,11-02-2025 15:41,Email,Winter Sale,No
26541,11-02-2025 02:40,Search Ads,-,Yes
24914,11-02-2025 23:01,Social Media,Discount Offer,Yes
95114,11-02-2025 04:24,Email,Retargeting,Yes
21550,10-02-2025 17:05,Referral,-,Yes
25952,10-02-2025 00:02,Display Ads,Discount Offer,No
20895,10-02-2025 16:48,Social Media,Brand Awareness,No
94816,11-02-2025 07:47,Social Media,Discount Offer,Yes
97151,11-02-2025 16:02,Social Media,Brand Awareness,Yes
35789,11-02-2025 11:06,Display Ads,Brand Awareness,Yes
33377,10-02-2025 22:14,Search Ads,Retargeting,No
90213,10-02-2025 02:12,Email,Retargeting,No
24876,11-02-2025 18:51,Social Media,Retargeting,Yes
59032,10-02-2025 05:08,Direct Traffic,-,Yes
77120,10-02-2025 00:10,Referral,Discount Offer,No
72415,10-02-2025 00:53,Display Ads,Retargeting,Yes
81300,11-02-2025 08:27,Email,-,Yes
39379,10-02-2025 03:11,Direct Traffic,-,No
60226,11-02-2025 01:46,Search Ads,Brand Awareness,Yes
29679,11-02-2025 17:46,Email,New Product Launch,No
98627,11-02-2025 12:14,Search Ads,Discount Offer,No
72457,11-02-2025 11:32,Social Media,Brand Awareness,Yes
51554,10-02-2025 15:30,Direct Traffic,-,Yes
22741,11-02-2025 01:14,Social Media,Winter Sale,No
29877,10-02-2025 03:22,Email,Discount Offer,Yes
68610,11-02-2025 14:55,Email,Discount Offer,No
33392,10-02-2025 02:41,Display Ads,Retargeting,Yes
51640,11-02-2025 18:54,Referral,New Product Launch,No
31308,10-02-2025 21:42,Display Ads,-,No
13428,11-02-2025 21:28,Search Ads,New Product Launch,No
29206,10-02-2025 12:25,Search Ads,Discount Offer,No
26670,11-02-2025 09:15,Referral,Retargeting,Yes
28567,10-02-2025 04:27,Email,Winter Sale,Yes
77289,11-02-2025 15:44,Search Ads,Brand Awareness,No
32954,10-02-2025 22:43,Social Media,New Product Launch,No
72518,10-02-2025 01:54,Social Media,-,Yes
90090,11-02-2025 12:36,Display Ads,New Product Launch,Yes
73838,11-02-2025 23:57,Social Media,New Product Launch,No
95275,11-02-2025 02:33,Referral,-,No
95840,11-02-2025 11:15,Referral,Brand Awareness,No
77968,11-02-2025 17:25,Referral,New Product Launch,Yes
32477,11-02-2025 07:02,Search Ads,New Product Launch,Yes
73721,11-02-2025 08:24,Social Media,Discount Offer,No
16075,11-02-2025 01:17,Direct Traffic,-,No
76909,10-02-2025 07:41,Display Ads,Retargeting,No
89935,11-02-2025 05:42,Display Ads,Brand Awareness,No
30651,11-02-2025 02:28,Search Ads,Discount Offer,No
72118,11-02-2025 20:20,Search Ads,Brand Awareness,Yes
23331,11-02-2025 11:40,Direct Traffic,-,Yes
55820,10-02-2025 12:56,Direct Traffic,-,No
79969,10-02-2025 18:43,Social Media,Retargeting,No
53526,10-02-2025 22:40,Display Ads,Retargeting,Yes
76288,11-02-2025 04:54,Search Ads,Retargeting,Yes
63775,10-02-2025 10:37,Social Media,-,Yes
61234,11-02-2025 10:14,Search Ads,New Product Launch,No
52660,11-02-2025 04:45,Direct Traffic,-,No
91157,11-02-2025 14:13,Direct Traffic,-,Yes
66408,11-02-2025 12:14,Display Ads,Discount Offer,Yes
32663,11-02-2025 04:07,Email,Winter Sale,No
17497,10-02-2025 19:34,Social Media,Winter Sale,No
88521,11-02-2025 20:56,Display Ads,Discount Offer,No
40530,11-02-2025 13:54,Display Ads,Brand Awareness,No
69847,10-02-2025 02:33,Direct Traffic,-,Yes
91879,10-02-2025 14:17,Display Ads,-,Yes
11611,10-02-2025 03:38,Referral,-,No
98275,10-02-2025 00:27,Direct Traffic,-,No
79408,11-02-2025 22:26,Display Ads,Winter Sale,No
51020,11-02-2025 07:55,Social Media,Brand Awareness,Yes
37856,11-02-2025 09:58,Social Media,Discount Offer,No
20513,10-02-2025 05:37,Referral,Discount Offer,No
58762,11-02-2025 07:45,Social Media,New Product Launch,No
85343,10-02-2025 07:11,Referral,New Product Launch,No
13364,11-02-2025 16:34,Referral,Winter Sale,Yes
72045,10-02-2025 02:09,Email,Discount Offer,Yes
13460,11-02-2025 18:10,Search Ads,Winter Sale,Yes
17614,10-02-2025 23:42,Search Ads,Brand Awareness,Yes
68721,11-02-2025 07:55,Display Ads,-,Yes
68343,11-02-2025 21:53,Referral,Retargeting,No
29914,10-02-2025 10:23,Email,Brand Awareness,No
33999,10-02-2025 21:44,Social Media,New Product Launch,No
15176,11-02-2025 07:08,Referral,Brand Awareness,No
58113,10-02-2025 04:59,Search Ads,-,No
49647,10-02-2025 17:10,Search Ads,Brand Awareness,Yes
62211,11-02-2025 19:49,Social Media,-,Yes
15152,10-02-2025 18:41,Direct Traffic,-,Yes
67466,10-02-2025 07:29,Display Ads,Brand Awareness,Yes
43883,11-02-2025 10:48,Email,New Product Launch,Yes
82225,11-02-2025 18:58,Display Ads,-,Yes
31210,10-02-2025 03:22,Search Ads,-,No
47452,11-02-2025 15:17,Referral,-,No
64956,10-02-2025 04:41,Referral,Brand Awareness,No
95298,11-02-2025 23:59,Direct Traffic,-,Yes
45310,10-02-2025 19:31,Display Ads,Discount Offer,No
71292,11-02-2025 05:54,Referral,New Product Launch,Yes
76940,11-02-2025 06:20,Direct Traffic,-,Yes
90047,10-02-2025 07:32,Display Ads,New Product Launch,Yes
46487,11-02-2025 12:47,Direct Traffic,-,No
86889,10-02-2025 04:35,Email,Discount Offer,Yes
88880,11-02-2025 01:34,Social Media,Retargeting,Yes
71941,10-02-2025 12:06,Display Ads,Retargeting,Yes
60684,11-02-2025 10:25,Direct Traffic,-,Yes
69301,11-02-2025 18:35,Social Media,Discount Offer,No
80575,11-02-2025 08:12,Display Ads,-,No
63250,10-02-2025 13:25,Direct Traffic,-,No
25170,10-02-2025 19:25,Referral,Winter Sale,No
64747,10-02-2025 02:59,Direct Traffic,-,No
13528,10-02-2025 07:10,Direct Traffic,-,No
73457,10-02-2025 04:23,Direct Traffic,-,Yes
28385,11-02-2025 12:24,Social Media,Retargeting,Yes
19385,11-02-2025 17:14,Display Ads,Retargeting,Yes
89685,10-02-2025 18:16,Display Ads,Retargeting,Yes
48753,11-02-2025 21:43,Search Ads,Winter Sale,No
30339,11-02-2025 23:37,Referral,Winter Sale,Yes
70378,11-02-2025 13:54,Referral,Discount Offer,Yes
77294,11-02-2025 15:28,Display Ads,Winter Sale,No
37559,11-02-2025 11:28,Search Ads,Retargeting,No
39559,11-02-2025 22:28,Email,New Product Launch,Yes
85535,11-02-2025 21:12,Direct Traffic,-,Yes
43175,11-02-2025 22:04,Direct Traffic,-,No
43767,11-02-2025 19:37,Referral,-,Yes
30026,10-02-2025 03:15,Referral,New Product Launch,Yes
13230,11-02-2025 23:24,Referral,Discount Offer,Yes
54531,11-02-2025 13:23,Display Ads,-,No
26253,10-02-2025 21:36,Display Ads,Winter Sale,Yes
32828,10-02-2025 03:48,Referral,Retargeting,No
24634,11-02-2025 10:13,Referral,New Product Launch,No
72532,11-02-2025 09:11,Email,New Product Launch,Yes
46667,10-02-2025 13:30,Search Ads,Winter Sale,Yes
87204,10-02-2025 21:22,Direct Traffic,-,Yes
36135,10-02-2025 05:31,Referral,Brand Awareness,No
35230,11-02-2025 13:39,Search Ads,Retargeting,No
78044,10-02-2025 09:44,Display Ads,Winter Sale,No
61594,11-02-2025 17:48,Social Media,New Product Launch,No
71797,11-02-2025 00:07,Email,-,No
42914,10-02-2025 18:48,Social Media,Discount Offer,Yes
83153,11-02-2025 01:08,Social Media,Brand Awareness,No
63505,10-02-2025 13:11,Referral,Brand Awareness,Yes
58113,11-02-2025 17:01,Social Media,Retargeting,Yes
28297,10-02-2025 13:18,Display Ads,Brand Awareness,No
18441,11-02-2025 22:25,Social Media,Retargeting,Yes
62564,11-02-2025 23:55,Email,Retargeting,Yes
66414,11-02-2025 07:41,Email,Winter Sale,Yes
21704,11-02-2025 05:15,Search Ads,Winter Sale,Yes
84567,10-02-2025 07:29,Referral,New Product Launch,Yes
82259,10-02-2025 23:25,Referral,Retargeting,Yes
90632,10-02-2025 03:22,Direct Traffic,-,No
88708,10-02-2025 23:46,Direct Traffic,-,No
59482,11-02-2025 01:07,Search Ads,Discount Offer,No
88258,10-02-2025 11:49,Email,-,Yes
52408,11-02-2025 14:03,Search Ads,New Product Launch,No
97726,10-02-2025 11:14,Email,-,No
88567,10-02-2025 21:18,Direct Traffic,-,Yes
96142,10-02-2025 05:22,Search Ads,New Product Launch,No
86658,11-02-2025 16:24,Direct Traffic,-,Yes
86112,11-02-2025 09:06,Direct Traffic,-,No
19967,11-02-2025 10:28,Search Ads,Brand Awareness,No
74549,11-02-2025 23:38,Referral,Discount Offer,No
91772,11-02-2025 17:07,Referral,-,No
15152,11-02-2025 04:58,Display Ads,Winter Sale,Yes
60102,10-02-2025 20:03,Direct Traffic,-,No
22358,10-02-2025 01:55,Referral,-,No
89500,11-02-2025 23:25,Email,-,No
69579,10-02-2025 15:42,Referral,Brand Awareness,No
15921,11-02-2025 23:45,Search Ads,New Product Launch,Yes
91950,10-02-2025 18:44,Search Ads,Brand Awareness,Yes
80259,11-02-2025 16:22,Direct Traffic,-,Yes
76909,11-02-2025 17:00,Social Media,Winter Sale,No
61062,11-02-2025 22:54,Display Ads,-,Yes
69775,10-02-2025 13:00,Direct Traffic,-,Yes
13116,11-02-2025 16:44,Referral,Winter Sale,No
46221,11-02-2025 21:12,Display Ads,Retargeting,No
72457,10-02-2025 23:27,Email,Brand Awareness,No
68585,11-02-2025 21:30,Referral,-,No
39049,10-02-2025 07:01,Referral,Retargeting,No
42970,11-02-2025 15:08,Social Media,New Product Launch,No
71094,11-02-2025 17:25,Direct Traffic,-,Yes
54121,11-02-2025 20:28,Direct Traffic,-,No
62107,10-02-2025 23:58,Display Ads,Winter Sale,Yes
25765,11-02-2025 23:58,Search Ads,-,No
92673,11-02-2025 01:10,Display Ads,New Product Launch,Yes
37386,10-02-2025 09:06,Search Ads,Discount Offer,Yes
38043,10-02-2025 10:50,Email,Winter Sale,No
86889,10-02-2025 05:16,Social Media,New Product Launch,Yes
41964,11-02-2025 03:35,Referral,Discount Offer,Yes
78282,10-02-2025 20:02,Direct Traffic,-,Yes
27048,10-02-2025 17:15,Social Media,-,No
55983,10-02-2025 13:35,Search Ads,Retargeting,No
89703,10-02-2025 19:17,Email,-,Yes
11917,10-02-2025 09:03,Direct Traffic,-,Yes
76003,11-02-2025 05:55,Search Ads,Discount Offer,Yes
36427,10-02-2025 03:17,Direct Traffic,-,Yes
70237,10-02-2025 17:14,Search Ads,New Product Launch,No
12121,10-02-2025 22:14,Search Ads,Winter Sale,Yes
77483,11-02-2025 13:45,Display Ads,Brand Awareness,No
42970,11-02-2025 18:51,Search Ads,Discount Offer,Yes
85725,10-02-2025 09:59,Email,New Product Launch,No
26430,11-02-2025 09:43,Referral,-,Yes
54121,10-02-2025 13:26,Direct Traffic,-,Yes
95960,11-02-2025 10:42,Social Media,Retargeting,No
80602,10-02-2025 10:42,Social Media,New Product Launch,No
83147,11-02-2025 16:10,Search Ads,Retargeting,Yes
18572,10-02-2025 17:15,Referral,Brand Awareness,No
78882,10-02-2025 15:42,Referral,Brand Awareness,No
13534,11-02-2025 13:22,Search Ads,New Product Launch,No
37121,11-02-2025 02:59,Referral,Retargeting,Yes
85682,11-02-2025 17:21,Email,Brand Awareness,No
72122,11-02-2025 07:32,Display Ads,Winter Sale,No
27548,10-02-2025 11:35,Direct Traffic,-,No
69301,11-02-2025 04:13,Referral,-,Yes
30087,10-02-2025 04:49,Social Media,New Product Launch,No
43931,11-02-2025 21:40,Direct Traffic,-,Yes
43065,10-02-2025 20:13,Social Media,Discount Offer,Yes
97899,10-02-2025 13:05,Search Ads,New Product Launch,No
30299,11-02-2025 13:59,Referral,-,No
95960,11-02-2025 09:13,Display Ads,Brand Awareness,Yes
55820,10-02-2025 15:34,Display Ads,New Product Launch,No
11284,10-02-2025 22:04,Email,Discount Offer,No
85722,10-02-2025 15:10,Search Ads,Retargeting,No
30468,10-02-2025 19:50,Referral,Brand Awareness,No
86085,10-02-2025 04:50,Display Ads,New Product Launch,Yes
47709,10-02-2025 21:27,Search Ads,Brand Awareness,No
37332,10-02-2025 04:01,Referral,New Product Launch,Yes
49478,10-02-2025 12:37,Direct Traffic,-,Yes
19651,10-02-2025 20:01,Display Ads,Discount Offer,Yes
13534,10-02-2025 21:33,Email,-,Yes
35726,10-02-2025 00:35,Referral,Brand Awareness,No
53582,11-02-2025 02:09,Display Ads,Retargeting,Yes
46667,11-02-2025 02:47,Direct Traffic,-,Yes
54049,11-02-2025 08:38,Search Ads,Brand Awareness,Yes
58910,11-02-2025 17:39,Social Media,Brand Awareness,Yes
52282,11-02-2025 04:48,Email,-,Yes
14398,10-02-2025 09:15,Email,Discount Offer,No
53419,11-02-2025 04:53,Social Media,Retargeting,No
36375,11-02-2025 13:38,Display Ads,Winter Sale,No
63062,10-02-2025 22:27,Email,Brand Awareness,No
89800,10-02-2025 08:11,Search Ads,New Product Launch,Yes
82330,11-02-2025 02:32,Referral,Retargeting,No
11784,11-02-2025 04:30,Search Ads,-,No
68681,11-02-2025 20:49,Email,Brand Awareness,Yes
10378,10-02-2025 04:44,Search Ads,-,Yes
64163,10-02-2025 18:40,Social Media,Winter Sale,Yes
73945,10-02-2025 18:27,Display Ads,Retargeting,Yes
81530,10-02-2025 02:21,Display Ads,Brand Awareness,Yes
80804,11-02-2025 01:24,Display Ads,Retargeting,Yes
22407,10-02-2025 12:09,Direct Traffic,-,No
79880,11-02-2025 13:01,Referral,Discount Offer,No
78296,10-02-2025 19:23,Display Ads,Retargeting,No
99937,10-02-2025 21:55,Referral,Discount Offer,No
46918,10-02-2025 16:09,Display Ads,-,Yes
89732,11-02-2025 18:37,Search Ads,Winter Sale,No
13186,11-02-2025 09:28,Email,Brand Awareness,No
56072,11-02-2025 11:02,Email,New Product Launch,Yes
80653,10-02-2025 17:01,Search Ads,New Product Launch,Yes
76276,10-02-2025 16:01,Social Media,Brand Awareness,No
85426,10-02-2025 04:25,Direct Traffic,-,No
79789,10-02-2025 17:42,Display Ads,Winter Sale,No
51399,11-02-2025 07:51,Referral,-,Yes
71932,10-02-2025 09:25,Direct Traffic,-,No
44062,10-02-2025 06:33,Direct Traffic,-,Yes
90039,11-02-2025 13:02,Social Media,New Product Launch,Yes
71839,10-02-2025 21:58,Email,New Product Launch,Yes
95648,11-02-2025 08:56,Referral,-,Yes
75700,11-02-2025 20:39,Email,-,Yes
46364,11-02-2025 01:36,Referral,New Product Launch,Yes
54877,11-02-2025 09:50,Referral,New Product Launch,Yes
90964,11-02-2025 01:51,Email,Winter Sale,No
41563,11-02-2025 02:32,Direct Traffic,-,No
72612,11-02-2025 14:05,Social Media,Retargeting,No
76940,10-02-2025 06:48,Search Ads,New Product Launch,No
65383,11-02-2025 07:43,Referral,Brand Awareness,Yes
51785,11-02-2025 20:02,Display Ads,Winter Sale,No
25172,11-02-2025 08:52,Email,New Product Launch,Yes
56733,10-02-2025 23:22,Social Media,Retargeting,No
94932,11-02-2025 00:37,Direct Traffic,-,No
29440,11-02-2025 00:38,Social Media,Brand Awareness,No
34372,11-02-2025 23:21,Referral,-,No
57726,10-02-2025 03:21,Search Ads,Winter Sale,Yes
16337,11-02-2025 02:47,Display Ads,New Product Launch,No
28589,11-02-2025 00:21,Referral,Discount Offer,Yes
47151,10-02-2025 18:36,Search Ads,Retargeting,No
80503,11-02-2025 05:19,Search Ads,Brand Awareness,Yes
69737,11-02-2025 19:13,Referral,Retargeting,No
22358,11-02-2025 10:08,Display Ads,Brand Awareness,Yes
64541,11-02-2025 08:44,Display Ads,Discount Offer,Yes
12459,10-02-2025 02:12,Referral,New Product Launch,No
66625,10-02-2025 06:34,Referral,Winter Sale,No
92043,11-02-2025 08:16,Direct Traffic,-,Yes
52013,11-02-2025 06:24,Search Ads,Brand Awareness,No
35456,11-02-2025 21:23,Referral,Winter Sale,No
82005,11-02-2025 11:39,Search Ads,Winter Sale,No
64767,11-02-2025 12:54,Direct Traffic,-,No
91565,10-02-2025 17:45,Direct Traffic,-,Yes
30607,10-02-2025 17:17,Search Ads,New Product Launch,No
87375,10-02-2025 04:25,Referral,Winter Sale,No
75328,11-02-2025 09:35,Email,-,Yes
64901,11-02-2025 22:59,Direct Traffic,-,No
70949,11-02-2025 12:51,Referral,-,Yes
74686,10-02-2025 22:00,Display Ads,Winter Sale,No
72122,10-02-2025 07:29,Social Media,Winter Sale,Yes
58344,10-02-2025 00:15,Social Media,Discount Offer,Yes
78831,11-02-2025 05:03,Email,Brand Awareness,Yes
94486,10-02-2025 01:58,Social Media,Retargeting,No
60616,11-02-2025 00:32,Referral,Winter Sale,Yes
61368,10-02-2025 04:01,Display Ads,Discount Offer,Yes
37786,10-02-2025 19:07,Direct Traffic,-,No
79207,11-02-2025 18:13,Direct Traffic,-,Yes
38252,10-02-2025 00:20,Email,Retargeting,Yes
61514,10-02-2025 00:16,Social Media,Brand Awareness,No
52335,11-02-2025 23:27,Direct Traffic,-,Yes
88061,10-02-2025 14:02,Search Ads,-,No
92043,11-02-2025 23:46,Display Ads,Retargeting,Yes
84828,10-02-2025 12:38,Social Media,Discount Offer,Yes
33975,10-02-2025 00:45,Search Ads,Winter Sale,Yes
42824,11-02-2025 17:19,Direct Traffic,-,No
39994,11-02-2025 00:11,Referral,Winter Sale,No
93871,10-02-2025 08:56,Social Media,New Product Launch,No
39351,11-02-2025 11:22,Direct Traffic,-,Yes
67608,10-02-2025 15:31,Email,Brand Awareness,No
61578,10-02-2025 22:58,Email,Winter Sale,Yes
63775,10-02-2025 16:30,Direct Traffic,-,Yes
32882,10-02-2025 10:22,Social Media,Winter Sale,Yes
63710,10-02-2025 10:57,Display Ads,Discount Offer,No
49985,10-02-2025 13:30,Referral,New Product Launch,No
96740,11-02-2025 08:45,Search Ads,Retargeting,Yes
31723,10-02-2025 22:53,Social Media,Discount Offer,Yes
11801,11-02-2025 13:36,Search Ads,Brand Awareness,Yes
53232,11-02-2025 01:27,Email,Discount Offer,Yes
57793,11-02-2025 09:27,Referral,Discount Offer,Yes
94841,10-02-2025 09:26,Search Ads,Retargeting,No
76584,10-02-2025 10:53,Referral,Retargeting,Yes
76711,10-02-2025 03:42,Display Ads,Discount Offer,Yes
42809,10-02-2025 17:52,Search Ads,Discount Offer,No
40011,11-02-2025 18:59,Social Media,New Product Launch,No
31679,11-02-2025 05:15,Direct Traffic,-,Yes
64521,10-02-2025 19:11,Search Ads,Retargeting,Yes
55905,10-02-2025 13:05,Display Ads,Discount Offer,No
10442,11-02-2025 20:30,Email,-,Yes
60684,11-02-2025 17:29,Social Media,-,No
26511,10-02-2025 22:47,Referral,-,No
35006,11-02-2025 15:51,Social Media,Brand Awareness,No
64294,10-02-2025 17:12,Referral,Discount Offer,No
68900,11-02-2025 08:54,Display Ads,Winter Sale,No
15233,11-02-2025 18:35,Display Ads,New Product Launch,No
98432,10-02-2025 14:11,Search Ads,Discount Offer,No
46555,10-02-2025 05:31,Search Ads,Retargeting,Yes
56363,10-02-2025 09:01,Referral,Winter Sale,Yes
53707,11-02-2025 23:25,Referral,-,No
95114,10-02-2025 20:41,Email,Retargeting,Yes
41588,11-02-2025 00:26,Email,New Product Launch,No
28387,11-02-2025 08:48,Display Ads,Winter Sale,No
79087,11-02-2025 06:20,Search Ads,Retargeting,Yes
12756,11-02-2025 00:20,Referral,New Product Launch,No
64204,10-02-2025 15:41,Social Media,Winter Sale,No
71460,11-02-2025 15:42,Search Ads,Winter Sale,No
31937,11-02-2025 08:45,Search Ads,Winter Sale,No
72095,11-02-2025 08:18,Referral,Retargeting,Yes
87404,11-02-2025 14:33,Search Ads,New Product Launch,Yes
41377,11-02-2025 15:17,Display Ads,Winter Sale,Yes
92025,11-02-2025 19:19,Display Ads,-,No
78284,10-02-2025 07:13,Search Ads,-,No
40517,10-02-2025 08:28,Referral,-,No
96142,11-02-2025 12:26,Search Ads,Retargeting,No
76940,10-02-2025 09:55,Search Ads,Retargeting,Yes
21910,11-02-2025 17:02,Search Ads,Brand Awareness,Yes
49967,11-02-2025 16:57,Display Ads,New Product Launch,Yes
22917,11-02-2025 14:00,Direct Traffic,-,Yes
83640,11-02-2025 03:56,Display Ads,Retargeting,No
61032,11-02-2025 19:30,Email,-,No
23216,11-02-2025 23:28,Direct Traffic,-,No
54215,10-02-2025 18:09,Display Ads,-,No
73566,10-02-2025 03:38,Display Ads,Winter Sale,No
20916,11-02-2025 15:13,Referral,Winter Sale,Yes
41667,11-02-2025 15:22,Direct Traffic,-,No
15596,10-02-2025 14:17,Social Media,Discount Offer,No
51669,10-02-2025 02:00,Display Ads,Discount Offer,Yes
10614,11-02-2025 23:44,Social Media,Brand Awareness,No
43877,10-02-2025 22:29,Direct Traffic,-,No
17302,11-02-2025 23:04,Search Ads,Brand Awareness,Yes
46058,10-02-2025 23:24,Direct Traffic,-,No
22921,10-02-2025 04:31,Search Ads,-,Yes
13125,10-02-2025 05:19,Direct Traffic,-,Yes
10062,10-02-2025 22:00,Direct Traffic,-,No
89214,11-02-2025 21:53,Email,Brand Awareness,Yes
11780,10-02-2025 09:12,Email,New Product Launch,Yes
31213,10-02-2025 07:49,Display Ads,Winter Sale,Yes
65812,11-02-2025 22:49,Social Media,Discount Offer,Yes
80769,11-02-2025 04:59,Search Ads,Retargeting,No
43411,11-02-2025 14:46,Email,Brand Awareness,Yes
25765,10-02-2025 07:37,Social Media,Retargeting,Yes
34573,11-02-2025 20:41,Referral,Winter Sale,No
85459,11-02-2025 16:33,Referral,Winter Sale,No
91787,10-02-2025 06:39,Display Ads,Discount Offer,No
39101,10-02-2025 11:31,Search Ads,Winter Sale,No
14916,11-02-2025 02:03,Direct Traffic,-,No
98152,10-02-2025 22:38,Social Media,Winter Sale,No
64781,11-02-2025 03:29,Social Media,Retargeting,Yes
17074,11-02-2025 08:55,Referral,Winter Sale,Yes
96237,10-02-2025 18:55,Direct Traffic,-,No
63511,10-02-2025 02:56,Email,New Product Launch,No
11396,11-02-2025 13:32,Social Media,Brand Awareness,Yes
92346,11-02-2025 22:14,Referral,Winter Sale,No
73905,11-02-2025 21:15,Email,Discount Offer,No
40211,11-02-2025 06:03,Referral,Winter Sale,Yes
41049,10-02-2025 11:05,Email,Brand Awareness,Yes
69460,11-02-2025 13:43,Direct Traffic,-,No
36427,11-02-2025 15:59,Social Media,New Product Launch,No
64037,11-02-2025 20:17,Social Media,Brand Awareness,Yes
51437,11-02-2025 21:39,Social Media,Winter Sale,No
91886,10-02-2025 16:41,Direct Traffic,-,Yes
92346,11-02-2025 09:42,Email,Brand Awareness,Yes
92904,11-02-2025 03:02,Email,New Product Launch,No
38099,11-02-2025 08:09,Display Ads,Retargeting,Yes
26693,10-02-2025 13:14,Social Media,Discount Offer,No
87939,11-02-2025 10:30,Search Ads,New Product Launch,Yes
66382,10-02-2025 11:37,Referral,New Product Launch,No
97825,10-02-2025 05:59,Referral,Discount Offer,Yes
48654,10-02-2025 21:20,Social Media,New Product Launch,No
88316,11-02-2025 22:34,Email,Brand Awareness,No
11798,11-02-2025 10:28,Email,Retargeting,Yes
48115,11-02-2025 17:03,Search Ads,Winter Sale,Yes
61685,11-02-2025 15:17,Social Media,New Product Launch,Yes
83703,10-02-2025 11:18,Search Ads,-,Yes
90001,10-02-2025 17:53,Display Ads,Retargeting,No
68649,10-02-2025 23:42,Direct Traffic,-,Yes
85844,10-02-2025 01:23,Referral,Discount Offer,No
81563,10-02-2025 19:29,Display Ads,Discount Offer,Yes
79181,10-02-2025 05:30,Display Ads,Winter Sale,No
78282,10-02-2025 21:59,Display Ads,Discount Offer,No
29719,11-02-2025 16:27,Email,-,No
59033,10-02-2025 21:12,Direct Traffic,-,No
40114,11-02-2025 03:11,Email,Brand Awareness,No
62615,11-02-2025 08:14,Display Ads,Winter Sale,No
51115,11-02-2025 10:54,Display Ads,Retargeting,Yes
61489,10-02-2025 01:33,Search Ads,Discount Offer,Yes
46268,11-02-2025 02:33,Email,Winter Sale,Yes
68367,11-02-2025 04:10,Email,New Product Launch,Yes
47829,10-02-2025 21:24,Referral,New Product Launch,Yes
39101,10-02-2025 10:32,Social Media,-,Yes
16713,11-02-2025 18:48,Direct Traffic,-,Yes
88112,11-02-2025 20:18,Search Ads,Discount Offer,Yes
12077,10-02-2025 21:38,Email,Discount Offer,No
60226,11-02-2025 14:00,Referral,Brand Awareness,No
48753,10-02-2025 07:00,Email,Discount Offer,Yes
56480,10-02-2025 00:00,Referral,Winter Sale,No
36858,10-02-2025 05:47,Social Media,Winter Sale,No
60755,11-02-2025 15:38,Social Media,Brand Awareness,Yes
40937,11-02-2025 00:41,Social Media,-,Yes
64177,11-02-2025 05:55,Email,New Product Launch,Yes
20524,10-02-2025 07:29,Referral,Discount Offer,Yes
92006,11-02-2025 19:27,Email,Winter Sale,No
90409,11-02-2025 21:39,Referral,Discount Offer,No
12459,11-02-2025 15:32,Direct Traffic,-,Yes
63505,11-02-2025 09:15,Social Media,Discount Offer,No
77184,11-02-2025 20:18,Search Ads,Retargeting,No
90879,10-02-2025 23:48,Search Ads,Winter Sale,No
25229,11-02-2025 18:42,Direct Traffic,-,No
10255,10-02-2025 22:47,Direct Traffic,-,Yes
31012,10-02-2025 00:11,Social Media,Brand Awareness,No
68891,10-02-2025 08:13,Social Media,New Product Launch,No
66986,10-02-2025 15:46,Email,Discount Offer,No
67658,11-02-2025 08:48,Display Ads,Retargeting,Yes
35726,11-02-2025 19:53,Referral,New Product Launch,No
41411,11-02-2025 19:40,Search Ads,Retargeting,No
21910,10-02-2025 02:46,Social Media,Discount Offer,Yes
82159,10-02-2025 11:30,Social Media,New Product Launch,No
51554,11-02-2025 10:23,Referral,Discount Offer,Yes
60973,11-02-2025 05:12,Display Ads,Brand Awareness,Yes
38504,10-02-2025 06:52,Social Media,New Product Launch,Yes
43398,11-02-2025 02:18,Direct Traffic,-,Yes
15924,11-02-2025 02:31,Referral,New Product Launch,No
80204,10-02-2025 01:28,Display Ads,Discount Offer,No
47775,10-02-2025 10:27,Social Media,-,No
41941,11-02-2025 23:13,Referral,New Product Launch,Yes
77091,10-02-2025 09:20,Direct Traffic,-,No
86443,10-02-2025 23:42,Referral,Discount Offer,Yes
44393,11-02-2025 11:48,Direct Traffic,-,Yes
11790,10-02-2025 03:44,Referral,-,Yes
25952,10-02-2025 07:33,Social Media,Winter Sale,No
36822,11-02-2025 09:40,Search Ads,New Product Launch,Yes
99782,11-02-2025 11:32,Referral,Discount Offer,Yes
32562,10-02-2025 00:42,Direct Traffic,-,Yes
86327,11-02-2025 22:17,Search Ads,Discount Offer,No
57385,11-02-2025 14:39,Email,Discount Offer,No
13230,11-02-2025 19:49,Display Ads,Retargeting,No
56480,11-02-2025 22:41,Social Media,Brand Awareness,No
69781,10-02-2025 04:52,Display Ads,Winter Sale,Yes
98997,11-02-2025 15:21,Referral,Retargeting,No
91612,11-02-2025 03:43,Display Ads,Discount Offer,No
79781,11-02-2025 22:51,Referral,New Product Launch,Yes
19454,10-02-2025 23:38,Social Media,Brand Awareness,No
99748,11-02-2025 23:32,Referral,Retargeting,Yes
46014,10-02-2025 14:32,Referral,Winter Sale,No
18955,11-02-2025 15:56,Referral,Brand Awareness,No
44062,11-02-2025 02:36,Social Media,Brand Awareness,No
77294,10-02-2025 15:24,Display Ads,Discount Offer,Yes
76909,11-02-2025 13:19,Referral,-,No
85844,11-02-2025 19:48,Social Media,New Product Launch,No
63712,10-02-2025 09:31,Referral,New Product Launch,Yes
28134,10-02-2025 19:06,Social Media,Winter Sale,No
81493,11-02-2025 17:26,Display Ads,Brand Awareness,No
95665,10-02-2025 09:12,Social Media,Discount Offer,No
21584,11-02-2025 04:12,Direct Traffic,-,No
65026,11-02-2025 00:12,Referral,New Product Launch,Yes
54719,10-02-2025 15:58,Referral,New Product Launch,Yes
32299,10-02-2025 16:35,Referral,Retargeting,Yes
61829,10-02-2025 21:21,Display Ads,Winter Sale,Yes
78980,10-02-2025 19:03,Email,-,No
42809,11-02-2025 05:30,Email,Retargeting,No
26109,10-02-2025 08:28,Display Ads,Retargeting,No
12641,10-02-2025 14:05,Social Media,Retargeting,Yes
34390,11-02-2025 15:39,Display Ads,New Product Launch,No
37332,11-02-2025 04:52,Display Ads,-,Yes
67525,11-02-2025 04:54,Social Media,Discount Offer,Yes
57976,11-02-2025 17:15,Social Media,Brand Awareness,No
71078,10-02-2025 08:03,Email,Retargeting,Yes
93271,11-02-2025 14:44,Email,Retargeting,No
17478,10-02-2025 01:55,Referral,-,Yes
55980,11-02-2025 23:57,Direct Traffic,-,No
82495,11-02-2025 00:00,Social Media,Winter Sale,No
60973,11-02-2025 01:13,Email,New Product Launch,No
52553,11-02-2025 02:48,Referral,Retargeting,Yes
59576,11-02-2025 13:51,Social Media,New Product Launch,No
83153,11-02-2025 18:22,Email,Retargeting,Yes
96656,10-02-2025 01:28,Referral,-,No
73459,10-02-2025 18:22,Direct Traffic,-,No
78514,10-02-2025 23:03,Email,Winter Sale,No
48099,10-02-2025 17:47,Email,Brand Awareness,No
32882,10-02-2025 12:00,Email,Winter Sale,No
66758,10-02-2025 18:08,Display Ads,Retargeting,Yes
94825,11-02-2025 22:08,Search Ads,Discount Offer,Yes
60108,10-02-2025 17:42,Social Media,New Product Launch,No
10442,11-02-2025 11:06,Social Media,Winter Sale,No
50369,10-02-2025 14:39,Social Media,Winter Sale,No
45959,11-02-2025 07:23,Email,Retargeting,Yes
74513,10-02-2025 03:11,Email,Discount Offer,No
81053,10-02-2025 09:33,Direct Traffic,-,Yes
83640,10-02-2025 04:11,Display Ads,-,No
76689,10-02-2025 10:22,Search Ads,-,No
63505,10-02-2025 15:00,Email,-,No
59576,10-02-2025 06:12,Referral,Brand Awareness,Yes
62225,10-02-2025 23:19,Display Ads,Winter Sale,No
92337,11-02-2025 11:30,Email,Winter Sale,No
88027,10-02-2025 11:02,Search Ads,New Product Launch,No
80575,10-02-2025 04:08,Social Media,Retargeting,Yes
59730,11-02-2025 15:13,Display Ads,Retargeting,Yes
85470,10-02-2025 03:23,Referral,New Product Launch,No
64907,10-02-2025 06:06,Display Ads,Retargeting,Yes
49243,10-02-2025 18:00,Search Ads,Winter Sale,No
34587,10-02-2025 02:14,Direct Traffic,-,Yes
19816,11-02-2025 23:51,Display Ads,Brand Awareness,No
96237,11-02-2025 19:52,Search Ads,New Product Launch,Yes
38683,11-02-2025 16:17,Search Ads,New Product Launch,Yes
19651,10-02-2025 14:00,Direct Traffic,-,Yes
15640,10-02-2025 14:20,Display Ads,Brand Awareness,No
17272,10-02-2025 20:34,Direct Traffic,-,Yes
74350,10-02-2025 10:49,Referral,Brand Awareness,No
88187,11-02-2025 11:39,Direct Traffic,-,Yes
23671,10-02-2025 17:19,Display Ads,Retargeting,No
21445,10-02-2025 07:58,Direct Traffic,-,Yes
28459,11-02-2025 10:30,Search Ads,New Product Launch,Yes
60477,10-02-2025 17:42,Search Ads,Winter Sale,Yes
52282,10-02-2025 16:35,Email,Discount Offer,Yes
84693,11-02-2025 22:16,Email,New Product Launch,Yes
67211,10-02-2025 14:53,Email,New Product Launch,Yes
37007,10-02-2025 17:32,Email,Winter Sale,No
93270,11-02-2025 20:29,Display Ads,Winter Sale,No
10317,10-02-2025 04:33,Direct Traffic,-,No
99744,11-02-2025 23:05,Email,Retargeting,Yes
96285,10-02-2025 05:35,Email,Winter Sale,No
31703,11-02-2025 17:43,Referral,Brand Awareness,No
22553,10-02-2025 04:26,Email,Retargeting,No
11284,10-02-2025 01:04,Display Ads,Retargeting,No
56636,10-02-2025 19:09,Social Media,-,No
39994,10-02-2025 02:23,Email,Retargeting,Yes
24012,11-02-2025 08:05,Referral,-,Yes
96454,10-02-2025 01:31,Direct Traffic,-,No
72045,10-02-2025 05:39,Referral,New Product Launch,No
69090,10-02-2025 00:04,Social Media,Retargeting,Yes
72518,10-02-2025 01:38,Direct Traffic,-,Yes
65497,11-02-2025 17:33,Direct Traffic,-,No
41665,11-02-2025 17:05,Search Ads,Retargeting,No
28047,11-02-2025 21:09,Social Media,Winter Sale,Yes
79163,11-02-2025 07:08,Referral,-,Yes
87851,10-02-2025 10:24,Display Ads,-,No
87851,10-02-2025 13:50,Email,Retargeting,Yes
59390,10-02-2025 02:47,Social Media,Discount Offer,No
25377,10-02-2025 01:10,Social Media,Retargeting,No
43531,11-02-2025 08:33,Social Media,-,No
56768,11-02-2025 18:31,Email,Winter Sale,Yes
79404,10-02-2025 08:21,Social Media,New Product Launch,No
39572,11-02-2025 12:24,Referral,New Product Launch,No
23958,11-02-2025 20:59,Direct Traffic,-,Yes
85459,11-02-2025 04:53,Social Media,Retargeting,Yes
61947,11-02-2025 18:12,Referral,Winter Sale,No
88868,11-02-2025 20:55,Direct Traffic,-,No
60973,11-02-2025 15:34,Social Media,-,No
34007,11-02-2025 11:21,Social Media,-,Yes
49789,11-02-2025 10:58,Display Ads,New Product Launch,Yes
96142,10-02-2025 04:33,Direct Traffic,-,Yes
43603,10-02-2025 18:54,Social Media,Brand Awareness,No
48990,11-02-2025 04:54,Referral,Retargeting,Yes
23202,11-02-2025 02:21,Direct Traffic,-,Yes
98237,10-02-2025 22:57,Direct Traffic,-,No
41956,10-02-2025 10:54,Social Media,Brand Awareness,Yes
73302,10-02-2025 18:48,Social Media,Winter Sale,Yes
35664,10-02-2025 00:39,Referral,Winter Sale,Yes
55886,11-02-2025 03:32,Email,Discount Offer,No
91512,11-02-2025 04:28,Direct Traffic,-,No
52731,10-02-2025 04:13,Email,Discount Offer,No
44393,11-02-2025 09:16,Display Ads,Brand Awareness,No
88880,11-02-2025 06:34,Display Ads,-,Yes
13771,10-02-2025 16:13,Social Media,Brand Awareness,Yes
52113,11-02-2025 23:36,Display Ads,Discount Offer,Yes
30628,11-02-2025 13:03,Social Media,Brand Awareness,Yes
94646,11-02-2025 12:53,Direct Traffic,-,No
34833,11-02-2025 17:37,Email,Retargeting,Yes
57996,10-02-2025 14:28,Referral,Discount Offer,No
52864,11-02-2025 11:05,Search Ads,Retargeting,No
86715,11-02-2025 23:31,Search Ads,Discount Offer,Yes
74035,10-02-2025 08:04,Search Ads,-,Yes
38046,11-02-2025 20:16,Direct Traffic,-,No
55745,11-02-2025 20:38,Search Ads,-,No
98627,11-02-2025 08:16,Direct Traffic,-,Yes
95275,11-02-2025 02:33,Direct Traffic,-,No
56219,11-02-2025 06:50,Social Media,Winter Sale,Yes
45622,11-02-2025 16:55,Email,Brand Awareness,No
96656,10-02-2025 08:50,Social Media,Retargeting,No
82712,10-02-2025 04:38,Referral,-,No
10698,10-02-2025 08:31,Search Ads,Retargeting,No
22811,10-02-2025 11:01,Search Ads,Winter Sale,Yes
39131,10-02-2025 18:56,Display Ads,-,Yes
25377,10-02-2025 16:26,Search Ads,-,No
67658,10-02-2025 08:20,Email,Winter Sale,No
57996,10-02-2025 12:28,Display Ads,Discount Offer,Yes
95242,11-02-2025 07:17,Search Ads,Brand Awareness,Yes
76040,11-02-2025 18:07,Direct Traffic,-,No
59390,10-02-2025 12:12,Search Ads,New Product Launch,Yes
16348,10-02-2025 03:29,Direct Traffic,-,Yes
52720,11-02-2025 04:22,Search Ads,Winter Sale,Yes
83153,10-02-2025 13:42,Social Media,Discount Offer,Yes
84492,10-02-2025 20:25,Email,Brand Awareness,Yes
83712,10-02-2025 22:06,Display Ads,New Product Launch,No
93014,10-02-2025 20:09,Direct Traffic,-,Yes
92555,10-02-2025 23:52,Email,Winter Sale,No
61489,10-02-2025 06:01,Referral,-,Yes
10654,11-02-2025 17:14,Email,Retargeting,Yes
83991,11-02-2025 06:06,Social Media,-,Yes
86889,11-02-2025 11:22,Referral,Winter Sale,Yes
81244,11-02-2025 10:37,Social Media,Discount Offer,Yes
81053,11-02-2025 13:41,Referral,Brand Awareness,Yes
33843,10-02-2025 02:26,Direct Traffic,-,No
79163,10-02-2025 14:54,Referral,-,No
69144,11-02-2025 19:45,Email,-,Yes
82495,10-02-2025 06:21,Display Ads,Winter Sale,Yes
43340,10-02-2025 03:53,Social Media,-,Yes
90322,11-02-2025 17:34,Email,New Product Launch,No
80549,11-02-2025 16:45,Display Ads,New Product Launch,No
12397,11-02-2025 03:02,Display Ads,Discount Offer,No
46662,11-02-2025 20:06,Referral,New Product Launch,No
72457,10-02-2025 05:26,Display Ads,Retargeting,Yes
43721,11-02-2025 14:46,Search Ads,Discount Offer,No
68367,10-02-2025 15:43,Direct Traffic,-,No
12641,10-02-2025 02:26,Display Ads,Winter Sale,Yes
25377,11-02-2025 14:11,Display Ads,Retargeting,Yes
59611,10-02-2025 22:26,Referral,Winter Sale,Yes
49456,11-02-2025 06:12,Referral,New Product Launch,No
78262,11-02-2025 01:20,Email,Retargeting,Yes
54259,11-02-2025 22:56,Display Ads,Winter Sale,Yes
13872,10-02-2025 11:32,Direct Traffic,-,No
41941,10-02-2025 22:42,Email,-,No
54766,11-02-2025 15:10,Search Ads,New Product Launch,Yes
11661,11-02-2025 02:38,Direct Traffic,-,No
10556,11-02-2025 15:07,Direct Traffic,-,No
15259,11-02-2025 18:04,Search Ads,New Product Launch,No
98520,11-02-2025 23:30,Email,New Product Launch,No
72095,10-02-2025 14:14,Direct Traffic,-,Yes
75250,10-02-2025 04:51,Referral,Winter Sale,Yes
35980,10-02-2025 11:13,Referral,Retargeting,No
21910,11-02-2025 22:14,Display Ads,-,Yes
36115,10-02-2025 22:31,Search Ads,Retargeting,No
71306,11-02-2025 13:12,Referral,Retargeting,Yes
59188,11-02-2025 21:45,Display Ads,-,No
49456,10-02-2025 20:28,Direct Traffic,-,No
41969,11-02-2025 10:12,Email,Retargeting,No
21788,10-02-2025 11:06,Social Media,-,Yes
60799,11-02-2025 19:46,Direct Traffic,-,Yes
56634,10-02-2025 12:52,Display Ads,New Product Launch,No
31723,10-02-2025 15:56,Email,Winter Sale,No
81908,11-02-2025 01:22,Display Ads,Winter Sale,Yes
44882,10-02-2025 20:50,Search Ads,Brand Awareness,Yes
17879,10-02-2025 13:10,Email,-,No
61655,10-02-2025 21:28,Referral,Discount Offer,No
28985,11-02-2025 23:22,Referral,Brand Awareness,Yes
90253,10-02-2025 19:28,Search Ads,Retargeting,Yes
74738,11-02-2025 13:31,Direct Traffic,-,No
56075,10-02-2025 21:24,Direct Traffic,-,Yes
29648,11-02-2025 22:34,Search Ads,Discount Offer,No
94431,10-02-2025 13:40,Email,New Product Launch,Yes
40381,11-02-2025 06:23,Social Media,Discount Offer,No
15578,11-02-2025 08:49,Search Ads,New Product Launch,No
72077,11-02-2025 18:45,Direct Traffic,-,Yes
32914,10-02-2025 15:47,Display Ads,-,No
37332,11-02-2025 05:50,Social Media,Retargeting,Yes
26109,10-02-2025 15:16,Social Media,Winter Sale,Yes
51412,11-02-2025 20:03,Social Media,New Product Launch,No
78862,10-02-2025 05:03,Email,-,Yes
54010,10-02-2025 14:48,Direct Traffic,-,Yes
60236,11-02-2025 10:55,Email,Winter Sale,Yes
69460,11-02-2025 01:06,Email,New Product Launch,No
12459,10-02-2025 22:45,Social Media,-,Yes
55079,10-02-2025 07:23,Search Ads,Retargeting,No
50905,10-02-2025 18:40,Display Ads,New Product Launch,Yes
79404,10-02-2025 14:00,Search Ads,-,No
42501,10-02-2025 03:43,Search Ads,New Product Launch,Yes
34372,11-02-2025 22:04,Social Media,Retargeting,Yes
20300,10-02-2025 23:30,Referral,Brand Awareness,Yes
26763,11-02-2025 00:18,Social Media,Retargeting,No
45652,11-02-2025 08:43,Social Media,New Product Launch,No
64294,11-02-2025 16:31,Email,-,No
98237,10-02-2025 02:48,Direct Traffic,-,Yes
10095,10-02-2025 07:07,Display Ads,Retargeting,Yes
21343,10-02-2025 13:55,Search Ads,Brand Awareness,No
93802,10-02-2025 22:08,Search Ads,Retargeting,No
41641,11-02-2025 03:17,Display Ads,Retargeting,No
25195,10-02-2025 20:30,Display Ads,-,No
53006,11-02-2025 05:45,Direct Traffic,-,Yes
80267,11-02-2025 08:30,Display Ads,New Product Launch,Yes
40950,11-02-2025 17:49,Direct Traffic,-,No
73368,10-02-2025 17:06,Social Media,Discount Offer,No
56075,11-02-2025 12:55,Email,Brand Awareness,Yes
62061,10-02-2025 00:55,Direct Traffic,-,Yes
52335,10-02-2025 16:54,Display Ads,New Product Launch,No
12459,10-02-2025 05:20,Social Media,New Product Launch,Yes
45964,10-02-2025 22:00,Display Ads,Discount Offer,No
56480,11-02-2025 09:58,Display Ads,Retargeting,Yes
19759,10-02-2025 02:32,Direct Traffic,-,Yes
49366,11-02-2025 04:26,Search Ads,Winter Sale,Yes
80631,11-02-2025 15:16,Social Media,New Product Launch,No
17715,11-02-2025 16:16,Email,-,No
62446,11-02-2025 17:40,Email,Discount Offer,Yes
61528,10-02-2025 16:42,Display Ads,-,No
84512,11-02-2025 09:43,Search Ads,Retargeting,No
38481,11-02-2025 05:46,Display Ads,Brand Awareness,Yes
70576,11-02-2025 03:43,Direct Traffic,-,No
20111,11-02-2025 19:21,Display Ads,Discount Offer,Yes
45192,10-02-2025 01:25,Referral,New Product Launch,No
82916,11-02-2025 19:51,Search Ads,Retargeting,No
39364,10-02-2025 06:42,Direct Traffic,-,Yes
58561,11-02-2025 08:47,Direct Traffic,-,Yes
51558,10-02-2025 07:06,Direct Traffic,-,No
98673,11-02-2025 21:10,Display Ads,Winter Sale,Yes
72518,11-02-2025 08:56,Direct Traffic,-,Yes
25725,10-02-2025 21:13,Referral,-,No
50166,11-02-2025 20:22,Display Ads,Winter Sale,Yes
12731,10-02-2025 05:03,Search Ads,Winter Sale,No
36097,11-02-2025 13:14,Display Ads,Winter Sale,Yes
83703,11-02-2025 02:50,Display Ads,Brand Awareness,Yes
90964,11-02-2025 05:39,Referral,Retargeting,Yes
81888,11-02-2025 03:56,Direct Traffic,-,Yes
53220,10-02-2025 09:53,Display Ads,New Product Launch,No
50295,10-02-2025 08:48,Social Media,Winter Sale,No
59390,11-02-2025 18:51,Referral,Winter Sale,No
92370,10-02-2025 07:38,Search Ads,-,No
83712,10-02-2025 13:54,Referral,New Product Launch,Yes
33991,11-02-2025 01:57,Direct Traffic,-,Yes
71036,10-02-2025 15:14,Social Media,-,No
12410,11-02-2025 09:49,Direct Traffic,-,No
10120,11-02-2025 10:21,Direct Traffic,-,No
31889,11-02-2025 18:11,Email,Brand Awareness,No
17634,10-02-2025 15:39,Direct Traffic,-,No
79906,11-02-2025 04:12,Email,-,No
18298,10-02-2025 10:08,Email,-,No
34498,10-02-2025 12:25,Social Media,Discount Offer,Yes
64712,10-02-2025 06:10,Social Media,Brand Awareness,Yes
27925,10-02-2025 19:02,Display Ads,Winter Sale,No
27556,11-02-2025 06:17,Social Media,-,Yes
40965,10-02-2025 04:06,Search Ads,Winter Sale,No
83785,10-02-2025 22:15,Search Ads,Discount Offer,Yes
99318,11-02-2025 07:47,Search Ads,-,Yes
22917,10-02-2025 07:27,Email,Brand Awareness,No
46491,11-02-2025 18:14,Email,Discount Offer,Yes
37648,10-02-2025 01:09,Search Ads,Winter Sale,No
76452,11-02-2025 16:03,Search Ads,New Product Launch,No
32877,10-02-2025 13:52,Search Ads,Retargeting,No
48099,10-02-2025 22:51,Search Ads,Winter Sale,Yes
66881,10-02-2025 01:16,Social Media,Winter Sale,Yes
98517,10-02-2025 06:37,Referral,Discount Offer,No
15555,10-02-2025 20:03,Display Ads,New Product Launch,No
44528,10-02-2025 20:40,Social Media,Retargeting,No
79304,11-02-2025 06:52,Display Ads,Discount Offer,No
40666,10-02-2025 20:31,Social Media,Retargeting,Yes
62061,10-02-2025 08:20,Display Ads,Discount Offer,No
31219,11-02-2025 14:01,Social Media,Winter Sale,No
17611,10-02-2025 21:45,Direct Traffic,-,Yes
23332,10-02-2025 10:30,Direct Traffic,-,No
10518,10-02-2025 18:33,Social Media,Winter Sale,No
50453,10-02-2025 02:47,Referral,Retargeting,No
18492,11-02-2025 06:05,Referral,New Product Launch,No
74763,11-02-2025 03:52,Display Ads,-,Yes
49743,11-02-2025 15:34,Referral,-,Yes
29113,11-02-2025 21:11,Display Ads,Retargeting,No
42353,11-02-2025 08:07,Referral,-,No
48080,10-02-2025 00:01,Direct Traffic,-,No
88859,10-02-2025 23:08,Email,-,No
44167,10-02-2025 05:41,Direct Traffic,-,Yes
74876,11-02-2025 21:48,Search Ads,Retargeting,Yes
97825,11-02-2025 01:46,Referral,Discount Offer,Yes
21255,11-02-2025 10:40,Direct Traffic,-,Yes
85277,11-02-2025 13:15,Display Ads,Winter Sale,Yes
82125,11-02-2025 22:54,Display Ads,Retargeting,No
73566,11-02-2025 13:50,Display Ads,Brand Awareness,No
34310,10-02-2025 19:34,Referral,Brand Awareness,No
31723,11-02-2025 01:39,Email,New Product Launch,Yes
32882,10-02-2025 05:06,Email,New Product Launch,Yes
41612,10-02-2025 03:24,Social Media,Brand Awareness,Yes
91787,10-02-2025 12:54,Direct Traffic,-,No
23747,10-02-2025 00:52,Social Media,Brand Awareness,Yes
82927,11-02-2025 05:02,Direct Traffic,-,Yes
92350,10-02-2025 02:46,Direct Traffic,-,Yes
71570,11-02-2025 14:44,Email,Discount Offer,No
56075,10-02-2025 01:00,Referral,Discount Offer,No
81908,10-02-2025 11:51,Display Ads,-,Yes
35436,10-02-2025 22:57,Referral,New Product Launch,No
42914,10-02-2025 21:48,Display Ads,Retargeting,Yes
43692,11-02-2025 18:52,Display Ads,Winter Sale,No
88316,11-02-2025 12:14,Social Media,Discount Offer,No
25845,10-02-2025 06:01,Email,New Product Launch,Yes
91357,10-02-2025 12:34,Direct Traffic,-,No
89770,11-02-2025 04:22,Direct Traffic,-,Yes
45476,10-02-2025 04:05,Referral,Discount Offer,Yes
23799,10-02-2025 15:37,Referral,New Product Launch,Yes
61019,10-02-2025 23:31,Display Ads,Discount Offer,No
35661,11-02-2025 20:07,Email,Discount Offer,No
92699,10-02-2025 03:04,Referral,Brand Awareness,No
15145,11-02-2025 16:53,Display Ads,-,Yes
37622,10-02-2025 12:51,Search Ads,Winter Sale,Yes
18301,10-02-2025 10:25,Search Ads,Brand Awareness,No
90712,11-02-2025 04:50,Referral,-,No
49735,10-02-2025 00:56,Search Ads,Winter Sale,No
13191,10-02-2025 17:46,Direct Traffic,-,No
57385,10-02-2025 08:10,Referral,-,Yes
94253,11-02-2025 10:39,Direct Traffic,-,Yes
41004,11-02-2025 19:26,Email,Retargeting,Yes
60660,11-02-2025 18:46,Email,Brand Awareness,Yes
42501,10-02-2025 07:01,Referral,Brand Awareness,No
55744,11-02-2025 14:52,Email,Retargeting,No
59482,11-02-2025 06:37,Social Media,New Product Launch,No
37703,10-02-2025 02:22,Social Media,New Product Launch,Yes
82182,10-02-2025 16:39,Display Ads,-,Yes
43033,11-02-2025 15:56,Direct Traffic,-,Yes
10668,10-02-2025 18:19,Direct Traffic,-,Yes
61278,10-02-2025 20:15,Email,-,Yes
96872,11-02-2025 19:34,Direct Traffic,-,Yes
63095,10-02-2025 12:23,Social Media,Retargeting,No
10426,11-02-2025 12:48,Direct Traffic,-,Yes
51871,11-02-2025 09:17,Direct Traffic,-,Yes
78574,10-02-2025 23:57,Referral,Discount Offer,No
23621,10-02-2025 00:41,Referral,Winter Sale,Yes
63551,11-02-2025 22:04,Email,Discount Offer,No
81689,10-02-2025 11:45,Email,Winter Sale,Yes
39713,10-02-2025 06:51,Social Media,New Product Launch,Yes
52553,11-02-2025 14:57,Email,Winter Sale,Yes
64263,10-02-2025 10:15,Social Media,Brand Awareness,No
72389,11-02-2025 01:37,Email,Discount Offer,No
50636,11-02-2025 23:16,Search Ads,Winter Sale,No
67860,11-02-2025 03:34,Social Media,New Product Launch,No
75470,10-02-2025 13:49,Social Media,New Product Launch,No
55980,11-02-2025 23:19,Direct Traffic,-,No
25725,11-02-2025 06:54,Social Media,Brand Awareness,Yes
92914,10-02-2025 08:23,Social Media,Winter Sale,Yes
40090,10-02-2025 02:36,Direct Traffic,-,Yes
44303,11-02-2025 08:47,Referral,Winter Sale,Yes
30274,11-02-2025 16:41,Direct Traffic,-,No
55905,11-02-2025 00:01,Social Media,-,No
92487,10-02-2025 06:05,Search Ads,New Product Launch,No
58481,11-02-2025 14:48,Display Ads,Retargeting,Yes
13428,11-02-2025 12:56,Social Media,Discount Offer,Yes
19792,11-02-2025 21:34,Display Ads,Retargeting,No
68900,11-02-2025 09:33,Referral,New Product Launch,Yes
34608,10-02-2025 02:16,Direct Traffic,-,Yes
31213,11-02-2025 10:40,Search Ads,Winter Sale,No
64705,10-02-2025 23:27,Email,Brand Awareness,No
11611,10-02-2025 20:42,Direct Traffic,-,Yes
19442,11-02-2025 03:28,Referral,Retargeting,No
46055,10-02-2025 20:04,Search Ads,-,No
16302,10-02-2025 11:30,Search Ads,-,No
22811,11-02-2025 21:21,Direct Traffic,-,Yes
75637,11-02-2025 23:59,Display Ads,Brand Awareness,No
54106,10-02-2025 13:03,Search Ads,-,No
57951,10-02-2025 23:24,Email,Winter Sale,No
91904,11-02-2025 21:30,Display Ads,-,No
63781,11-02-2025 19:43,Search Ads,Retargeting,Yes
17074,11-02-2025 20:29,Search Ads,New Product Launch,Yes
58496,11-02-2025 21:57,Direct Traffic,-,Yes
61905,10-02-2025 10:47,Direct Traffic,-,No
55099,10-02-2025 15:36,Direct Traffic,-,Yes
52689,10-02-2025 16:17,Social Media,Retargeting,Yes
45959,10-02-2025 16:15,Email,-,No
74300,11-02-2025 16:33,Display Ads,Winter Sale,Yes
52472,11-02-2025 02:38,Email,Discount Offer,Yes
28511,11-02-2025 10:53,Email,New Product Launch,Yes
87191,11-02-2025 11:20,Email,-,No
58561,10-02-2025 11:36,Display Ads,-,Yes
99147,11-02-2025 20:36,Email,Brand Awareness,Yes
26648,11-02-2025 16:10,Direct Traffic,-,Yes
65259,10-02-2025 16:37,Direct Traffic,-,Yes
17715,11-02-2025 02:58,Social Media,Winter Sale,Yes
10614,11-02-2025 15:09,Search Ads,Winter Sale,No
54334,10-02-2025 22:43,Social Media,Retargeting,No
20400,10-02-2025 16:09,Search Ads,-,No
22743,10-02-2025 09:33,Search Ads,-,No
56476,11-02-2025 14:13,Display Ads,-,Yes
82125,11-02-2025 14:18,Referral,Discount Offer,Yes
23671,10-02-2025 12:43,Referral,Discount Offer,No
85549,10-02-2025 06:52,Display Ads,Brand Awareness,No
47473,11-02-2025 22:22,Email,-,No
82064,10-02-2025 10:15,Social Media,New Product Launch,No
16348,10-02-2025 01:27,Referral,Retargeting,Yes
35830,10-02-2025 14:49,Social Media,-,No
82166,11-02-2025 08:45,Referral,New Product Launch,No
82495,11-02-2025 08:06,Search Ads,Winter Sale,No
29206,11-02-2025 02:39,Email,Discount Offer,No
86216,10-02-2025 21:21,Display Ads,Discount Offer,No
32900,11-02-2025 03:45,Email,New Product Launch,Yes
19364,10-02-2025 20:11,Display Ads,New Product Launch,Yes
95694,11-02-2025 02:45,Display Ads,Winter Sale,No
92974,10-02-2025 09:28,Social Media,Retargeting,Yes
14916,11-02-2025 08:48,Direct Traffic,-,Yes
43787,10-02-2025 00:56,Social Media,Brand Awareness,Yes
24956,11-02-2025 13:02,Referral,Retargeting,No
45892,10-02-2025 01:32,Social Media,Winter Sale,No
36175,10-02-2025 22:08,Email,-,No
43178,10-02-2025 15:56,Direct Traffic,-,Yes
23863,10-02-2025 19:10,Search Ads,Brand Awareness,Yes
42671,10-02-2025 04:54,Display Ads,Brand Awareness,Yes
66408,11-02-2025 07:57,Search Ads,Brand Awareness,No
24956,11-02-2025 00:00,Social Media,Retargeting,No
25524,11-02-2025 22:35,Display Ads,New Product Launch,Yes
60102,11-02-2025 15:47,Search Ads,-,Yes
64528,10-02-2025 00:17,Email,Winter Sale,No
90546,11-02-2025 03:56,Email,-,No
45866,11-02-2025 02:19,Direct Traffic,-,No
31308,10-02-2025 22:32,Social Media,Brand Awareness,No
59787,10-02-2025 08:43,Social Media,Brand Awareness,Yes
42457,11-02-2025 12:26,Display Ads,New Product Launch,No
31185,10-02-2025 21:05,Social Media,-,Yes
27571,10-02-2025 05:23,Referral,Discount Offer,Yes
35216,11-02-2025 07:51,Referral,Brand Awareness,Yes
91772,11-02-2025 00:26,Search Ads,New Product Launch,No
89901,10-02-2025 07:55,Display Ads,Retargeting,Yes
83991,11-02-2025 23:45,Search Ads,Retargeting,Yes
24256,10-02-2025 20:46,Social Media,Brand Awareness,No
13584,11-02-2025 03:12,Display Ads,Retargeting,No
92468,11-02-2025 23:50,Search Ads,Brand Awareness,Yes
85422,11-02-2025 11:31,Search Ads,Retargeting,No
36625,10-02-2025 06:45,Search Ads,-,Yes
31643,11-02-2025 11:46,Direct Traffic,-,Yes
27548,11-02-2025 12:03,Email,-,Yes
61368,10-02-2025 19:30,Referral,Winter Sale,Yes
10925,11-02-2025 10:45,Display Ads,Retargeting,No
57125,10-02-2025 18:55,Direct Traffic,-,Yes
78830,10-02-2025 11:07,Direct Traffic,-,No
40530,11-02-2025 00:02,Display Ads,Retargeting,No
94832,11-02-2025 09:37,Search Ads,-,Yes
16062,10-02-2025 13:28,Email,Retargeting,No
29272,10-02-2025 15:18,Social Media,Discount Offer,Yes
31012,11-02-2025 21:49,Search Ads,Discount Offer,No
31833,10-02-2025 01:17,Social Media,Brand Awareness,Yes
61650,11-02-2025 23:20,Search Ads,New Product Launch,No
28459,10-02-2025 18:25,Social Media,Discount Offer,No
26401,11-02-2025 19:24,Search Ads,Brand Awareness,Yes
70492,10-02-2025 12:15,Display Ads,-,No
79880,10-02-2025 20:26,Social Media,Brand Awareness,No
27513,10-02-2025 12:01,Search Ads,Winter Sale,No
12712,11-02-2025 03:01,Referral,Winter Sale,Yes
45981,11-02-2025 21:47,Direct Traffic,-,No
63471,10-02-2025 01:14,Referral,Retargeting,No
25124,10-02-2025 17:54,Direct Traffic,-,No
40666,11-02-2025 21:55,Email,Retargeting,Yes
58929,11-02-2025 15:28,Social Media,Winter Sale,No
48990,10-02-2025 10:29,Direct Traffic,-,Yes
64157,11-02-2025 11:31,Search Ads,New Product Launch,Yes
14916,10-02-2025 23:53,Search Ads,New Product Launch,Yes
94486,11-02-2025 21:23,Email,Retargeting,Yes
64870,10-02-2025 18:55,Search Ads,Winter Sale,No
80938,10-02-2025 14:22,Social Media,-,Yes
51068,10-02-2025 00:59,Social Media,Discount Offer,Yes
96454,10-02-2025 12:38,Email,Discount Offer,No
37708,11-02-2025 04:05,Email,Retargeting,No
45368,10-02-2025 08:20,Direct Traffic,-,No
37055,11-02-2025 17:35,Referral,Discount Offer,Yes
48099,10-02-2025 21:06,Display Ads,Winter Sale,Yes
82774,11-02-2025 04:27,Search Ads,Winter Sale,No
25294,10-02-2025 11:43,Social Media,Brand Awareness,Yes
28268,11-02-2025 04:32,Email,Retargeting,Yes
18572,10-02-2025 00:27,Email,Retargeting,Yes
44833,11-02-2025 03:14,Direct Traffic,-,Yes
98208,11-02-2025 05:58,Email,-,No
36676,10-02-2025 23:47,Email,-,Yes
21255,11-02-2025 17:29,Direct Traffic,-,Yes
86414,10-02-2025 17:54,Social Media,Retargeting,No
40350,11-02-2025 23:52,Direct Traffic,-,No
16075,10-02-2025 13:13,Social Media,New Product Launch,Yes
43767,11-02-2025 11:11,Direct Traffic,-,No
17566,10-02-2025 17:09,Email,Retargeting,No
76940,11-02-2025 02:54,Referral,-,No
65514,11-02-2025 15:58,Social Media,New Product Launch,No
35980,11-02-2025 18:47,Referral,-,Yes
57125,11-02-2025 12:38,Referral,Winter Sale,Yes
80324,10-02-2025 03:24,Social Media,Brand Awareness,No
31012,11-02-2025 22:44,Email,-,Yes
68762,10-02-2025 14:54,Search Ads,New Product Launch,No
80623,11-02-2025 15:53,Email,New Product Launch,Yes
16785,11-02-2025 07:19,Email,Winter Sale,No
81974,10-02-2025 08:35,Display Ads,Discount Offer,Yes
10045,11-02-2025 18:44,Display Ads,New Product Launch,Yes
30521,10-02-2025 15:43,Email,New Product Launch,Yes
98738,10-02-2025 08:12,Referral,Retargeting,No
64703,11-02-2025 00:21,Direct Traffic,-,No
60844,10-02-2025 20:01,Direct Traffic,-,No
20300,10-02-2025 14:21,Referral,New Product Launch,No
96934,10-02-2025 18:18,Search Ads,Brand Awareness,No
59482,11-02-2025 11:50,Direct Traffic,-,No
82259,11-02-2025 13:08,Referral,Discount Offer,No
11233,11-02-2025 08:04,Referral,Brand Awareness,No
74464,10-02-2025 11:53,Email,Winter Sale,No
25104,10-02-2025 18:08,Email,Discount Offer,Yes
10202,10-02-2025 13:33,Social Media,Retargeting,Yes
29844,10-02-2025 01:02,Email,Winter Sale,No
28721,10-02-2025 23:42,Search Ads,Winter Sale,No
83481,11-02-2025 11:29,Display Ads,Winter Sale,Yes
23486,11-02-2025 17:05,Display Ads,Retargeting,Yes
51813,11-02-2025 03:00,Email,Winter Sale,Yes
17769,11-02-2025 15:09,Social Media,Discount Offer,Yes
93193,11-02-2025 22:50,Referral,-,Yes
76303,11-02-2025 16:59,Social Media,Brand Awareness,No
46342,11-02-2025 04:10,Direct Traffic,-,Yes
39795,11-02-2025 02:46,Search Ads,Winter Sale,No
15596,10-02-2025 13:11,Email,-,Yes
52328,11-02-2025 23:02,Direct Traffic,-,Yes
49518,10-02-2025 05:54,Email,New Product Launch,No
88258,10-02-2025 13:27,Search Ads,Brand Awareness,Yes
75293,10-02-2025 17:08,Social Media,Discount Offer,No
84203,10-02-2025 15:50,Display Ads,-,No
43930,11-02-2025 14:09,Direct Traffic,-,Yes
52236,10-02-2025 08:59,Search Ads,Brand Awareness,No
49073,11-02-2025 09:01,Social Media,New Product Launch,Yes
48649,11-02-2025 06:49,Social Media,Brand Awareness,No
62905,10-02-2025 04:39,Referral,New Product Launch,Yes
20916,11-02-2025 18:26,Referral,Discount Offer,Yes
47391,11-02-2025 20:59,Referral,-,Yes
94816,11-02-2025 00:53,Display Ads,Retargeting,No
74984,11-02-2025 21:16,Search Ads,New Product Launch,Yes
63990,11-02-2025 01:49,Email,New Product Launch,No
76871,10-02-2025 17:12,Social Media,New Product Launch,No
88357,10-02-2025 19:19,Email,Discount Offer,Yes
15208,11-02-2025 10:22,Search Ads,New Product Launch,Yes
22931,10-02-2025 03:13,Direct Traffic,-,Yes
50281,11-02-2025 23:21,Search Ads,Retargeting,Yes
52520,10-02-2025 16:45,Display Ads,-,Yes
65026,10-02-2025 17:25,Email,Winter Sale,No
29164,11-02-2025 14:35,Referral,Discount Offer,No
82427,10-02-2025 02:03,Display Ads,New Product Launch,Yes
10919,10-02-2025 14:14,Referral,Brand Awareness,No
35409,10-02-2025 08:50,Search Ads,New Product Launch,Yes
26648,11-02-2025 11:42,Email,Winter Sale,Yes
37051,10-02-2025 12:13,Referral,Retargeting,No
28623,11-02-2025 12:15,Direct Traffic,-,Yes
22861,11-02-2025 05:35,Referral,Retargeting,Yes
66414,11-02-2025 14:22,Search Ads,Winter Sale,No
40517,11-02-2025 16:01,Direct Traffic,-,Yes
64113,10-02-2025 22:29,Search Ads,Retargeting,No
61594,11-02-2025 08:03,Direct Traffic,-,Yes
52689,11-02-2025 01:31,Email,Winter Sale,Yes
36457,11-02-2025 09:39,Social Media,Brand Awareness,Yes
51057,10-02-2025 00:37,Search Ads,Winter Sale,Yes
28919,11-02-2025 19:47,Referral,New Product Launch,No
51640,11-02-2025 15:46,Social Media,Retargeting,No
17126,11-02-2025 13:17,Display Ads,Discount Offer,No
64153,11-02-2025 19:48,Social Media,-,Yes
13480,10-02-2025 21:16,Social Media,New Product Launch,Yes
49375,11-02-2025 17:54,Display Ads,Brand Awareness,Yes
65453,10-02-2025 09:46,Email,Winter Sale,No
54010,11-02-2025 16:15,Search Ads,Winter Sale,Yes
34192,10-02-2025 10:34,Search Ads,Discount Offer,Yes
17714,11-02-2025 08:55,Email,New Product Launch,Yes
72815,11-02-2025 03:09,Search Ads,Discount Offer,Yes
44859,10-02-2025 18:34,Search Ads,Retargeting,Yes
16561,11-02-2025 04:55,Email,Brand Awareness,No
18582,10-02-2025 09:05,Direct Traffic,-,No
65383,10-02-2025 23:12,Social Media,Discount Offer,Yes
62471,11-02-2025 20:52,Email,Winter Sale,No
36457,10-02-2025 18:22,Display Ads,New Product Launch,No
54016,10-02-2025 02:27,Referral,-,No
62697,10-02-2025 02:28,Referral,New Product Launch,No
47085,10-02-2025 05:30,Search Ads,Retargeting,Yes
47391,11-02-2025 01:29,Search Ads,Retargeting,No
30607,10-02-2025 10:13,Social Media,New Product Launch,Yes
31213,11-02-2025 16:14,Search Ads,Winter Sale,Yes
80527,11-02-2025 15:35,Email,Retargeting,No
30664,10-02-2025 09:00,Email,Discount Offer,Yes
75637,10-02-2025 01:49,Referral,New Product Launch,No
79019,10-02-2025 10:32,Search Ads,Winter Sale,Yes
75250,11-02-2025 08:38,Search Ads,-,No
46954,11-02-2025 01:35,Display Ads,Winter Sale,No
34372,10-02-2025 09:40,Email,-,No
29809,10-02-2025 11:41,Display Ads,Brand Awareness,Yes
44994,10-02-2025 11:50,Search Ads,New Product Launch,Yes
87606,11-02-2025 09:33,Referral,New Product Launch,No
68585,10-02-2025 20:52,Display Ads,Discount Offer,Yes
60001,11-02-2025 09:45,Email,Retargeting,Yes
18618,10-02-2025 10:30,Display Ads,Brand Awareness,Yes
44397,11-02-2025 20:14,Social Media,Winter Sale,No
21484,11-02-2025 12:37,Social Media,Winter Sale,No
88072,11-02-2025 23:21,Email,Discount Offer,Yes
39287,11-02-2025 15:28,Referral,Retargeting,No
90322,10-02-2025 00:49,Display Ads,New Product Launch,No
56075,11-02-2025 09:15,Direct Traffic,-,No
11209,10-02-2025 23:08,Direct Traffic,-,No
30651,10-02-2025 18:58,Email,Discount Offer,No
76909,10-02-2025 11:44,Direct Traffic,-,Yes
58113,10-02-2025 03:22,Email,Winter Sale,No
31021,11-02-2025 20:01,Direct Traffic,-,No
51664,11-02-2025 14:48,Display Ads,Discount Offer,Yes
75302,11-02-2025 16:16,Social Media,New Product Launch,Yes
82610,11-02-2025 12:22,Direct Traffic,-,No
38468,11-02-2025 19:16,Direct Traffic,-,No
80892,10-02-2025 19:23,Referral,-,No
26622,10-02-2025 17:11,Email,-,Yes
52472,10-02-2025 20:29,Email,Winter Sale,Yes
23449,11-02-2025 17:55,Display Ads,Winter Sale,No
73105,10-02-2025 05:33,Referral,New Product Launch,No
24452,11-02-2025 08:38,Referral,New Product Launch,Yes
29368,10-02-2025 02:22,Search Ads,-,Yes
12410,10-02-2025 19:11,Social Media,Retargeting,No
64147,10-02-2025 15:48,Direct Traffic,-,Yes
61234,10-02-2025 22:35,Display Ads,Discount Offer,Yes
42671,11-02-2025 14:27,Search Ads,Retargeting,No
29238,11-02-2025 15:38,Social Media,Discount Offer,No
61828,10-02-2025 04:10,Referral,Retargeting,No
92799,10-02-2025 23:47,Social Media,-,No
25687,10-02-2025 05:52,Referral,Brand Awareness,Yes
29109,11-02-2025 22:42,Referral,Discount Offer,Yes
30274,11-02-2025 08:34,Search Ads,Winter Sale,Yes
71655,10-02-2025 19:30,Display Ads,Winter Sale,Yes
41641,11-02-2025 11:21,Social Media,New Product Launch,Yes
45964,10-02-2025 11:02,Search Ads,Brand Awareness,No
69781,11-02-2025 01:00,Social Media,New Product Launch,No
20594,10-02-2025 07:43,Direct Traffic,-,No
17761,11-02-2025 16:47,Referral,-,Yes
57951,11-02-2025 16:45,Display Ads,Brand Awareness,Yes
57943,11-02-2025 03:01,Search Ads,Brand Awareness,No
77873,11-02-2025 09:07,Social Media,-,No
65726,11-02-2025 15:12,Search Ads,Brand Awareness,No
55756,11-02-2025 22:33,Email,Winter Sale,No
51813,11-02-2025 05:13,Email,Brand Awareness,Yes
52609,11-02-2025 02:00,Referral,Brand Awareness,No
52320,11-02-2025 03:57,Referral,Winter Sale,No
24025,11-02-2025 07:52,Search Ads,Retargeting,Yes
74534,10-02-2025 05:12,Search Ads,Brand Awareness,No
28751,10-02-2025 09:31,Email,New Product Launch,No
86824,11-02-2025 01:33,Search Ads,New Product Launch,Yes
15176,11-02-2025 08:18,Referral,New Product Launch,No
28567,10-02-2025 21:01,Email,-,No
17702,11-02-2025 03:10,Email,New Product Launch,Yes
21910,10-02-2025 00:21,Social Media,Retargeting,No
79969,11-02-2025 11:13,Direct Traffic,-,No
54278,10-02-2025 18:55,Referral,Retargeting,No
41612,11-02-2025 04:15,Social Media,Retargeting,Yes
17133,10-02-2025 21:14,Email,Winter Sale,Yes
35107,10-02-2025 08:29,Email,New Product Launch,Yes
13186,10-02-2025 19:18,Email,New Product Launch,No
35961,11-02-2025 03:12,Search Ads,Winter Sale,Yes
81212,10-02-2025 21:45,Email,New Product Launch,No
37903,11-02-2025 06:21,Search Ads,Discount Offer,No
67454,11-02-2025 13:58,Display Ads,New Product Launch,Yes
41411,11-02-2025 22:59,Social Media,Retargeting,Yes
98418,10-02-2025 21:42,Social Media,Brand Awareness,Yes
17611,11-02-2025 21:18,Direct Traffic,-,No
11416,10-02-2025 07:28,Referral,Discount Offer,No
80904,10-02-2025 12:04,Direct Traffic,-,Yes
28400,10-02-2025 18:06,Direct Traffic,-,Yes
49789,10-02-2025 04:00,Social Media,Brand Awareness,Yes
28144,11-02-2025 02:59,Direct Traffic,-,Yes
15105,11-02-2025 07:23,Referral,Retargeting,Yes
15145,11-02-2025 07:33,Referral,Discount Offer,No
75137,11-02-2025 15:11,Direct Traffic,-,No
61462,10-02-2025 02:03,Direct Traffic,-,No
37002,10-02-2025 13:41,Referral,Winter Sale,No
44859,10-02-2025 10:08,Search Ads,-,No
88859,10-02-2025 18:19,Search Ads,New Product Launch,Yes
55333,11-02-2025 20:15,Display Ads,Winter Sale,No
30989,10-02-2025 02:20,Search Ads,New Product Launch,Yes
49661,10-02-2025 04:14,Email,Discount Offer,Yes
77286,10-02-2025 03:27,Referral,Retargeting,Yes
52335,10-02-2025 15:28,Search Ads,New Product Launch,No
31901,11-02-2025 23:21,Social Media,Retargeting,Yes
46442,11-02-2025 14:46,Referral,-,No
88515,11-02-2025 06:09,Display Ads,-,Yes
83993,10-02-2025 05:43,Search Ads,Brand Awareness,No
34395,11-02-2025 01:50,Social Media,New Product Launch,No
54334,11-02-2025 13:35,Search Ads,-,No
68571,10-02-2025 04:34,Display Ads,New Product Launch,No
71827,11-02-2025 00:19,Social Media,Winter Sale,No
16348,11-02-2025 17:43,Direct Traffic,-,Yes
32402,10-02-2025 16:49,Direct Traffic,-,Yes
45812,11-02-2025 12:25,Search Ads,-,Yes
40011,10-02-2025 10:19,Social Media,New Product Launch,No
83923,11-02-2025 11:29,Referral,Winter Sale,Yes
13004,11-02-2025 05:50,Referral,Winter Sale,Yes
60156,10-02-2025 00:23,Display Ads,Winter Sale,No
19400,10-02-2025 17:32,Direct Traffic,-,Yes
82505,11-02-2025 09:00,Email,Retargeting,No
76240,10-02-2025 05:12,Social Media,Winter Sale,Yes
37622,11-02-2025 11:40,Referral,New Product Launch,Yes
59110,10-02-2025 08:01,Email,New Product Launch,No
21537,11-02-2025 05:36,Direct Traffic,-,No
72842,10-02-2025 20:11,Search Ads,Brand Awareness,Yes
58938,11-02-2025 07:45,Referral,New Product Launch,Yes
33578,10-02-2025 07:53,Display Ads,Retargeting,No
30675,10-02-2025 18:26,Display Ads,Brand Awareness,Yes
25104,11-02-2025 23:57,Direct Traffic,-,No
39400,11-02-2025 04:26,Direct Traffic,-,No
81406,10-02-2025 06:46,Email,Winter Sale,Yes
67253,10-02-2025 08:21,Social Media,Retargeting,No
24251,11-02-2025 15:52,Email,New Product Launch,No
14668,10-02-2025 11:16,Search Ads,Discount Offer,Yes
37610,10-02-2025 06:52,Social Media,Brand Awareness,No
84773,11-02-2025 02:44,Display Ads,Retargeting,No
75656,11-02-2025 01:15,Social Media,Winter Sale,No
46827,11-02-2025 08:24,Direct Traffic,-,No
92201,10-02-2025 02:43,Search Ads,Winter Sale,No
85309,11-02-2025 20:30,Email,Winter Sale,Yes
50839,10-02-2025 18:18,Email,Winter Sale,No
24212,10-02-2025 09:43,Referral,Retargeting,Yes
91357,10-02-2025 07:05,Direct Traffic,-,No
76358,10-02-2025 01:44,Display Ads,Retargeting,Yes
26670,11-02-2025 07:13,Social Media,Discount Offer,Yes
89214,11-02-2025 20:47,Referral,New Product Launch,No
45652,10-02-2025 12:15,Referral,Retargeting,No
16713,10-02-2025 06:38,Social Media,Discount Offer,No
30155,11-02-2025 12:21,Search Ads,Discount Offer,Yes
85470,10-02-2025 19:52,Social Media,Winter Sale,Yes
41115,10-02-2025 21:14,Social Media,-,Yes
88027,11-02-2025 11:26,Direct Traffic,-,Yes
42457,11-02-2025 18:25,Search Ads,Discount Offer,No
74913,10-02-2025 04:06,Display Ads,Discount Offer,No
19388,10-02-2025 15:55,Search Ads,Brand Awareness,Yes
80097,10-02-2025 14:18,Social Media,Discount Offer,Yes
64528,11-02-2025 13:41,Social Media,New Product Launch,Yes
35789,10-02-2025 00:44,Display Ads,Winter Sale,No
52520,11-02-2025 15:50,Display Ads,Brand Awareness,No
77873,11-02-2025 21:29,Display Ads,Brand Awareness,No
85375,10-02-2025 05:24,Display Ads,Brand Awareness,Yes
97446,11-02-2025 03:09,Display Ads,New Product Launch,No
74300,10-02-2025 09:52,Social Media,Winter Sale,Yes
63243,11-02-2025 21:11,Referral,Brand Awareness,Yes
30026,11-02-2025 20:33,Referral,New Product Launch,No
75470,11-02-2025 05:35,Search Ads,Winter Sale,No
58510,11-02-2025 15:05,Search Ads,Retargeting,No
75700,11-02-2025 07:54,Direct Traffic,-,No
21255,11-02-2025 17:09,Display Ads,Discount Offer,Yes
33601,10-02-2025 08:21,Email,-,No
89793,11-02-2025 15:55,Search Ads,Retargeting,Yes
61426,11-02-2025 11:32,Direct Traffic,-,Yes
72040,11-02-2025 07:19,Social Media,Brand Awareness,No
53859,11-02-2025 03:27,Search Ads,Retargeting,Yes
50501,11-02-2025 13:50,Display Ads,-,Yes
41573,10-02-2025 07:14,Direct Traffic,-,Yes
56480,11-02-2025 00:16,Direct Traffic,-,No
74381,10-02-2025 03:27,Direct Traffic,-,Yes
44535,10-02-2025 15:35,Referral,Winter Sale,No
30299,10-02-2025 02:47,Email,Discount Offer,No
26511,10-02-2025 00:51,Email,Retargeting,Yes
24251,11-02-2025 18:43,Referral,Retargeting,Yes
48700,11-02-2025 00:17,Search Ads,Discount Offer,No
69351,10-02-2025 04:43,Direct Traffic,-,Yes
71979,11-02-2025 12:42,Search Ads,Brand Awareness,No
39321,11-02-2025 14:58,Email,Brand Awareness,No
66139,11-02-2025 14:51,Search Ads,New Product Launch,No
17702,10-02-2025 07:48,Display Ads,Discount Offer,Yes
49847,11-02-2025 18:20,Referral,Discount Offer,No
22743,10-02-2025 14:06,Search Ads,Brand Awareness,No
20594,11-02-2025 20:56,Social Media,-,Yes
56652,11-02-2025 02:50,Referral,-,No
76541,11-02-2025 07:49,Email,Discount Offer,No
67074,10-02-2025 20:20,Direct Traffic,-,No
25790,10-02-2025 13:46,Display Ads,Discount Offer,Yes
64747,11-02-2025 04:22,Referral,Winter Sale,Yes
36135,11-02-2025 07:58,Referral,Brand Awareness,Yes
34649,11-02-2025 13:21,Display Ads,Discount Offer,No
22755,10-02-2025 21:30,Display Ads,Discount Offer,Yes
22863,11-02-2025 06:15,Social Media,-,Yes
21401,11-02-2025 23:19,Email,Winter Sale,No
25810,10-02-2025 05:50,Direct Traffic,-,Yes
25524,10-02-2025 17:30,Email,Brand Awareness,No
30280,10-02-2025 03:30,Direct Traffic,-,No
50311,11-02-2025 00:23,Social Media,Discount Offer,No
99065,10-02-2025 15:46,Referral,-,No
38822,11-02-2025 13:30,Referral,New Product Launch,No
79091,10-02-2025 21:12,Social Media,New Product Launch,No
12248,11-02-2025 09:17,Referral,New Product Launch,No
14386,10-02-2025 00:48,Referral,Discount Offer,Yes
46988,11-02-2025 06:24,Direct Traffic,-,Yes
48237,11-02-2025 21:19,Referral,-,Yes
41454,11-02-2025 01:55,Social Media,New Product Launch,No
54766,10-02-2025 06:01,Social Media,Retargeting,Yes
27666,11-02-2025 02:32,Search Ads,-,No
89367,11-02-2025 13:34,Referral,New Product Launch,Yes
32299,10-02-2025 03:30,Display Ads,Retargeting,No
28985,11-02-2025 06:56,Email,-,Yes
95590,11-02-2025 09:42,Referral,New Product Launch,Yes
54395,10-02-2025 05:51,Display Ads,New Product Launch,Yes
76452,11-02-2025 15:26,Search Ads,Discount Offer,No
55513,10-02-2025 10:38,Direct Traffic,-,No
29031,11-02-2025 21:17,Email,-,No
80474,11-02-2025 05:13,Search Ads,Winter Sale,Yes
47781,10-02-2025 20:42,Email,Brand Awareness,Yes
77831,10-02-2025 14:33,Direct Traffic,-,Yes
56987,11-02-2025 10:05,Display Ads,Brand Awareness,No
88112,10-02-2025 04:23,Referral,New Product Launch,No
86091,10-02-2025 23:27,Social Media,New Product Launch,Yes
35756,11-02-2025 16:08,Display Ads,Brand Awareness,No
31273,10-02-2025 22:44,Referral,Retargeting,Yes
51319,11-02-2025 05:50,Direct Traffic,-,No
88187,10-02-2025 16:52,Display Ads,-,No
11801,11-02-2025 07:54,Social Media,Winter Sale,Yes
33499,11-02-2025 13:52,Email,Winter Sale,Yes
39702,11-02-2025 04:00,Search Ads,Retargeting,No
40368,10-02-2025 08:40,Email,Brand Awareness,No
59461,11-02-2025 03:19,Email,Retargeting,No
63781,10-02-2025 06:20,Social Media,Retargeting,Yes
94816,11-02-2025 19:04,Social Media,Brand Awareness,Yes
25874,11-02-2025 09:15,Display Ads,Winter Sale,No
59425,10-02-2025 22:53,Display Ads,Winter Sale,Yes
35324,11-02-2025 01:48,Display Ads,-,Yes
37332,11-02-2025 17:59,Display Ads,New Product Launch,No
66986,11-02-2025 23:55,Referral,-,Yes
41641,10-02-2025 11:36,Search Ads,Winter Sale,No
16621,11-02-2025 19:38,Search Ads,-,Yes
73999,10-02-2025 04:28,Social Media,-,Yes
47795,10-02-2025 02:04,Search Ads,Winter Sale,No
22743,10-02-2025 13:29,Email,Retargeting,Yes
40968,10-02-2025 04:22,Display Ads,New Product Launch,No
46911,11-02-2025 14:54,Display Ads,-,No
91390,11-02-2025 18:06,Email,Winter Sale,Yes
95511,10-02-2025 23:13,Display Ads,-,Yes
12350,11-02-2025 12:54,Display Ads,Brand Awareness,No
59109,10-02-2025 13:18,Direct Traffic,-,Yes
40164,11-02-2025 18:38,Referral,Retargeting,Yes
95745,10-02-2025 00:53,Social Media,Discount Offer,Yes
11661,11-02-2025 09:33,Search Ads,New Product Launch,No
77908,11-02-2025 21:31,Social Media,Discount Offer,Yes
14036,10-02-2025 14:03,Referral,-,Yes
40517,10-02-2025 20:12,Email,New Product Launch,No
94229,10-02-2025 15:03,Referral,New Product Launch,No
48649,11-02-2025 05:53,Search Ads,New Product Launch,No
50905,10-02-2025 09:31,Display Ads,Retargeting,No
39770,10-02-2025 00:57,Email,Retargeting,No
17981,10-02-2025 19:07,Search Ads,Brand Awareness,Yes
44778,11-02-2025 19:34,Referral,Winter Sale,Yes
18280,11-02-2025 18:37,Referral,Winter Sale,Yes
71094,10-02-2025 21:37,Direct Traffic,-,No
91679,10-02-2025 18:22,Email,Winter Sale,Yes
68838,11-02-2025 20:29,Email,Brand Awareness,No
47152,10-02-2025 13:49,Social Media,New Product Launch,No
81168,11-02-2025 03:24,Social Media,Winter Sale,Yes
88425,10-02-2025 04:10,Search Ads,-,No
13687,10-02-2025 06:25,Social Media,New Product Launch,Yes
76584,10-02-2025 09:12,Direct Traffic,-,No
63192,11-02-2025 21:52,Social Media,Brand Awareness,Yes
20098,11-02-2025 08:44,Search Ads,Retargeting,No
27556,10-02-2025 16:37,Email,Discount Offer,Yes
91886,10-02-2025 16:33,Display Ads,Retargeting,No
82764,10-02-2025 00:37,Referral,Retargeting,No
78168,11-02-2025 06:19,Referral,Discount Offer,Yes
82166,11-02-2025 02:32,Email,Discount Offer,Yes
80967,10-02-2025 19:36,Social Media,-,Yes
76541,11-02-2025 20:37,Display Ads,Retargeting,No
37621,10-02-2025 04:56,Social Media,Brand Awareness,No
88984,10-02-2025 00:51,Social Media,-,No
16004,11-02-2025 09:17,Email,Discount Offer,Yes
29505,10-02-2025 20:12,Display Ads,Winter Sale,Yes
86014,10-02-2025 03:36,Social Media,Discount Offer,Yes
23863,11-02-2025 06:47,Social Media,Retargeting,No
64037,11-02-2025 14:40,Social Media,-,No
62101,11-02-2025 11:30,Referral,Winter Sale,Yes
15152,10-02-2025 16:18,Display Ads,Brand Awareness,Yes
19400,10-02-2025 19:08,Referral,Retargeting,Yes
97127,11-02-2025 02:46,Search Ads,Retargeting,No
18587,11-02-2025 18:14,Display Ads,Brand Awareness,No
28587,10-02-2025 04:48,Display Ads,Brand Awareness,Yes
86216,10-02-2025 13:59,Direct Traffic,-,Yes
44833,11-02-2025 17:44,Email,Winter Sale,Yes
25633,11-02-2025 21:21,Referral,New Product Launch,No
87153,11-02-2025 08:34,Email,Retargeting,Yes
90897,11-02-2025 06:46,Search Ads,Retargeting,No
55894,11-02-2025 19:14,Display Ads,Retargeting,Yes
51068,11-02-2025 07:14,Display Ads,Brand Awareness,No
37055,11-02-2025 15:42,Search Ads,Winter Sale,No
80549,10-02-2025 18:28,Email,Discount Offer,No
72379,11-02-2025 04:48,Email,Brand Awareness,No
13528,10-02-2025 19:26,Social Media,Discount Offer,Yes
80202,11-02-2025 18:00,Referral,Winter Sale,No
61285,10-02-2025 15:28,Direct Traffic,-,No
80623,11-02-2025 07:29,Display Ads,-,No
59787,10-02-2025 15:49,Social Media,New Product Launch,No
64713,10-02-2025 22:02,Email,Discount Offer,Yes
81908,11-02-2025 07:54,Direct Traffic,-,No
43759,10-02-2025 20:16,Email,-,No
95772,10-02-2025 19:23,Social Media,Retargeting,No
32344,11-02-2025 20:17,Display Ads,Winter Sale,Yes
26918,11-02-2025 09:57,Email,-,No
28194,10-02-2025 13:54,Referral,Winter Sale,No
36005,10-02-2025 23:45,Social Media,New Product Launch,Yes
75302,10-02-2025 23:36,Email,New Product Launch,No
34498,10-02-2025 02:58,Search Ads,Retargeting,No
75804,11-02-2025 23:22,Referral,New Product Launch,Yes
61331,10-02-2025 18:47,Search Ads,New Product Launch,Yes
65514,10-02-2025 05:21,Display Ads,Discount Offer,No
69137,11-02-2025 20:18,Social Media,Discount Offer,Yes
34693,11-02-2025 06:53,Direct Traffic,-,No
97201,11-02-2025 01:41,Social Media,-,Yes
36097,10-02-2025 15:43,Social Media,Winter Sale,Yes
26664,11-02-2025 22:40,Referral,Brand Awareness,Yes
29837,10-02-2025 20:18,Direct Traffic,-,Yes
42325,11-02-2025 11:19,Social Media,Discount Offer,Yes
57141,11-02-2025 14:16,Display Ads,Brand Awareness,No
69781,10-02-2025 15:06,Social Media,Discount Offer,No
41874,10-02-2025 06:07,Direct Traffic,-,No
26189,10-02-2025 06:58,Email,Brand Awareness,Yes
22475,11-02-2025 20:10,Referral,Winter Sale,No
59611,10-02-2025 04:23,Direct Traffic,-,Yes
83489,11-02-2025 06:21,Search Ads,Discount Offer,No
95303,10-02-2025 09:12,Display Ads,Retargeting,No
95511,10-02-2025 08:11,Search Ads,Winter Sale,Yes
45681,11-02-2025 10:02,Direct Traffic,-,Yes
56855,11-02-2025 21:23,Display Ads,New Product Launch,Yes
45340,10-02-2025 15:24,Email,Retargeting,Yes
67765,10-02-2025 04:48,Social Media,Retargeting,No
36215,11-02-2025 13:10,Search Ads,Retargeting,Yes
69737,10-02-2025 14:30,Referral,New Product Launch,Yes
62615,11-02-2025 22:12,Referral,-,No
62107,10-02-2025 01:55,Direct Traffic,-,Yes
63709,11-02-2025 13:56,Direct Traffic,-,Yes
56125,10-02-2025 03:27,Direct Traffic,-,No
45315,11-02-2025 01:23,Email,Winter Sale,Yes
43460,11-02-2025 04:43,Email,Brand Awareness,No
39588,11-02-2025 08:46,Display Ads,Discount Offer,No
23031,11-02-2025 16:54,Display Ads,Discount Offer,Yes
73654,10-02-2025 09:34,Direct Traffic,-,No
11661,10-02-2025 02:17,Search Ads,Retargeting,Yes
96740,11-02-2025 12:22,Email,Discount Offer,Yes
34300,10-02-2025 09:29,Email,Retargeting,Yes
78420,11-02-2025 21:34,Search Ads,Brand Awareness,No
89095,11-02-2025 03:01,Display Ads,-,Yes
15259,10-02-2025 03:28,Referral,-,Yes
32839,10-02-2025 10:48,Direct Traffic,-,Yes
45564,10-02-2025 18:27,Display Ads,Winter Sale,Yes
44882,10-02-2025 19:33,Email,Retargeting,No
98219,11-02-2025 19:34,Email,Brand Awareness,Yes
80202,10-02-2025 04:46,Direct Traffic,-,Yes
16893,10-02-2025 23:03,Search Ads,Retargeting,No
51437,11-02-2025 23:42,Email,Retargeting,No
98310,10-02-2025 14:54,Social Media,-,No
42580,11-02-2025 15:55,Referral,Brand Awareness,Yes
25524,10-02-2025 06:04,Social Media,Discount Offer,Yes
27506,11-02-2025 09:58,Direct Traffic,-,Yes
29877,11-02-2025 12:32,Display Ads,New Product Launch,Yes
31133,10-02-2025 14:02,Search Ads,Discount Offer,No
69090,10-02-2025 15:35,Direct Traffic,-,Yes
68998,10-02-2025 21:21,Display Ads,-,No
18280,11-02-2025 01:48,Display Ads,New Product Launch,Yes
39795,11-02-2025 04:45,Referral,New Product Launch,No
46342,11-02-2025 11:44,Display Ads,Discount Offer,Yes
31126,11-02-2025 10:32,Email,Discount Offer,Yes
37659,11-02-2025 20:41,Display Ads,Discount Offer,Yes
22861,11-02-2025 04:40,Display Ads,Discount Offer,Yes
79796,11-02-2025 15:38,Email,-,Yes
89362,10-02-2025 02:33,Direct Traffic,-,Yes
88316,11-02-2025 14:38,Social Media,Discount Offer,Yes
75405,10-02-2025 09:11,Display Ads,-,Yes
22931,11-02-2025 13:47,Email,-,Yes
56219,10-02-2025 03:39,Search Ads,-,Yes
90701,11-02-2025 21:33,Search Ads,Discount Offer,Yes
50295,11-02-2025 03:24,Direct Traffic,-,No
37386,10-02-2025 15:51,Email,New Product Launch,Yes
15239,11-02-2025 01:20,Social Media,Winter Sale,No
76732,10-02-2025 09:29,Search Ads,Discount Offer,Yes
28268,11-02-2025 14:09,Referral,Discount Offer,Yes
34935,11-02-2025 22:08,Email,Winter Sale,No
90047,11-02-2025 06:33,Email,Brand Awareness,No
69202,10-02-2025 21:13,Social Media,New Product Launch,Yes
53859,11-02-2025 20:09,Search Ads,Brand Awareness,Yes
88859,10-02-2025 13:03,Social Media,Winter Sale,Yes
29834,10-02-2025 14:56,Social Media,Brand Awareness,Yes
81689,10-02-2025 00:11,Display Ads,New Product Launch,No
59319,11-02-2025 12:48,Email,Discount Offer,Yes
25294,10-02-2025 22:35,Display Ads,Winter Sale,No
45315,11-02-2025 21:54,Referral,-,Yes
64712,11-02-2025 18:53,Social Media,New Product Launch,Yes
16270,11-02-2025 18:59,Email,Brand Awareness,No
65497,11-02-2025 01:32,Referral,New Product Launch,No
86886,10-02-2025 13:25,Referral,Winter Sale,Yes
84915,10-02-2025 01:17,Email,-,No
23463,11-02-2025 12:12,Referral,Retargeting,Yes
68071,10-02-2025 10:42,Email,-,Yes
40530,11-02-2025 07:47,Search Ads,Brand Awareness,Yes
43052,10-02-2025 14:33,Email,Winter Sale,No
71570,10-02-2025 15:20,Referral,-,No
25547,11-02-2025 05:28,Direct Traffic,-,No
32052,11-02-2025 05:15,Social Media,Retargeting,Yes
85197,11-02-2025 20:29,Email,Brand Awareness,Yes
36393,11-02-2025 17:44,Email,-,Yes
43373,10-02-2025 15:51,Referral,Winter Sale,Yes
47452,10-02-2025 13:22,Email,Winter Sale,No
45368,11-02-2025 19:15,Social Media,Winter Sale,No
37162,11-02-2025 12:46,Referral,Winter Sale,Yes
35456,10-02-2025 05:06,Email,-,Yes
33578,11-02-2025 00:19,Email,Winter Sale,No
76871,10-02-2025 13:08,Direct Traffic,-,No
35006,11-02-2025 10:06,Referral,Retargeting,Yes
94024,10-02-2025 10:55,Referral,Winter Sale,Yes
44272,11-02-2025 14:05,Display Ads,Winter Sale,Yes
29505,10-02-2025 16:09,Social Media,-,No
85022,10-02-2025 23:15,Social Media,Winter Sale,Yes
61537,10-02-2025 19:05,Display Ads,New Product Launch,Yes
50366,11-02-2025 17:51,Referral,Winter Sale,Yes
35942,10-02-2025 18:59,Social Media,-,Yes
27541,10-02-2025 03:59,Email,-,Yes
48753,10-02-2025 15:52,Email,Retargeting,Yes
79835,10-02-2025 08:08,Display Ads,New Product Launch,Yes
32709,11-02-2025 03:08,Display Ads,Brand Awareness,Yes
35296,10-02-2025 03:42,Referral,Brand Awareness,Yes
73183,10-02-2025 02:31,Display Ads,New Product Launch,No
17012,11-02-2025 13:34,Referral,New Product Launch,Yes
86021,11-02-2025 20:14,Social Media,Retargeting,Yes
31275,11-02-2025 07:41,Social Media,Retargeting,No
73373,11-02-2025 19:19,Email,Brand Awareness,Yes
20111,10-02-2025 19:22,Direct Traffic,-,No
25170,11-02-2025 14:03,Search Ads,New Product Launch,Yes
45297,11-02-2025 00:41,Social Media,Retargeting,No
90879,11-02-2025 06:58,Display Ads,Brand Awareness,No
92974,11-02-2025 23:27,Social Media,Retargeting,No
74192,11-02-2025 00:00,Search Ads,Winter Sale,No
37078,11-02-2025 04:47,Email,Brand Awareness,Yes
86974,11-02-2025 15:28,Social Media,Discount Offer,No
88191,10-02-2025 15:16,Display Ads,Discount Offer,Yes
59102,11-02-2025 04:28,Referral,New Product Launch,No
83281,10-02-2025 09:42,Display Ads,Retargeting,No
83354,11-02-2025 20:18,Social Media,New Product Launch,Yes
56094,11-02-2025 00:41,Direct Traffic,-,Yes
59188,10-02-2025 23:32,Referral,-,Yes
91051,11-02-2025 12:02,Social Media,Winter Sale,Yes
64867,11-02-2025 18:45,Social Media,-,No
50952,10-02-2025 12:17,Direct Traffic,-,No
76743,11-02-2025 18:59,Direct Traffic,-,No
13186,11-02-2025 02:18,Display Ads,Brand Awareness,Yes
45415,10-02-2025 14:28,Display Ads,New Product Launch,No
75137,10-02-2025 12:00,Search Ads,-,Yes
28481,11-02-2025 18:20,Social Media,Retargeting,Yes
10341,11-02-2025 21:07,Email,Winter Sale,Yes
47735,10-02-2025 22:48,Email,Brand Awareness,Yes
88425,10-02-2025 07:11,Referral,New Product Launch,Yes
34498,11-02-2025 07:14,Direct Traffic,-,Yes
81847,10-02-2025 11:50,Social Media,Brand Awareness,Yes
25284,10-02-2025 16:41,Referral,-,Yes
69202,11-02-2025 13:16,Display Ads,New Product Launch,Yes
31158,10-02-2025 13:28,Referral,Brand Awareness,No
35247,10-02-2025 17:03,Search Ads,Brand Awareness,No
64142,10-02-2025 09:00,Direct Traffic,-,Yes
11784,10-02-2025 20:17,Display Ads,New Product Launch,Yes
71478,10-02-2025 05:29,Social Media,-,Yes
32299,10-02-2025 00:51,Direct Traffic,-,No
83147,11-02-2025 18:56,Email,Winter Sale,Yes
87803,11-02-2025 04:50,Email,Brand Awareness,Yes
19967,11-02-2025 23:55,Direct Traffic,-,No
46862,10-02-2025 01:14,Email,Winter Sale,Yes
56297,11-02-2025 23:45,Social Media,New Product Launch,No
43460,10-02-2025 17:49,Email,Winter Sale,No
93271,11-02-2025 21:29,Display Ads,Discount Offer,No
28385,10-02-2025 21:54,Referral,Winter Sale,Yes
94070,11-02-2025 09:10,Direct Traffic,-,No
99597,11-02-2025 23:57,Direct Traffic,-,Yes
26430,10-02-2025 19:56,Email,Brand Awareness,No
89367,11-02-2025 07:56,Referral,-,No
81943,11-02-2025 19:39,Search Ads,-,No
30955,10-02-2025 02:04,Direct Traffic,-,No
79091,11-02-2025 09:27,Referral,-,No
21038,11-02-2025 21:40,Direct Traffic,-,Yes
48237,10-02-2025 00:08,Search Ads,Brand Awareness,No
86886,11-02-2025 05:30,Display Ads,New Product Launch,Yes
26189,10-02-2025 01:14,Search Ads,Discount Offer,No
21537,10-02-2025 18:17,Display Ads,Discount Offer,Yes
40880,11-02-2025 07:07,Search Ads,Discount Offer,Yes
89239,11-02-2025 11:13,Direct Traffic,-,No
75208,10-02-2025 02:22,Email,New Product Launch,Yes
42970,11-02-2025 19:35,Display Ads,New Product Launch,No
97446,11-02-2025 19:44,Referral,Discount Offer,Yes
86085,10-02-2025 08:32,Search Ads,Winter Sale,Yes
94229,11-02-2025 10:23,Direct Traffic,-,No
61655,10-02-2025 20:10,Email,Retargeting,Yes
17761,11-02-2025 00:03,Referral,-,Yes
21690,10-02-2025 21:28,Referral,Discount Offer,No
42610,10-02-2025 09:35,Referral,Discount Offer,Yes
27778,11-02-2025 22:40,Social Media,Retargeting,No
68180,11-02-2025 23:27,Search Ads,-,Yes
22992,11-02-2025 02:03,Social Media,-,Yes
88885,11-02-2025 02:53,Email,Discount Offer,Yes
92642,11-02-2025 19:34,Email,Retargeting,Yes
58748,11-02-2025 13:48,Email,Winter Sale,Yes
26384,11-02-2025 08:34,Email,New Product Launch,No
56501,10-02-2025 04:17,Email,Retargeting,Yes
57455,11-02-2025 21:17,Referral,Brand Awareness,Yes
82038,10-02-2025 10:52,Search Ads,Winter Sale,No
88728,10-02-2025 19:16,Display Ads,New Product Launch,Yes
94841,11-02-2025 19:23,Referral,Discount Offer,Yes
91879,10-02-2025 09:41,Referral,Brand Awareness,Yes
83626,10-02-2025 21:16,Referral,New Product Launch,Yes
66863,10-02-2025 14:42,Display Ads,Brand Awareness,Yes
29109,10-02-2025 13:05,Display Ads,Brand Awareness,No
25195,11-02-2025 20:32,Direct Traffic,-,No
60888,10-02-2025 11:38,Social Media,New Product Launch,No
86180,11-02-2025 10:46,Search Ads,Discount Offer,Yes
83919,11-02-2025 09:59,Email,New Product Launch,No
23863,10-02-2025 08:34,Email,Retargeting,No
69847,10-02-2025 13:08,Social Media,Retargeting,No
71036,10-02-2025 03:54,Search Ads,Discount Offer,No
83306,11-02-2025 09:26,Search Ads,Winter Sale,Yes
34263,10-02-2025 15:59,Email,Discount Offer,No
30588,10-02-2025 23:29,Display Ads,Brand Awareness,No
19759,11-02-2025 20:27,Display Ads,Brand Awareness,Yes
98237,11-02-2025 19:11,Email,New Product Launch,No
96473,11-02-2025 10:58,Email,Brand Awareness,Yes
53232,11-02-2025 09:47,Social Media,-,No
90435,10-02-2025 17:35,Referral,-,Yes
36355,10-02-2025 00:19,Direct Traffic,-,Yes
94229,10-02-2025 16:06,Display Ads,-,Yes
26727,10-02-2025 01:59,Direct Traffic,-,No
84492,10-02-2025 15:08,Referral,New Product Launch,No
15535,11-02-2025 12:05,Display Ads,New Product Launch,No
22358,10-02-2025 00:28,Referral,Winter Sale,No
57166,11-02-2025 11:23,Referral,Discount Offer,Yes
97756,10-02-2025 03:27,Referral,Winter Sale,No
77231,11-02-2025 14:17,Display Ads,New Product Launch,Yes
13230,10-02-2025 03:15,Display Ads,Retargeting,Yes
14916,11-02-2025 15:34,Search Ads,New Product Launch,Yes
11894,10-02-2025 15:47,Referral,Brand Awareness,No
51223,10-02-2025 10:11,Referral,New Product Launch,No
10028,10-02-2025 01:44,Search Ads,Discount Offer,Yes
67525,11-02-2025 10:36,Direct Traffic,-,Yes
29368,11-02-2025 12:52,Search Ads,Winter Sale,Yes
66863,11-02-2025 18:12,Referral,New Product Launch,Yes
35337,11-02-2025 15:03,Email,Retargeting,No
90253,10-02-2025 11:47,Email,-,Yes
81851,11-02-2025 23:38,Display Ads,Retargeting,No
69942,10-02-2025 01:06,Display Ads,Winter Sale,Yes
39400,10-02-2025 22:19,Email,Brand Awareness,No
95402,10-02-2025 03:46,Direct Traffic,-,No
80731,11-02-2025 05:46,Email,Retargeting,Yes
80944,10-02-2025 13:35,Referral,Discount Offer,Yes
78282,11-02-2025 13:13,Social Media,-,No
39795,10-02-2025 15:17,Search Ads,Discount Offer,Yes
69194,11-02-2025 20:56,Email,-,No
18448,11-02-2025 19:07,Referral,New Product Launch,Yes
20513,10-02-2025 02:39,Search Ads,-,No
16083,10-02-2025 06:36,Email,-,Yes
91394,10-02-2025 07:05,Direct Traffic,-,No
60881,10-02-2025 18:27,Social Media,Winter Sale,Yes
52408,10-02-2025 08:18,Direct Traffic,-,Yes
16008,11-02-2025 08:34,Referral,-,Yes
65726,11-02-2025 04:12,Direct Traffic,-,No
61947,10-02-2025 00:19,Email,New Product Launch,Yes
80298,10-02-2025 02:15,Referral,Retargeting,No
53088,11-02-2025 07:56,Referral,Winter Sale,No
22741,10-02-2025 09:24,Email,-,No
94024,10-02-2025 08:16,Referral,Brand Awareness,Yes
29206,11-02-2025 06:15,Search Ads,New Product Launch,Yes
44272,10-02-2025 02:13,Referral,New Product Launch,Yes
29206,10-02-2025 23:22,Direct Traffic,-,No
66646,11-02-2025 17:46,Direct Traffic,-,Yes
47595,10-02-2025 17:00,Display Ads,-,Yes
62446,10-02-2025 15:38,Email,-,Yes
41454,11-02-2025 18:48,Search Ads,-,Yes
86327,10-02-2025 13:06,Search Ads,Retargeting,Yes
57455,11-02-2025 04:50,Social Media,New Product Launch,No
91442,11-02-2025 05:06,Display Ads,Winter Sale,No
12756,11-02-2025 06:28,Direct Traffic,-,No
29719,11-02-2025 23:54,Social Media,Discount Offer,No
97826,11-02-2025 02:29,Direct Traffic,-,No
45476,11-02-2025 14:15,Display Ads,Winter Sale,No
21596,11-02-2025 12:03,Email,-,Yes
36175,11-02-2025 16:06,Referral,Retargeting,Yes
90125,10-02-2025 16:26,Email,Discount Offer,No
73055,11-02-2025 00:55,Referral,-,No
44474,11-02-2025 01:03,Display Ads,Retargeting,No
89800,10-02-2025 05:31,Email,Brand Awareness,No
67809,11-02-2025 20:10,Referral,Discount Offer,Yes
59390,11-02-2025 05:57,Referral,New Product Launch,No
48732,11-02-2025 06:52,Referral,Brand Awareness,No
81493,11-02-2025 14:59,Social Media,-,Yes
13471,11-02-2025 01:07,Social Media,Discount Offer,Yes
75208,10-02-2025 09:59,Social Media,New Product Launch,No
14212,10-02-2025 07:43,Direct Traffic,-,No
68649,10-02-2025 05:23,Display Ads,New Product Launch,No
64907,11-02-2025 17:36,Direct Traffic,-,No
27167,11-02-2025 13:26,Direct Traffic,-,Yes
89500,11-02-2025 12:39,Email,New Product Launch,Yes
24876,11-02-2025 16:16,Display Ads,Brand Awareness,No
88868,11-02-2025 17:32,Search Ads,Retargeting,Yes
32562,10-02-2025 09:35,Email,Brand Awareness,No
64157,11-02-2025 21:41,Email,Brand Awareness,No
46221,10-02-2025 14:31,Display Ads,Retargeting,No
37365,11-02-2025 09:19,Direct Traffic,-,Yes
35830,11-02-2025 11:40,Search Ads,-,Yes
25147,11-02-2025 01:52,Referral,Winter Sale,No
93270,10-02-2025 00:07,Direct Traffic,-,No
22741,11-02-2025 13:38,Direct Traffic,-,No
65473,11-02-2025 16:26,Display Ads,New Product Launch,Yes
94932,11-02-2025 19:32,Search Ads,New Product Launch,No
30429,11-02-2025 19:50,Search Ads,-,No
94024,10-02-2025 20:49,Display Ads,Brand Awareness,No
67274,11-02-2025 09:53,Email,Brand Awareness,Yes
69194,10-02-2025 23:47,Direct Traffic,-,No
98517,10-02-2025 07:48,Referral,New Product Launch,No
29773,10-02-2025 15:16,Social Media,Winter Sale,Yes
18565,10-02-2025 01:27,Direct Traffic,-,Yes
29914,10-02-2025 11:46,Search Ads,-,No
95739,10-02-2025 19:33,Display Ads,Retargeting,No
80392,10-02-2025 18:44,Social Media,Brand Awareness,No
59730,10-02-2025 12:40,Email,Brand Awareness,No
67860,11-02-2025 12:28,Display Ads,Winter Sale,No
10518,10-02-2025 03:46,Social Media,Winter Sale,No
64263,10-02-2025 12:06,Direct Traffic,-,No
73055,10-02-2025 22:40,Direct Traffic,-,No
64436,10-02-2025 23:23,Display Ads,-,Yes
63781,11-02-2025 23:40,Referral,Winter Sale,No
37903,10-02-2025 12:30,Email,Winter Sale,No
46491,10-02-2025 00:08,Display Ads,Discount Offer,Yes
20685,10-02-2025 00:45,Direct Traffic,-,Yes
72741,10-02-2025 05:13,Direct Traffic,-,No
34300,11-02-2025 16:48,Referral,Retargeting,Yes
19816,10-02-2025 14:46,Social Media,Winter Sale,No
37591,10-02-2025 02:09,Referral,Retargeting,No
14798,10-02-2025 01:46,Display Ads,New Product Launch,Yes
91966,10-02-2025 21:59,Social Media,New Product Launch,Yes
80552,11-02-2025 02:23,Email,Brand Awareness,Yes
91157,10-02-2025 19:06,Display Ads,-,Yes
12663,10-02-2025 19:40,Display Ads,New Product Launch,No
90548,10-02-2025 17:59,Referral,Retargeting,No
30460,11-02-2025 22:16,Social Media,Retargeting,Yes
47775,10-02-2025 16:08,Referral,-,No
94106,10-02-2025 01:44,Referral,New Product Launch,Yes
36097,10-02-2025 08:23,Email,Retargeting,Yes
96598,11-02-2025 07:41,Social Media,-,No
82916,10-02-2025 02:11,Referral,Winter Sale,No
81531,11-02-2025 18:37,Email,-,Yes
81479,11-02-2025 08:43,Social Media,Retargeting,Yes
87938,10-02-2025 10:59,Direct Traffic,-,No
10095,11-02-2025 01:37,Referral,New Product Launch,Yes
66646,11-02-2025 01:27,Referral,Discount Offer,No
15921,11-02-2025 23:39,Display Ads,-,Yes
59302,11-02-2025 20:05,Social Media,Brand Awareness,Yes
44062,10-02-2025 11:15,Social Media,Retargeting,Yes
54016,10-02-2025 10:30,Display Ads,Retargeting,No
99481,11-02-2025 11:27,Referral,Winter Sale,No
46014,11-02-2025 06:48,Display Ads,Winter Sale,No
24212,11-02-2025 08:58,Social Media,Winter Sale,No
46555,10-02-2025 03:15,Email,-,Yes
14080,10-02-2025 01:35,Direct Traffic,-,Yes
39795,10-02-2025 12:47,Display Ads,Brand Awareness,Yes
52260,11-02-2025 04:33,Email,Brand Awareness,Yes
12275,11-02-2025 16:58,Search Ads,Winter Sale,No
24876,11-02-2025 06:46,Direct Traffic,-,Yes
21255,11-02-2025 04:44,Search Ads,-,Yes
32344,10-02-2025 16:09,Email,New Product Launch,No
74686,10-02-2025 01:24,Search Ads,Winter Sale,Yes
32882,10-02-2025 08:08,Referral,Discount Offer,Yes
54739,10-02-2025 23:39,Referral,Winter Sale,Yes
10415,11-02-2025 03:42,Email,New Product Launch,No
91083,10-02-2025 18:11,Direct Traffic,-,Yes
17478,10-02-2025 11:58,Referral,Brand Awareness,No
28265,11-02-2025 19:52,Referral,-,Yes
94897,11-02-2025 16:35,Social Media,-,No
31273,10-02-2025 22:46,Social Media,Retargeting,No
22127,10-02-2025 19:55,Direct Traffic,-,No
43036,11-02-2025 12:47,Referral,Winter Sale,No
53582,11-02-2025 16:04,Search Ads,Winter Sale,Yes
72379,10-02-2025 17:18,Social Media,Brand Awareness,Yes
16756,11-02-2025 01:31,Direct Traffic,-,Yes
86706,11-02-2025 23:55,Display Ads,Brand Awareness,Yes
79796,11-02-2025 09:49,Social Media,New Product Launch,No
13806,10-02-2025 11:58,Referral,Discount Offer,Yes
85844,11-02-2025 21:53,Direct Traffic,-,No
27470,10-02-2025 23:45,Display Ads,Brand Awareness,Yes
76601,10-02-2025 14:33,Search Ads,New Product Launch,No
79789,11-02-2025 14:57,Social Media,Retargeting,No
20916,11-02-2025 05:29,Direct Traffic,-,Yes
28948,10-02-2025 20:53,Display Ads,-,Yes
20510,11-02-2025 03:15,Display Ads,Retargeting,Yes
33019,11-02-2025 04:54,Display Ads,Retargeting,Yes
37186,11-02-2025 03:59,Referral,Winter Sale,No
31190,11-02-2025 16:25,Search Ads,New Product Launch,No
84690,11-02-2025 11:53,Direct Traffic,-,Yes
13186,11-02-2025 06:08,Display Ads,New Product Launch,No
99321,10-02-2025 17:46,Email,-,Yes
16255,10-02-2025 20:18,Direct Traffic,-,Yes
50926,11-02-2025 00:40,Social Media,Discount Offer,No
82058,10-02-2025 01:46,Display Ads,Retargeting,Yes
10068,11-02-2025 08:05,Social Media,Retargeting,No
72415,10-02-2025 06:24,Email,Discount Offer,Yes
85902,11-02-2025 02:54,Direct Traffic,-,No
76689,10-02-2025 02:49,Email,New Product Launch,No
24568,10-02-2025 18:24,Social Media,Winter Sale,No
17614,11-02-2025 17:32,Social Media,Retargeting,No
93161,11-02-2025 07:53,Social Media,Brand Awareness,Yes
62907,10-02-2025 05:48,Search Ads,-,No
37078,11-02-2025 05:32,Direct Traffic,-,Yes
68849,11-02-2025 12:10,Direct Traffic,-,Yes
74104,10-02-2025 01:45,Search Ads,Discount Offer,Yes
72045,11-02-2025 22:03,Social Media,New Product Launch,Yes
61489,11-02-2025 08:31,Direct Traffic,-,Yes
11453,11-02-2025 03:48,Display Ads,New Product Launch,No
34573,11-02-2025 17:07,Display Ads,Discount Offer,Yes
43373,11-02-2025 06:07,Direct Traffic,-,No
98310,11-02-2025 18:36,Email,-,No
36717,10-02-2025 18:30,Search Ads,-,No
49524,11-02-2025 20:08,Social Media,Retargeting,No
78282,10-02-2025 09:20,Social Media,New Product Launch,Yes
70949,11-02-2025 04:56,Direct Traffic,-,No
48850,10-02-2025 10:10,Referral,-,No
59032,11-02-2025 00:18,Social Media,New Product Launch,No
32391,10-02-2025 05:33,Referral,Retargeting,Yes
53902,11-02-2025 00:43,Direct Traffic,-,Yes
20124,10-02-2025 13:47,Display Ads,-,No
61522,10-02-2025 10:05,Display Ads,New Product Launch,Yes
97804,10-02-2025 13:14,Search Ads,Retargeting,No
61528,11-02-2025 17:49,Search Ads,Brand Awareness,Yes
37703,10-02-2025 06:22,Search Ads,Brand Awareness,Yes
11801,11-02-2025 23:54,Direct Traffic,-,Yes
81964,11-02-2025 12:57,Email,Discount Offer,No
25633,10-02-2025 22:00,Social Media,Winter Sale,Yes
15390,11-02-2025 03:13,Search Ads,Winter Sale,No
99937,10-02-2025 04:16,Display Ads,Brand Awareness,No
57739,10-02-2025 11:16,Social Media,Winter Sale,Yes
96523,11-02-2025 04:30,Display Ads,-,Yes
92370,10-02-2025 14:46,Email,Retargeting,Yes
28265,10-02-2025 17:12,Email,Retargeting,No
31679,10-02-2025 11:21,Social Media,Winter Sale,Yes
85046,10-02-2025 10:13,Direct Traffic,-,Yes
88868,10-02-2025 11:51,Display Ads,Retargeting,Yes
40517,10-02-2025 00:52,Referral,New Product Launch,Yes
73105,10-02-2025 20:59,Search Ads,Discount Offer,Yes
72612,10-02-2025 10:13,Search Ads,Winter Sale,Yes
91019,10-02-2025 23:01,Email,Winter Sale,Yes
73006,11-02-2025 06:45,Email,Brand Awareness,Yes
56636,11-02-2025 20:14,Email,Brand Awareness,Yes
56768,11-02-2025 04:06,Referral,Retargeting,No
97335,10-02-2025 18:04,Email,Discount Offer,Yes
38822,11-02-2025 01:03,Display Ads,New Product Launch,No
64665,10-02-2025 15:19,Email,Brand Awareness,No
21038,11-02-2025 08:22,Referral,Discount Offer,No
53151,11-02-2025 00:42,Search Ads,New Product Launch,Yes
23927,11-02-2025 22:34,Display Ads,New Product Launch,No
36676,11-02-2025 17:18,Social Media,Brand Awareness,Yes
17287,11-02-2025 10:45,Referral,Retargeting,No
89214,11-02-2025 20:50,Direct Traffic,-,Yes
96688,11-02-2025 00:10,Referral,Discount Offer,No
91679,11-02-2025 03:57,Referral,Discount Offer,Yes
98881,10-02-2025 11:00,Referral,Discount Offer,No
80999,10-02-2025 02:00,Referral,Winter Sale,Yes
52113,11-02-2025 11:59,Email,Winter Sale,Yes
25633,10-02-2025 12:06,Direct Traffic,-,No
17415,11-02-2025 10:18,Referral,Retargeting,Yes
32692,11-02-2025 15:38,Search Ads,Discount Offer,Yes
71927,10-02-2025 02:05,Display Ads,-,Yes
65453,11-02-2025 19:50,Direct Traffic,-,Yes
93942,11-02-2025 14:40,Display Ads,Brand Awareness,Yes
57141,11-02-2025 02:07,Direct Traffic,-,Yes
50926,11-02-2025 23:32,Display Ads,New Product Launch,No
67722,11-02-2025 05:34,Display Ads,Retargeting,No
39364,11-02-2025 07:06,Referral,Discount Offer,Yes
31937,10-02-2025 23:21,Social Media,New Product Launch,Yes
93271,11-02-2025 03:59,Referral,Discount Offer,Yes
90472,11-02-2025 20:14,Search Ads,Brand Awareness,No
32883,10-02-2025 09:02,Social Media,Brand Awareness,Yes
79192,10-02-2025 00:03,Display Ads,Brand Awareness,No
57455,10-02-2025 12:18,Referral,Winter Sale,Yes
10556,10-02-2025 16:42,Direct Traffic,-,No
27048,10-02-2025 12:37,Search Ads,New Product Launch,Yes
80133,10-02-2025 04:28,Search Ads,Winter Sale,Yes
63095,10-02-2025 16:50,Email,Retargeting,No
34056,11-02-2025 21:43,Display Ads,Winter Sale,Yes
66060,10-02-2025 11:26,Email,-,No
93708,10-02-2025 16:50,Referral,New Product Launch,No
30087,10-02-2025 09:20,Social Media,Winter Sale,No
30447,10-02-2025 13:18,Display Ads,Winter Sale,No
89362,11-02-2025 17:31,Email,Brand Awareness,No
45959,11-02-2025 12:37,Referral,New Product Launch,Yes
59077,10-02-2025 02:31,Email,Winter Sale,Yes
99782,11-02-2025 23:53,Email,Winter Sale,No
25915,11-02-2025 12:38,Display Ads,Winter Sale,Yes
28387,11-02-2025 23:13,Display Ads,Brand Awareness,Yes
56041,10-02-2025 06:54,Referral,New Product Launch,Yes
45927,10-02-2025 09:01,Search Ads,Brand Awareness,Yes
49297,11-02-2025 22:17,Referral,Discount Offer,No
52553,11-02-2025 01:52,Display Ads,Brand Awareness,No
23958,10-02-2025 02:36,Direct Traffic,-,No
31658,11-02-2025 04:00,Search Ads,Brand Awareness,No
37365,11-02-2025 07:08,Display Ads,-,No
13035,10-02-2025 01:42,Social Media,Winter Sale,No
95870,10-02-2025 23:49,Display Ads,Brand Awareness,No
76645,10-02-2025 11:18,Search Ads,Discount Offer,No
49207,11-02-2025 03:12,Direct Traffic,-,No
97844,11-02-2025 12:04,Direct Traffic,-,Yes
75700,11-02-2025 01:24,Display Ads,Retargeting,No
86578,11-02-2025 23:57,Email,New Product Launch,Yes
36097,11-02-2025 00:11,Referral,-,No
24741,11-02-2025 09:46,Referral,Winter Sale,Yes
40227,11-02-2025 21:25,Search Ads,Discount Offer,Yes
81470,10-02-2025 04:51,Search Ads,Retargeting,Yes
28589,11-02-2025 01:19,Search Ads,Winter Sale,Yes
63511,11-02-2025 03:33,Direct Traffic,-,Yes
30155,10-02-2025 06:59,Direct Traffic,-,Yes
83912,10-02-2025 10:38,Display Ads,Winter Sale,No
34395,11-02-2025 22:03,Email,New Product Launch,No
14978,10-02-2025 22:42,Social Media,Brand Awareness,No
62169,10-02-2025 04:38,Search Ads,Brand Awareness,Yes
22407,11-02-2025 21:01,Email,Retargeting,Yes
55829,10-02-2025 20:44,Referral,Brand Awareness,No
81847,10-02-2025 07:28,Referral,-,Yes
96672,10-02-2025 21:04,Search Ads,Retargeting,Yes
26622,11-02-2025 00:56,Social Media,New Product Launch,No
30578,10-02-2025 13:33,Search Ads,New Product Launch,Yes
23216,11-02-2025 01:17,Direct Traffic,-,Yes
45218,10-02-2025 09:07,Search Ads,Retargeting,Yes
88984,11-02-2025 09:00,Search Ads,Brand Awareness,Yes
60798,10-02-2025 05:08,Search Ads,-,No
31273,10-02-2025 14:37,Display Ads,Brand Awareness,No
53163,11-02-2025 14:57,Referral,Retargeting,Yes
99746,11-02-2025 18:10,Direct Traffic,-,Yes
58511,11-02-2025 23:34,Direct Traffic,-,Yes
89367,11-02-2025 09:36,Email,New Product Launch,Yes
39128,11-02-2025 17:23,Direct Traffic,-,No
86539,10-02-2025 16:41,Display Ads,Winter Sale,Yes
68900,10-02-2025 12:29,Email,Retargeting,Yes
19967,11-02-2025 05:49,Referral,New Product Launch,Yes
63511,10-02-2025 03:34,Search Ads,New Product Launch,No
52609,11-02-2025 12:56,Search Ads,Brand Awareness,No
27589,10-02-2025 06:21,Display Ads,Winter Sale,No
41874,10-02-2025 18:57,Email,Retargeting,Yes
13102,11-02-2025 01:19,Search Ads,New Product Launch,Yes
91950,10-02-2025 12:44,Email,-,Yes
71893,11-02-2025 04:37,Direct Traffic,-,Yes
98881,11-02-2025 07:45,Social Media,Discount Offer,No
51068,10-02-2025 03:41,Direct Traffic,-,No
83881,10-02-2025 13:50,Email,New Product Launch,No
47595,11-02-2025 05:38,Search Ads,Winter Sale,Yes
21788,10-02-2025 06:02,Referral,Brand Awareness,No
33960,10-02-2025 00:04,Direct Traffic,-,Yes
58511,11-02-2025 02:42,Referral,Winter Sale,No
15082,10-02-2025 11:06,Social Media,Retargeting,No
79863,11-02-2025 12:14,Social Media,Retargeting,No
25915,11-02-2025 23:40,Social Media,-,No
45218,10-02-2025 00:50,Referral,Winter Sale,No
51020,10-02-2025 04:46,Display Ads,Winter Sale,No
43178,10-02-2025 16:54,Social Media,Retargeting,No
44400,10-02-2025 16:23,Social Media,Retargeting,Yes
47391,11-02-2025 01:03,Direct Traffic,-,Yes
92402,11-02-2025 05:48,Social Media,Brand Awareness,Yes
66238,10-02-2025 20:12,Search Ads,Winter Sale,No
88880,10-02-2025 05:28,Display Ads,Discount Offer,Yes
62979,11-02-2025 16:34,Referral,Winter Sale,No
38857,11-02-2025 03:11,Referral,New Product Launch,Yes
61062,10-02-2025 21:57,Email,Retargeting,No
52231,10-02-2025 11:08,Social Media,Winter Sale,No
87404,10-02-2025 05:12,Direct Traffic,-,No
90879,10-02-2025 05:37,Display Ads,Winter Sale,Yes
62579,11-02-2025 21:39,Referral,Discount Offer,No
66139,11-02-2025 05:26,Referral,Retargeting,Yes
86889,11-02-2025 00:56,Direct Traffic,-,No
84470,10-02-2025 02:16,Social Media,Discount Offer,Yes
79384,11-02-2025 19:06,Email,New Product Launch,Yes
78514,11-02-2025 18:19,Referral,Retargeting,Yes
71497,10-02-2025 16:18,Direct Traffic,-,No
60852,11-02-2025 11:50,Social Media,-,No
37722,10-02-2025 05:58,Display Ads,Brand Awareness,Yes
68649,11-02-2025 15:54,Display Ads,-,No
99065,11-02-2025 01:45,Display Ads,-,Yes
86443,11-02-2025 02:13,Direct Traffic,-,No
89132,10-02-2025 23:32,Direct Traffic,-,Yes
48753,11-02-2025 00:26,Search Ads,Brand Awareness,No
87404,10-02-2025 13:08,Social Media,Discount Offer,Yes
32550,10-02-2025 07:15,Email,Brand Awareness,No
96546,11-02-2025 02:25,Search Ads,New Product Launch,No
10062,10-02-2025 15:42,Social Media,Brand Awareness,No
95962,10-02-2025 23:01,Referral,-,Yes
60487,11-02-2025 03:56,Direct Traffic,-,Yes
33292,11-02-2025 11:50,Referral,Discount Offer,No
46221,10-02-2025 00:01,Display Ads,Retargeting,No
70492,11-02-2025 18:21,Referral,Winter Sale,Yes
81152,11-02-2025 17:37,Display Ads,Retargeting,No
92350,10-02-2025 16:35,Email,Discount Offer,Yes
46180,10-02-2025 02:04,Social Media,Brand Awareness,Yes
44038,11-02-2025 07:33,Email,Brand Awareness,Yes
91418,11-02-2025 12:37,Social Media,-,Yes
76065,10-02-2025 14:04,Display Ads,-,Yes
44987,11-02-2025 22:12,Direct Traffic,-,Yes
72337,11-02-2025 14:06,Display Ads,Discount Offer,Yes
23799,10-02-2025 07:38,Referral,Winter Sale,No
63775,10-02-2025 15:09,Social Media,Winter Sale,Yes
13558,11-02-2025 21:59,Social Media,Discount Offer,No
77231,11-02-2025 21:14,Search Ads,New Product Launch,No
57996,10-02-2025 16:10,Search Ads,Winter Sale,Yes
59461,11-02-2025 08:41,Referral,Discount Offer,No
86658,10-02-2025 10:46,Referral,Brand Awareness,No
21628,11-02-2025 11:23,Referral,Winter Sale,No
35337,10-02-2025 00:02,Referral,-,No
61331,11-02-2025 14:43,Referral,Winter Sale,No
70093,11-02-2025 04:35,Email,Winter Sale,No
98687,10-02-2025 15:26,Email,New Product Launch,No
19792,11-02-2025 14:23,Direct Traffic,-,Yes
86021,11-02-2025 12:23,Social Media,Winter Sale,Yes
69010,11-02-2025 06:32,Email,New Product Launch,No
79461,10-02-2025 18:48,Search Ads,New Product Launch,Yes
80604,11-02-2025 00:56,Social Media,Brand Awareness,Yes
16008,10-02-2025 12:35,Display Ads,Retargeting,No
35409,11-02-2025 15:15,Direct Traffic,-,No
40133,10-02-2025 18:27,Direct Traffic,-,Yes
81689,11-02-2025 18:13,Direct Traffic,-,No
57455,10-02-2025 06:05,Display Ads,Winter Sale,Yes
27371,11-02-2025 09:25,Search Ads,New Product Launch,Yes
18871,10-02-2025 20:46,Social Media,New Product Launch,Yes
36918,10-02-2025 21:37,Social Media,-,No
36097,10-02-2025 17:06,Social Media,Retargeting,No
33382,10-02-2025 09:40,Email,Brand Awareness,No
89770,10-02-2025 15:55,Direct Traffic,-,Yes
82505,11-02-2025 08:27,Email,New Product Launch,No
29395,11-02-2025 23:50,Search Ads,Retargeting,No
59416,10-02-2025 03:45,Referral,New Product Launch,Yes
36676,11-02-2025 10:33,Email,Discount Offer,Yes
53220,10-02-2025 21:14,Referral,Discount Offer,No
44778,11-02-2025 18:23,Referral,Discount Offer,No
28567,11-02-2025 06:02,Search Ads,New Product Launch,No
56634,11-02-2025 17:46,Display Ads,New Product Launch,Yes
46050,11-02-2025 22:18,Social Media,-,No
77328,10-02-2025 07:49,Email,Discount Offer,No
54719,11-02-2025 17:03,Social Media,Discount Offer,No
80623,11-02-2025 08:42,Email,Winter Sale,No
39417,11-02-2025 10:02,Search Ads,Discount Offer,No
57498,11-02-2025 18:06,Email,Retargeting,No
58795,10-02-2025 12:59,Social Media,-,No
63820,10-02-2025 05:55,Direct Traffic,-,Yes
39185,10-02-2025 21:55,Search Ads,Winter Sale,Yes
24765,10-02-2025 18:12,Direct Traffic,-,No
51871,11-02-2025 16:24,Direct Traffic,-,Yes
35923,10-02-2025 12:45,Referral,Winter Sale,No
64037,10-02-2025 09:51,Email,Winter Sale,No
28556,10-02-2025 18:06,Referral,Discount Offer,No
12731,11-02-2025 12:42,Search Ads,Brand Awareness,Yes
50942,11-02-2025 21:26,Email,Brand Awareness,Yes
86379,11-02-2025 06:32,Email,Retargeting,No
62061,10-02-2025 03:12,Display Ads,Retargeting,No
34498,11-02-2025 00:14,Email,Discount Offer,No
40362,11-02-2025 07:58,Direct Traffic,-,Yes
44882,10-02-2025 09:51,Social Media,Winter Sale,No
91512,10-02-2025 06:09,Referral,New Product Launch,No
13872,10-02-2025 00:11,Search Ads,-,No
16008,11-02-2025 14:00,Email,-,No
96237,11-02-2025 05:51,Display Ads,New Product Launch,Yes
19517,11-02-2025 01:16,Social Media,-,Yes
21704,11-02-2025 19:34,Social Media,Discount Offer,No
90153,11-02-2025 13:04,Social Media,New Product Launch,Yes
51319,11-02-2025 11:46,Email,-,No
55103,11-02-2025 05:12,Social Media,-,No
98343,10-02-2025 05:58,Display Ads,-,Yes
91565,11-02-2025 11:48,Display Ads,New Product Launch,Yes
95694,11-02-2025 00:56,Search Ads,Retargeting,No
55808,10-02-2025 02:50,Referral,New Product Launch,Yes
11917,11-02-2025 06:50,Display Ads,New Product Launch,No
81855,10-02-2025 00:44,Referral,Retargeting,No
13004,11-02-2025 13:20,Email,-,Yes
74035,10-02-2025 03:29,Display Ads,Discount Offer,Yes
82058,10-02-2025 05:47,Referral,Winter Sale,No
24634,10-02-2025 19:11,Referral,New Product Launch,No
13102,10-02-2025 12:29,Referral,Winter Sale,Yes
76871,10-02-2025 15:01,Display Ads,Winter Sale,No
17619,10-02-2025 05:12,Search Ads,New Product Launch,No
51786,10-02-2025 15:27,Referral,Retargeting,Yes
44261,10-02-2025 09:16,Search Ads,-,Yes
24433,10-02-2025 09:14,Display Ads,Winter Sale,No
56553,10-02-2025 00:45,Direct Traffic,-,Yes
12855,11-02-2025 03:32,Social Media,-,No
87404,10-02-2025 15:24,Social Media,Winter Sale,Yes
73055,10-02-2025 03:47,Display Ads,Discount Offer,Yes
33999,10-02-2025 17:37,Display Ads,-,No
59927,11-02-2025 11:38,Display Ads,Discount Offer,Yes
40530,10-02-2025 00:17,Email,New Product Launch,No
70698,11-02-2025 13:38,Email,-,No
77120,10-02-2025 14:31,Referral,New Product Launch,No
57949,10-02-2025 05:21,Email,Discount Offer,No
42776,10-02-2025 07:14,Search Ads,Discount Offer,Yes
90635,11-02-2025 16:32,Direct Traffic,-,No
87027,10-02-2025 04:10,Display Ads,-,Yes
94722,11-02-2025 01:27,Search Ads,-,Yes
44400,10-02-2025 16:22,Search Ads,Brand Awareness,Yes
46070,11-02-2025 18:49,Display Ads,Winter Sale,Yes
47509,10-02-2025 03:12,Display Ads,Winter Sale,Yes
26401,10-02-2025 02:04,Referral,New Product Launch,No
71570,11-02-2025 02:48,Referral,Retargeting,Yes
54874,11-02-2025 19:49,Referral,Brand Awareness,Yes
11741,10-02-2025 00:47,Referral,Brand Awareness,No
86414,11-02-2025 23:26,Display Ads,Discount Offer,Yes
90712,11-02-2025 20:57,Display Ads,Discount Offer,Yes
76850,10-02-2025 16:29,Referral,Winter Sale,Yes
48639,10-02-2025 14:20,Search Ads,-,No
64163,10-02-2025 06:56,Email,Retargeting,Yes
72122,11-02-2025 15:40,Referral,-,Yes
25901,11-02-2025 11:55,Social Media,Retargeting,No
24620,10-02-2025 16:52,Direct Traffic,-,Yes
73105,11-02-2025 00:02,Display Ads,Winter Sale,No
90472,11-02-2025 23:35,Display Ads,Brand Awareness,Yes
25085,11-02-2025 17:52,Social Media,Retargeting,Yes
92565,11-02-2025 03:38,Referral,Retargeting,Yes
10685,10-02-2025 22:21,Search Ads,New Product Launch,Yes
54049,11-02-2025 11:02,Direct Traffic,-,Yes
76584,11-02-2025 05:20,Display Ads,Brand Awareness,No
18492,10-02-2025 06:24,Social Media,New Product Launch,Yes
13186,10-02-2025 00:43,Email,Discount Offer,No
92350,10-02-2025 04:42,Search Ads,Retargeting,Yes
29440,11-02-2025 18:50,Search Ads,-,No
10668,10-02-2025 16:40,Direct Traffic,-,No
57669,11-02-2025 22:59,Search Ads,Brand Awareness,Yes
57976,11-02-2025 09:37,Search Ads,Brand Awareness,Yes
72815,10-02-2025 10:10,Search Ads,New Product Launch,Yes
18301,10-02-2025 11:04,Display Ads,Discount Offer,No
72959,10-02-2025 07:25,Email,Discount Offer,No
57372,11-02-2025 21:35,Email,Discount Offer,No
32477,10-02-2025 19:32,Email,New Product Launch,No
45964,11-02-2025 18:54,Email,Winter Sale,Yes
30888,10-02-2025 23:45,Social Media,New Product Launch,Yes
51020,10-02-2025 07:23,Display Ads,Retargeting,No
68615,11-02-2025 07:27,Referral,Brand Awareness,No
61462,11-02-2025 19:58,Social Media,New Product Launch,Yes
38099,11-02-2025 00:41,Referral,New Product Launch,Yes
63095,11-02-2025 19:37,Social Media,Retargeting,Yes
91630,10-02-2025 17:47,Display Ads,Brand Awareness,Yes
82125,11-02-2025 02:55,Search Ads,Retargeting,Yes
43783,11-02-2025 03:14,Email,New Product Launch,No
80392,11-02-2025 02:25,Search Ads,Brand Awareness,Yes
22270,11-02-2025 23:16,Direct Traffic,-,Yes
71235,10-02-2025 01:29,Email,Discount Offer,No
15351,10-02-2025 20:45,Email,Brand Awareness,No
58020,10-02-2025 22:39,Display Ads,Discount Offer,Yes
73677,11-02-2025 09:30,Social Media,Brand Awareness,Yes
89132,11-02-2025 07:41,Display Ads,Brand Awareness,No
95402,11-02-2025 15:46,Direct Traffic,-,No
17329,11-02-2025 20:56,Social Media,Brand Awareness,Yes
30468,11-02-2025 13:25,Search Ads,Retargeting,Yes
65938,10-02-2025 20:56,Display Ads,Retargeting,No
46988,11-02-2025 18:01,Social Media,New Product Launch,No
89412,10-02-2025 23:43,Search Ads,-,No
19262,10-02-2025 19:45,Display Ads,Brand Awareness,No
79941,10-02-2025 18:37,Display Ads,Retargeting,No
86042,10-02-2025 23:45,Display Ads,New Product Launch,No
89953,10-02-2025 09:17,Social Media,-,Yes
42285,11-02-2025 13:54,Search Ads,Brand Awareness,No
15390,10-02-2025 15:26,Direct Traffic,-,No
39696,10-02-2025 11:52,Display Ads,-,Yes
78980,11-02-2025 17:37,Direct Traffic,-,Yes
83093,10-02-2025 00:34,Referral,New Product Launch,Yes
18492,11-02-2025 22:06,Direct Traffic,-,Yes
56072,10-02-2025 14:33,Referral,New Product Launch,No
13687,10-02-2025 01:34,Social Media,-,No
64877,11-02-2025 15:09,Referral,Brand Awareness,Yes
77289,10-02-2025 16:42,Search Ads,Discount Offer,Yes
35247,11-02-2025 06:57,Direct Traffic,-,No
21815,10-02-2025 13:55,Search Ads,Retargeting,Yes
56253,11-02-2025 23:02,Direct Traffic,-,No
38822,10-02-2025 23:55,Display Ads,-,Yes
15233,10-02-2025 14:21,Direct Traffic,-,No
65283,11-02-2025 05:24,Direct Traffic,-,Yes
30842,10-02-2025 20:07,Referral,Retargeting,Yes
90090,11-02-2025 12:48,Social Media,New Product Launch,Yes
37332,11-02-2025 04:50,Referral,Winter Sale,No
80368,10-02-2025 23:14,Email,Discount Offer,No
97201,10-02-2025 05:33,Display Ads,New Product Launch,No
84041,10-02-2025 15:01,Social Media,-,Yes
95402,10-02-2025 19:59,Email,Retargeting,Yes
84041,10-02-2025 21:37,Referral,Brand Awareness,Yes
26754,10-02-2025 19:50,Display Ads,Winter Sale,Yes
40130,10-02-2025 23:19,Referral,Brand Awareness,No
43014,11-02-2025 17:07,Display Ads,Retargeting,Yes
20507,10-02-2025 21:01,Social Media,Retargeting,Yes
26430,11-02-2025 02:13,Social Media,Winter Sale,Yes
57739,11-02-2025 19:14,Search Ads,Retargeting,No
17396,11-02-2025 09:46,Direct Traffic,-,Yes
58689,10-02-2025 19:03,Display Ads,Retargeting,No
19644,11-02-2025 12:11,Display Ads,New Product Launch,No
29877,10-02-2025 03:21,Direct Traffic,-,No
20111,10-02-2025 16:46,Direct Traffic,-,No
14782,11-02-2025 04:54,Direct Traffic,-,Yes
99481,11-02-2025 07:14,Display Ads,-,No
21212,10-02-2025 19:53,Social Media,New Product Launch,No
62229,11-02-2025 18:57,Referral,Discount Offer,Yes
60001,11-02-2025 08:20,Display Ads,Retargeting,Yes
32052,11-02-2025 17:42,Direct Traffic,-,Yes
65881,10-02-2025 19:51,Display Ads,Discount Offer,No
81406,10-02-2025 18:19,Referral,Brand Awareness,Yes
67005,11-02-2025 15:46,Search Ads,Retargeting,Yes
17614,10-02-2025 02:31,Direct Traffic,-,Yes
55035,10-02-2025 16:17,Display Ads,New Product Launch,Yes
16304,11-02-2025 04:13,Display Ads,Discount Offer,No
52408,10-02-2025 22:54,Email,New Product Launch,No
28265,10-02-2025 08:34,Social Media,Brand Awareness,Yes
26185,10-02-2025 13:32,Email,-,Yes
56634,11-02-2025 15:20,Social Media,Discount Offer,Yes
22343,11-02-2025 14:25,Social Media,Discount Offer,No
79192,11-02-2025 19:28,Search Ads,Winter Sale,No
45415,10-02-2025 22:57,Direct Traffic,-,Yes
55533,11-02-2025 11:56,Social Media,Retargeting,No
74763,10-02-2025 17:01,Search Ads,Retargeting,No
91879,11-02-2025 19:14,Search Ads,Brand Awareness,No
12459,11-02-2025 00:20,Social Media,Brand Awareness,Yes
81531,10-02-2025 04:58,Display Ads,New Product Launch,No
44272,10-02-2025 11:43,Email,Winter Sale,Yes
85486,11-02-2025 09:39,Display Ads,Retargeting,No
51018,11-02-2025 23:51,Direct Traffic,-,No
19444,11-02-2025 02:20,Display Ads,Brand Awareness,No
99157,10-02-2025 15:53,Display Ads,-,No
51223,10-02-2025 21:05,Display Ads,-,Yes
63751,11-02-2025 20:37,Display Ads,Discount Offer,Yes
29914,11-02-2025 19:42,Email,-,Yes
79444,10-02-2025 18:00,Email,Retargeting,No
51871,11-02-2025 05:42,Email,Retargeting,Yes
60859,11-02-2025 04:09,Referral,New Product Launch,Yes
88521,10-02-2025 06:18,Referral,-,No
41382,11-02-2025 09:35,Display Ads,New Product Launch,Yes
68998,10-02-2025 03:09,Social Media,Winter Sale,No
88142,11-02-2025 03:22,Direct Traffic,-,Yes
61578,10-02-2025 14:11,Display Ads,Winter Sale,No
29785,10-02-2025 13:28,Display Ads,Winter Sale,Yes
63710,10-02-2025 19:36,Direct Traffic,-,Yes
77120,10-02-2025 07:13,Display Ads,Retargeting,Yes
17566,11-02-2025 15:41,Email,-,Yes
88868,10-02-2025 22:10,Email,Brand Awareness,Yes
39158,11-02-2025 23:46,Direct Traffic,-,No
26693,10-02-2025 23:39,Social Media,Brand Awareness,Yes
61878,11-02-2025 22:24,Referral,Retargeting,Yes
47957,10-02-2025 05:50,Email,New Product Launch,Yes
96838,10-02-2025 02:54,Email,-,No
25765,10-02-2025 22:12,Social Media,Discount Offer,Yes
82159,10-02-2025 22:00,Email,-,No
50636,10-02-2025 07:46,Search Ads,Retargeting,No
70834,10-02-2025 21:03,Search Ads,New Product Launch,No
18955,10-02-2025 18:26,Email,Discount Offer,Yes
88425,10-02-2025 05:56,Display Ads,Brand Awareness,No
78348,10-02-2025 23:16,Referral,Brand Awareness,No
50704,11-02-2025 04:31,Direct Traffic,-,No
97230,10-02-2025 21:01,Social Media,Retargeting,No
63274,11-02-2025 11:59,Social Media,Retargeting,No
59899,11-02-2025 21:42,Email,Winter Sale,No
79907,10-02-2025 19:22,Email,-,Yes
61947,11-02-2025 14:04,Display Ads,Brand Awareness,Yes
78183,10-02-2025 16:12,Social Media,Winter Sale,Yes
63551,11-02-2025 18:18,Direct Traffic,-,Yes
89793,10-02-2025 22:54,Display Ads,New Product Launch,Yes
79162,10-02-2025 03:19,Email,New Product Launch,Yes
46598,11-02-2025 02:04,Direct Traffic,-,No
97881,11-02-2025 17:47,Social Media,Discount Offer,No
89953,10-02-2025 11:39,Email,-,No
59425,11-02-2025 13:34,Display Ads,Brand Awareness,Yes
44062,11-02-2025 09:12,Direct Traffic,-,Yes
54115,11-02-2025 00:26,Search Ads,Retargeting,Yes
63181,11-02-2025 19:13,Email,Winter Sale,Yes
31680,10-02-2025 06:31,Referral,Discount Offer,No
18441,11-02-2025 01:32,Referral,Winter Sale,No
61358,11-02-2025 09:55,Search Ads,Retargeting,No
18152,10-02-2025 08:20,Search Ads,Discount Offer,Yes
27437,10-02-2025 19:40,Search Ads,Discount Offer,No
18618,11-02-2025 14:19,Direct Traffic,-,No
66748,11-02-2025 16:40,Direct Traffic,-,No
25978,10-02-2025 17:42,Social Media,Brand Awareness,Yes
70949,11-02-2025 22:43,Social Media,New Product Launch,Yes
89730,10-02-2025 08:40,Search Ads,Retargeting,No
47174,11-02-2025 14:39,Referral,Brand Awareness,Yes
83286,10-02-2025 17:08,Display Ads,Discount Offer,Yes
32839,10-02-2025 10:10,Email,Discount Offer,No
50574,10-02-2025 18:46,Display Ads,Brand Awareness,No
88293,10-02-2025 05:16,Email,Brand Awareness,Yes
84501,11-02-2025 14:47,Email,Discount Offer,Yes
33545,10-02-2025 07:43,Display Ads,-,Yes
27767,11-02-2025 01:02,Social Media,New Product Launch,Yes
24452,11-02-2025 02:33,Social Media,Winter Sale,No
33367,11-02-2025 20:43,Display Ads,Brand Awareness,Yes
60484,11-02-2025 06:57,Direct Traffic,-,No
16979,11-02-2025 09:24,Social Media,Retargeting,No
42818,10-02-2025 11:03,Social Media,Brand Awareness,No
36311,11-02-2025 06:33,Display Ads,New Product Launch,No
20098,11-02-2025 16:35,Search Ads,Winter Sale,No
86889,11-02-2025 09:25,Search Ads,New Product Launch,No
73951,11-02-2025 14:46,Social Media,Retargeting,No
36215,10-02-2025 00:02,Referral,Discount Offer,No
59032,10-02-2025 14:07,Search Ads,-,No
85486,11-02-2025 17:05,Display Ads,Retargeting,Yes
49456,10-02-2025 02:40,Referral,Retargeting,Yes
49967,11-02-2025 13:13,Direct Traffic,-,Yes
91918,10-02-2025 20:52,Display Ads,Brand Awareness,Yes
54351,11-02-2025 14:04,Search Ads,Winter Sale,No
59840,10-02-2025 02:35,Direct Traffic,-,Yes
92200,11-02-2025 20:21,Search Ads,Retargeting,No
56993,11-02-2025 04:31,Search Ads,Retargeting,Yes
71036,11-02-2025 17:28,Social Media,Retargeting,No
80739,10-02-2025 16:16,Referral,-,Yes
79207,10-02-2025 15:48,Social Media,Brand Awareness,Yes
90131,10-02-2025 21:14,Referral,New Product Launch,Yes
45058,11-02-2025 01:02,Referral,Brand Awareness,Yes
24114,10-02-2025 17:02,Email,Brand Awareness,Yes
85419,10-02-2025 04:14,Display Ads,Brand Awareness,Yes
89367,11-02-2025 06:32,Search Ads,Brand Awareness,No
19180,10-02-2025 14:31,Referral,-,Yes
65881,10-02-2025 08:33,Direct Traffic,-,Yes
36375,10-02-2025 08:34,Search Ads,Retargeting,Yes
65966,11-02-2025 06:05,Direct Traffic,-,No
55737,11-02-2025 11:22,Referral,New Product Launch,Yes
30460,10-02-2025 19:21,Display Ads,Retargeting,No
69561,11-02-2025 22:41,Referral,New Product Launch,No
79091,10-02-2025 12:36,Referral,New Product Launch,No
17278,10-02-2025 22:05,Referral,-,Yes
24956,11-02-2025 05:24,Direct Traffic,-,No
22943,11-02-2025 02:48,Email,New Product Launch,Yes
49985,10-02-2025 01:10,Search Ads,Discount Offer,No
76957,10-02-2025 07:28,Social Media,New Product Launch,Yes
48949,10-02-2025 10:44,Email,Brand Awareness,Yes
93014,10-02-2025 11:59,Search Ads,New Product Launch,No
26328,11-02-2025 12:35,Direct Traffic,-,No
44827,11-02-2025 08:16,Email,-,No
98683,11-02-2025 13:04,Social Media,Discount Offer,No
98273,11-02-2025 10:56,Display Ads,Retargeting,Yes
74876,11-02-2025 03:14,Email,New Product Launch,Yes
29196,11-02-2025 13:36,Email,Discount Offer,No
67283,11-02-2025 07:04,Email,-,Yes
13775,10-02-2025 23:29,Search Ads,Brand Awareness,No
62079,10-02-2025 18:27,Referral,Retargeting,Yes
20685,11-02-2025 04:16,Display Ads,Brand Awareness,No
79268,11-02-2025 23:08,Email,Brand Awareness,No
78830,11-02-2025 04:05,Display Ads,New Product Launch,Yes
82050,10-02-2025 11:22,Display Ads,Retargeting,Yes
79408,11-02-2025 13:21,Display Ads,Discount Offer,No
61063,11-02-2025 09:05,Social Media,New Product Launch,No
35942,11-02-2025 00:20,Search Ads,Discount Offer,Yes
88425,10-02-2025 19:56,Display Ads,Winter Sale,Yes
83962,10-02-2025 12:39,Email,Brand Awareness,No
44026,10-02-2025 04:27,Direct Traffic,-,Yes
47511,10-02-2025 08:49,Referral,Retargeting,No
41146,10-02-2025 09:47,Display Ads,Winter Sale,No
92988,10-02-2025 14:24,Display Ads,Discount Offer,No
72028,10-02-2025 04:57,Email,Retargeting,Yes
31126,10-02-2025 17:39,Email,Brand Awareness,No
97899,10-02-2025 17:47,Social Media,New Product Launch,No
48850,10-02-2025 22:38,Direct Traffic,-,Yes
85844,10-02-2025 01:27,Direct Traffic,-,Yes
91966,11-02-2025 19:42,Referral,-,No
99566,10-02-2025 21:56,Referral,-,No
17566,10-02-2025 14:25,Referral,Brand Awareness,Yes
54549,10-02-2025 08:00,Social Media,Winter Sale,No
23799,11-02-2025 03:32,Direct Traffic,-,Yes
82064,11-02-2025 09:48,Email,Discount Offer,No
91512,10-02-2025 01:05,Display Ads,Winter Sale,Yes
24212,10-02-2025 03:23,Display Ads,-,No
42501,10-02-2025 02:20,Direct Traffic,-,Yes
40098,10-02-2025 21:11,Search Ads,Brand Awareness,No
83149,10-02-2025 05:19,Social Media,Discount Offer,No
27452,10-02-2025 22:19,Email,Brand Awareness,Yes
24581,11-02-2025 08:02,Social Media,Brand Awareness,No
48237,11-02-2025 13:41,Referral,Brand Awareness,No
23497,10-02-2025 10:54,Referral,Winter Sale,No
49053,11-02-2025 07:43,Referral,Winter Sale,Yes
39559,11-02-2025 13:01,Search Ads,Discount Offer,Yes
60844,10-02-2025 10:56,Search Ads,Discount Offer,No
41638,10-02-2025 02:30,Social Media,-,No
67765,11-02-2025 15:20,Direct Traffic,-,Yes
64541,10-02-2025 04:33,Social Media,Retargeting,No
42970,11-02-2025 08:31,Referral,Discount Offer,No
40965,11-02-2025 11:44,Display Ads,Discount Offer,No
96237,11-02-2025 12:25,Social Media,Winter Sale,No
35728,11-02-2025 18:30,Search Ads,Discount Offer,Yes
49991,10-02-2025 19:03,Email,Winter Sale,Yes
69775,11-02-2025 22:32,Email,Brand Awareness,Yes
68381,11-02-2025 15:39,Referral,Retargeting,Yes
38175,11-02-2025 20:33,Email,Discount Offer,Yes
61019,10-02-2025 18:47,Display Ads,Discount Offer,No
37622,11-02-2025 03:05,Email,Retargeting,Yes
91055,11-02-2025 14:14,Referral,New Product Launch,No
59033,11-02-2025 19:29,Email,Discount Offer,No
75473,10-02-2025 03:09,Direct Traffic,-,No
23567,11-02-2025 23:25,Display Ads,New Product Launch,No
87803,11-02-2025 07:33,Display Ads,-,Yes
64753,10-02-2025 01:46,Referral,Brand Awareness,No
63781,11-02-2025 02:01,Direct Traffic,-,No
54005,11-02-2025 02:16,Search Ads,Brand Awareness,Yes
94970,11-02-2025 22:47,Search Ads,Brand Awareness,Yes
43787,10-02-2025 18:14,Direct Traffic,-,No
64767,11-02-2025 23:12,Social Media,-,Yes
79969,10-02-2025 01:12,Display Ads,New Product Launch,No
11295,10-02-2025 05:52,Social Media,Discount Offer,Yes
55756,11-02-2025 07:10,Email,New Product Launch,No
87642,10-02-2025 06:20,Search Ads,-,Yes
78831,11-02-2025 14:48,Direct Traffic,-,No
37722,11-02-2025 00:43,Direct Traffic,-,No
47631,10-02-2025 01:35,Email,New Product Launch,Yes
15491,10-02-2025 22:36,Referral,Brand Awareness,Yes
67211,10-02-2025 20:03,Display Ads,-,Yes
41755,10-02-2025 07:01,Display Ads,-,No
59482,11-02-2025 06:07,Referral,Winter Sale,Yes
33077,11-02-2025 19:47,Email,Winter Sale,Yes
94932,10-02-2025 00:43,Social Media,Winter Sale,No
46373,10-02-2025 08:55,Display Ads,-,No
81053,10-02-2025 06:42,Display Ads,Discount Offer,Yes
97087,10-02-2025 18:41,Referral,Brand Awareness,No
79863,11-02-2025 17:51,Direct Traffic,-,Yes
25790,11-02-2025 21:46,Referral,Winter Sale,Yes
89556,11-02-2025 05:12,Email,Winter Sale,Yes
72843,11-02-2025 17:44,Display Ads,Brand Awareness,No
13771,11-02-2025 19:41,Email,Retargeting,No
10255,10-02-2025 05:49,Referral,Winter Sale,No
60859,10-02-2025 03:34,Display Ads,Winter Sale,No
10690,11-02-2025 04:20,Search Ads,New Product Launch,No
82668,10-02-2025 07:47,Referral,Discount Offer,No
94157,11-02-2025 03:43,Email,New Product Launch,No
48099,11-02-2025 14:20,Display Ads,Retargeting,Yes
17737,10-02-2025 01:44,Display Ads,Retargeting,Yes
45202,10-02-2025 23:43,Referral,Retargeting,No
41969,10-02-2025 14:38,Direct Traffic,-,No
43175,10-02-2025 22:11,Social Media,Retargeting,Yes
28567,11-02-2025 11:19,Search Ads,Brand Awareness,No
34007,10-02-2025 19:07,Email,Retargeting,No
69561,10-02-2025 04:43,Search Ads,Discount Offer,Yes
53994,11-02-2025 12:13,Display Ads,New Product Launch,No
46598,10-02-2025 02:03,Display Ads,Winter Sale,Yes
81479,10-02-2025 07:12,Display Ads,New Product Launch,No
64877,11-02-2025 18:26,Social Media,-,Yes
95242,10-02-2025 09:03,Referral,Discount Offer,No
12855,10-02-2025 04:55,Search Ads,-,Yes
78059,11-02-2025 04:46,Email,New Product Launch,No
21001,11-02-2025 16:07,Direct Traffic,-,No
22921,11-02-2025 00:48,Email,Retargeting,No
76514,10-02-2025 15:40,Referral,New Product Launch,Yes
45415,11-02-2025 08:39,Referral,Brand Awareness,Yes
72337,11-02-2025 04:29,Search Ads,Retargeting,No
37078,10-02-2025 11:35,Display Ads,Discount Offer,No
70016,11-02-2025 07:17,Search Ads,Winter Sale,Yes
24012,11-02-2025 18:16,Search Ads,Retargeting,Yes
17726,10-02-2025 04:50,Direct Traffic,-,Yes
11295,11-02-2025 15:05,Referral,-,Yes
84395,11-02-2025 03:56,Referral,Retargeting,Yes
23733,10-02-2025 10:56,Search Ads,-,No
11416,10-02-2025 19:35,Direct Traffic,-,No
74738,11-02-2025 01:49,Display Ads,Discount Offer,Yes
40965,11-02-2025 13:37,Search Ads,Discount Offer,Yes
11177,11-02-2025 13:25,Search Ads,New Product Launch,No
99937,11-02-2025 05:37,Display Ads,Brand Awareness,No
61600,10-02-2025 18:44,Direct Traffic,-,Yes
72819,10-02-2025 05:29,Direct Traffic,-,Yes
46364,11-02-2025 17:28,Social Media,Winter Sale,Yes
82668,10-02-2025 22:01,Referral,Retargeting,Yes
53313,11-02-2025 02:35,Email,New Product Launch,Yes
46598,11-02-2025 18:32,Display Ads,Brand Awareness,Yes
65514,11-02-2025 08:31,Referral,-,No
58969,11-02-2025 03:20,Direct Traffic,-,No
74915,10-02-2025 16:45,Email,New Product Launch,No
99526,10-02-2025 06:09,Direct Traffic,-,No
62089,11-02-2025 11:16,Social Media,Winter Sale,Yes
19679,10-02-2025 13:44,Social Media,Winter Sale,Yes
26754,11-02-2025 16:23,Email,Winter Sale,Yes
29837,10-02-2025 15:23,Direct Traffic,-,No
15978,10-02-2025 12:56,Search Ads,New Product Launch,No
30578,11-02-2025 07:07,Referral,Discount Offer,Yes
28194,10-02-2025 16:20,Social Media,Winter Sale,No
38973,10-02-2025 19:05,Search Ads,-,No
28511,10-02-2025 04:40,Display Ads,Discount Offer,No
76743,10-02-2025 14:17,Direct Traffic,-,No
56987,11-02-2025 00:17,Referral,Discount Offer,No
40090,10-02-2025 15:20,Direct Traffic,-,Yes
10843,11-02-2025 09:02,Referral,Brand Awareness,No
27166,10-02-2025 20:06,Email,New Product Launch,No
23362,10-02-2025 05:59,Search Ads,-,No
49524,10-02-2025 01:42,Social Media,Winter Sale,No
37554,10-02-2025 12:22,Display Ads,New Product Launch,Yes
77091,11-02-2025 16:19,Search Ads,-,No
98275,10-02-2025 18:30,Referral,Retargeting,Yes
53024,10-02-2025 09:18,Direct Traffic,-,Yes
19971,10-02-2025 19:37,Email,Brand Awareness,Yes
59110,11-02-2025 20:47,Search Ads,Winter Sale,No
39761,11-02-2025 20:50,Email,-,Yes
95772,10-02-2025 21:58,Search Ads,Brand Awareness,No
97804,11-02-2025 03:18,Email,Brand Awareness,Yes
25377,11-02-2025 19:45,Search Ads,Winter Sale,No
55894,10-02-2025 13:03,Social Media,Winter Sale,Yes
35247,10-02-2025 14:23,Referral,Retargeting,Yes
25547,11-02-2025 11:41,Email,-,No
46988,11-02-2025 23:54,Social Media,Discount Offer,No
45218,11-02-2025 21:11,Referral,New Product Launch,No
24914,10-02-2025 16:01,Referral,Retargeting,No
74032,10-02-2025 15:39,Email,Winter Sale,No
25725,10-02-2025 10:11,Search Ads,Retargeting,Yes
75201,10-02-2025 22:41,Social Media,New Product Launch,Yes
45053,10-02-2025 02:40,Social Media,New Product Launch,Yes
47202,10-02-2025 23:03,Referral,Brand Awareness,No
37659,11-02-2025 15:46,Email,Brand Awareness,No
53293,10-02-2025 17:57,Referral,Winter Sale,No
35980,10-02-2025 00:47,Direct Traffic,-,Yes
88880,11-02-2025 01:27,Email,New Product Launch,Yes
33336,10-02-2025 09:44,Display Ads,Winter Sale,Yes
16758,10-02-2025 07:41,Display Ads,Discount Offer,No
75960,10-02-2025 09:13,Social Media,New Product Launch,No
93227,11-02-2025 10:20,Referral,Discount Offer,No
52260,10-02-2025 15:29,Referral,Winter Sale,Yes
58703,11-02-2025 19:07,Direct Traffic,-,Yes
48099,10-02-2025 17:38,Email,New Product Launch,No
60780,10-02-2025 14:29,Referral,-,No
12663,10-02-2025 07:28,Search Ads,Winter Sale,Yes
72532,11-02-2025 17:31,Display Ads,Retargeting,No
33974,11-02-2025 21:47,Display Ads,-,No
76240,10-02-2025 18:37,Referral,Retargeting,No
67466,11-02-2025 04:12,Email,New Product Launch,Yes
52013,10-02-2025 15:26,Search Ads,Brand Awareness,No
41956,11-02-2025 13:56,Email,Brand Awareness,Yes
56128,10-02-2025 19:56,Direct Traffic,-,No
27463,11-02-2025 05:22,Referral,Discount Offer,Yes
64163,10-02-2025 07:50,Referral,New Product Launch,Yes
93973,10-02-2025 23:27,Social Media,New Product Launch,No
15596,11-02-2025 01:47,Display Ads,Brand Awareness,Yes
97844,10-02-2025 18:03,Search Ads,-,Yes
36676,11-02-2025 03:48,Referral,Winter Sale,No
19180,11-02-2025 21:45,Email,-,No
83319,10-02-2025 19:56,Email,Winter Sale,Yes
83147,10-02-2025 18:55,Search Ads,-,No
13806,10-02-2025 17:05,Search Ads,New Product Launch,Yes
82764,10-02-2025 03:20,Email,Winter Sale,No
72959,11-02-2025 12:12,Direct Traffic,-,No
46918,10-02-2025 13:59,Referral,Retargeting,No
40227,11-02-2025 07:02,Display Ads,Brand Awareness,Yes
98310,11-02-2025 22:07,Search Ads,Winter Sale,Yes
74192,10-02-2025 00:02,Email,Retargeting,Yes
94486,10-02-2025 06:51,Referral,Winter Sale,Yes
51669,10-02-2025 06:51,Search Ads,Brand Awareness,Yes
80282,11-02-2025 07:15,Display Ads,Retargeting,Yes
97726,10-02-2025 11:20,Direct Traffic,-,Yes
26754,10-02-2025 07:48,Social Media,Retargeting,Yes
35626,10-02-2025 08:18,Referral,New Product Launch,Yes
46442,11-02-2025 18:45,Display Ads,Retargeting,Yes
94548,10-02-2025 06:52,Direct Traffic,-,No
78420,10-02-2025 20:11,Search Ads,Retargeting,No
87851,11-02-2025 23:39,Social Media,Retargeting,No
38491,10-02-2025 05:13,Referral,New Product Launch,No
43467,11-02-2025 22:54,Search Ads,New Product Launch,No
69153,10-02-2025 21:48,Email,Retargeting,No
29096,11-02-2025 13:41,Email,-,Yes
36175,10-02-2025 02:19,Referral,New Product Launch,No
76732,11-02-2025 01:42,Referral,New Product Launch,No
19049,10-02-2025 13:49,Search Ads,Winter Sale,No
25369,11-02-2025 22:59,Social Media,New Product Launch,No
92904,11-02-2025 07:48,Direct Traffic,-,Yes
88567,11-02-2025 19:01,Display Ads,Brand Awareness,No
98670,11-02-2025 10:27,Social Media,New Product Launch,Yes
79163,10-02-2025 07:17,Email,-,No
68180,11-02-2025 09:44,Referral,Winter Sale,Yes
98628,11-02-2025 19:28,Display Ads,Retargeting,No
11611,11-02-2025 08:35,Direct Traffic,-,No
17133,10-02-2025 05:46,Display Ads,Winter Sale,No
76029,10-02-2025 12:32,Display Ads,Winter Sale,No
80892,11-02-2025 22:56,Display Ads,Retargeting,No
70697,10-02-2025 16:55,Search Ads,New Product Launch,No
38857,10-02-2025 14:58,Search Ads,Discount Offer,No
21910,11-02-2025 00:07,Email,Discount Offer,Yes
87760,11-02-2025 20:10,Search Ads,Discount Offer,No
91331,10-02-2025 07:34,Referral,Winter Sale,No
96855,11-02-2025 05:16,Referral,-,No
41573,11-02-2025 14:42,Email,-,Yes
87939,11-02-2025 19:36,Search Ads,Discount Offer,No
83035,10-02-2025 17:36,Referral,New Product Launch,No
58957,10-02-2025 10:46,Social Media,New Product Launch,Yes
85309,11-02-2025 19:50,Social Media,Discount Offer,No
81168,10-02-2025 10:22,Search Ads,-,No
72842,11-02-2025 04:29,Direct Traffic,-,No
67419,11-02-2025 10:42,Direct Traffic,-,Yes
24251,10-02-2025 21:02,Direct Traffic,-,No
30675,11-02-2025 14:42,Referral,Discount Offer,Yes
94084,11-02-2025 11:25,Referral,Retargeting,No
59251,11-02-2025 16:21,Search Ads,New Product Launch,Yes
79100,10-02-2025 15:51,Direct Traffic,-,No
25172,11-02-2025 20:35,Display Ads,-,No
94431,10-02-2025 23:54,Referral,Discount Offer,No
81545,10-02-2025 05:27,Referral,-,No
63709,11-02-2025 00:22,Social Media,-,No
87737,11-02-2025 18:20,Direct Traffic,-,Yes
74629,10-02-2025 18:36,Social Media,Winter Sale,Yes
62579,11-02-2025 20:41,Social Media,-,Yes
79404,11-02-2025 13:54,Social Media,Brand Awareness,No
69942,11-02-2025 14:54,Direct Traffic,-,Yes
46438,10-02-2025 13:57,Social Media,New Product Launch,No
88885,11-02-2025 01:12,Direct Traffic,-,Yes
72842,10-02-2025 22:17,Email,Discount Offer,Yes
33497,11-02-2025 16:31,Display Ads,Discount Offer,No
42818,11-02-2025 13:35,Direct Traffic,-,Yes
96294,10-02-2025 00:51,Referral,Discount Offer,Yes
11914,10-02-2025 10:33,Search Ads,Brand Awareness,Yes
89239,11-02-2025 06:50,Referral,Winter Sale,No
18383,11-02-2025 18:20,Referral,Brand Awareness,No
37622,11-02-2025 10:37,Search Ads,Retargeting,No
22387,11-02-2025 22:37,Email,Brand Awareness,No
78925,10-02-2025 17:39,Search Ads,-,Yes
46058,10-02-2025 00:13,Social Media,-,No
86021,11-02-2025 14:50,Social Media,Brand Awareness,No
27548,10-02-2025 13:51,Display Ads,Discount Offer,No
48330,10-02-2025 09:43,Email,Discount Offer,Yes
90897,10-02-2025 17:09,Direct Traffic,-,Yes
27774,10-02-2025 09:57,Direct Traffic,-,No
13471,10-02-2025 00:26,Display Ads,Retargeting,No
59319,10-02-2025 05:21,Social Media,Retargeting,Yes
98055,11-02-2025 13:45,Direct Traffic,-,Yes
23589,11-02-2025 06:20,Referral,Winter Sale,No
56993,10-02-2025 10:59,Search Ads,Retargeting,Yes
33499,11-02-2025 06:22,Display Ads,-,No
87967,10-02-2025 17:03,Referral,New Product Launch,No
69351,11-02-2025 06:03,Social Media,Winter Sale,Yes
29809,11-02-2025 08:18,Display Ads,Retargeting,No
13471,11-02-2025 13:16,Referral,Retargeting,Yes
50636,10-02-2025 06:44,Referral,New Product Launch,No
48097,10-02-2025 22:02,Search Ads,New Product Launch,No
85152,11-02-2025 14:22,Email,-,No
10095,11-02-2025 18:45,Search Ads,Retargeting,Yes
54489,10-02-2025 18:31,Social Media,New Product Launch,No
74629,10-02-2025 03:00,Referral,Discount Offer,No
52317,11-02-2025 21:17,Social Media,Discount Offer,No
90879,10-02-2025 14:19,Direct Traffic,-,Yes
83149,11-02-2025 08:42,Email,Discount Offer,Yes
63511,11-02-2025 02:26,Social Media,Discount Offer,No
22725,10-02-2025 03:50,Email,Discount Offer,No
97915,11-02-2025 06:08,Display Ads,Retargeting,Yes
99526,10-02-2025 19:03,Display Ads,Retargeting,No
28268,10-02-2025 02:26,Email,New Product Launch,Yes
27506,10-02-2025 19:21,Email,Retargeting,No
97844,11-02-2025 11:21,Search Ads,Retargeting,No
54089,10-02-2025 03:39,Social Media,Discount Offer,Yes
46179,10-02-2025 11:38,Display Ads,Brand Awareness,Yes
90811,10-02-2025 23:59,Direct Traffic,-,No
62564,10-02-2025 03:48,Social Media,Discount Offer,No
72479,11-02-2025 20:31,Email,Brand Awareness,No
68708,11-02-2025 13:17,Referral,Winter Sale,No
89619,10-02-2025 03:39,Referral,Retargeting,Yes
61905,11-02-2025 07:09,Direct Traffic,-,Yes
83965,10-02-2025 17:59,Direct Traffic,-,Yes
72122,11-02-2025 14:32,Display Ads,-,Yes
53707,11-02-2025 13:51,Email,Retargeting,Yes
93007,11-02-2025 08:13,Referral,Winter Sale,No
73838,10-02-2025 21:20,Email,Winter Sale,Yes
23968,10-02-2025 05:31,Display Ads,New Product Launch,Yes
43065,11-02-2025 01:54,Referral,Brand Awareness,No
45058,10-02-2025 22:53,Direct Traffic,-,No
77286,10-02-2025 10:43,Search Ads,Winter Sale,Yes
91879,11-02-2025 16:36,Search Ads,Discount Offer,Yes
88293,11-02-2025 23:47,Social Media,Winter Sale,Yes
33545,10-02-2025 20:21,Direct Traffic,-,Yes
53932,11-02-2025 02:42,Search Ads,Retargeting,Yes
20743,11-02-2025 06:08,Search Ads,-,No
62079,10-02-2025 20:00,Direct Traffic,-,Yes
47339,11-02-2025 17:05,Display Ads,Retargeting,No
74913,10-02-2025 02:16,Direct Traffic,-,Yes
98133,10-02-2025 01:04,Direct Traffic,-,Yes
81847,10-02-2025 13:00,Referral,Discount Offer,No
82050,11-02-2025 22:27,Referral,Brand Awareness,No
79863,11-02-2025 06:53,Display Ads,Retargeting,Yes
79189,10-02-2025 01:41,Referral,Retargeting,Yes
58511,10-02-2025 11:24,Direct Traffic,-,Yes
54215,11-02-2025 01:40,Display Ads,Retargeting,Yes
74664,11-02-2025 03:55,Display Ads,Retargeting,Yes
93271,11-02-2025 07:27,Referral,Retargeting,Yes
61878,11-02-2025 21:56,Search Ads,-,No
45832,11-02-2025 22:19,Search Ads,Discount Offer,No
73118,10-02-2025 12:05,Referral,-,Yes
25787,11-02-2025 18:21,Email,Winter Sale,No
63618,10-02-2025 23:58,Referral,Discount Offer,No
54418,11-02-2025 14:43,Email,New Product Launch,Yes
15395,10-02-2025 10:03,Direct Traffic,-,Yes
58795,10-02-2025 08:20,Search Ads,Brand Awareness,Yes
72577,10-02-2025 02:56,Referral,Brand Awareness,Yes
98015,11-02-2025 19:38,Email,Winter Sale,No
84196,11-02-2025 10:41,Search Ads,Discount Offer,Yes
84041,11-02-2025 04:05,Social Media,Retargeting,No
96007,11-02-2025 20:46,Referral,Winter Sale,No
60881,11-02-2025 08:40,Email,Retargeting,Yes
77294,11-02-2025 09:28,Social Media,Discount Offer,No
94897,11-02-2025 01:03,Referral,Brand Awareness,No
97529,10-02-2025 00:03,Display Ads,Brand Awareness,No
11503,11-02-2025 06:05,Direct Traffic,-,No
76601,11-02-2025 21:14,Display Ads,Discount Offer,Yes
21712,11-02-2025 03:42,Direct Traffic,-,Yes
10466,10-02-2025 04:03,Social Media,-,No
52408,11-02-2025 09:16,Social Media,Retargeting,No
20306,11-02-2025 06:28,Social Media,New Product Launch,Yes
32692,10-02-2025 02:28,Social Media,Winter Sale,Yes
89467,10-02-2025 02:33,Email,Discount Offer,Yes
80282,10-02-2025 06:57,Social Media,Retargeting,No
89703,10-02-2025 14:55,Referral,Winter Sale,Yes
89500,10-02-2025 08:59,Direct Traffic,-,Yes
35873,10-02-2025 09:00,Referral,-,Yes
81974,11-02-2025 03:50,Email,New Product Launch,No
79163,10-02-2025 00:56,Search Ads,Winter Sale,Yes
72179,10-02-2025 23:52,Referral,Brand Awareness,No
76240,10-02-2025 01:24,Direct Traffic,-,No
49847,11-02-2025 20:49,Search Ads,New Product Launch,No
96491,11-02-2025 18:45,Social Media,-,Yes
64767,11-02-2025 02:18,Display Ads,Brand Awareness,No
60616,11-02-2025 09:24,Referral,-,Yes
37916,11-02-2025 00:25,Display Ads,-,No
86021,11-02-2025 07:41,Email,-,No
84690,10-02-2025 19:23,Direct Traffic,-,Yes
71478,11-02-2025 09:25,Referral,Discount Offer,Yes
57726,11-02-2025 13:10,Social Media,New Product Launch,Yes
15924,10-02-2025 01:04,Search Ads,Winter Sale,Yes
82125,10-02-2025 00:27,Email,Discount Offer,Yes
95298,11-02-2025 08:14,Display Ads,Winter Sale,No
73458,10-02-2025 17:34,Direct Traffic,-,Yes
34608,10-02-2025 17:54,Search Ads,Winter Sale,No
72045,11-02-2025 12:36,Email,Discount Offer,No
24215,10-02-2025 04:40,Referral,Retargeting,No
82551,10-02-2025 05:29,Email,Discount Offer,No
18383,11-02-2025 10:44,Email,Brand Awareness,No
10341,10-02-2025 18:53,Display Ads,Winter Sale,No
43721,11-02-2025 06:12,Display Ads,Discount Offer,Yes
93989,10-02-2025 10:00,Email,Retargeting,Yes
80739,11-02-2025 15:58,Search Ads,Discount Offer,No
92989,10-02-2025 20:41,Referral,Brand Awareness,No
93973,11-02-2025 00:25,Direct Traffic,-,Yes
51785,11-02-2025 21:40,Search Ads,Brand Awareness,No
45652,11-02-2025 09:55,Email,Brand Awareness,No
34943,11-02-2025 09:45,Social Media,Discount Offer,Yes
13428,11-02-2025 05:31,Social Media,Discount Offer,No
27470,10-02-2025 08:41,Display Ads,Discount Offer,Yes
80604,10-02-2025 22:28,Social Media,Winter Sale,No
70222,10-02-2025 03:05,Display Ads,Retargeting,No
97280,10-02-2025 03:39,Referral,Discount Offer,No
45218,11-02-2025 18:08,Direct Traffic,-,No
21667,10-02-2025 07:21,Search Ads,Brand Awareness,No
77681,11-02-2025 11:44,Display Ads,Discount Offer,No
47236,11-02-2025 23:07,Email,Winter Sale,No
93576,11-02-2025 15:43,Referral,Discount Offer,No
28265,10-02-2025 17:14,Search Ads,Retargeting,Yes
50369,11-02-2025 14:04,Email,-,Yes
72636,10-02-2025 03:17,Email,Winter Sale,Yes
37380,10-02-2025 15:31,Referral,Discount Offer,Yes
13444,11-02-2025 20:49,Direct Traffic,-,Yes
66863,11-02-2025 11:33,Referral,New Product Launch,Yes
92468,11-02-2025 01:35,Email,Discount Offer,No
60852,11-02-2025 01:43,Direct Traffic,-,No
62875,11-02-2025 13:25,Display Ads,Winter Sale,No
11365,11-02-2025 06:36,Display Ads,Retargeting,Yes
92234,10-02-2025 03:08,Search Ads,-,No
28918,10-02-2025 07:00,Search Ads,Retargeting,Yes
43398,11-02-2025 17:08,Direct Traffic,-,No
38252,10-02-2025 12:39,Direct Traffic,-,No
45564,10-02-2025 01:08,Email,Brand Awareness,Yes
24761,10-02-2025 20:59,Referral,New Product Launch,Yes
30842,10-02-2025 17:06,Referral,Winter Sale,Yes
84060,11-02-2025 16:49,Referral,-,No
64541,10-02-2025 02:26,Search Ads,Winter Sale,Yes
33537,10-02-2025 02:08,Direct Traffic,-,No
86558,10-02-2025 20:30,Display Ads,Winter Sale,Yes
62229,11-02-2025 17:08,Search Ads,-,Yes
89132,11-02-2025 05:13,Display Ads,Brand Awareness,No
60852,11-02-2025 03:40,Direct Traffic,-,No
58748,11-02-2025 16:06,Direct Traffic,-,No
30136,10-02-2025 11:51,Social Media,-,No
35324,11-02-2025 18:34,Search Ads,Retargeting,No
97127,11-02-2025 21:11,Referral,Retargeting,Yes
41848,11-02-2025 01:22,Social Media,Retargeting,No
96546,11-02-2025 00:10,Direct Traffic,-,Yes
46442,10-02-2025 00:55,Search Ads,Discount Offer,Yes
21343,10-02-2025 05:34,Search Ads,Retargeting,No
75208,10-02-2025 06:01,Search Ads,Discount Offer,No
97280,10-02-2025 02:52,Social Media,Discount Offer,No
70378,11-02-2025 18:28,Referral,Discount Offer,No
37916,10-02-2025 05:14,Direct Traffic,-,Yes
82125,10-02-2025 18:58,Email,New Product Launch,No
98432,11-02-2025 20:54,Referral,New Product Launch,No
62089,11-02-2025 02:33,Social Media,Winter Sale,No
45297,10-02-2025 09:55,Referral,-,No
31278,10-02-2025 14:15,Direct Traffic,-,Yes
91876,10-02-2025 03:56,Search Ads,Brand Awareness,Yes
92799,10-02-2025 04:42,Direct Traffic,-,Yes
45927,10-02-2025 23:40,Referral,Discount Offer,No
30888,10-02-2025 19:05,Direct Traffic,-,No
62101,10-02-2025 01:14,Direct Traffic,-,Yes
87760,10-02-2025 19:45,Direct Traffic,-,Yes
44038,11-02-2025 13:43,Direct Traffic,-,No
32651,10-02-2025 09:00,Referral,-,Yes
41941,11-02-2025 14:31,Direct Traffic,-,No
44982,10-02-2025 20:10,Display Ads,Retargeting,Yes
49847,11-02-2025 12:37,Display Ads,Retargeting,No
29837,11-02-2025 11:22,Email,Winter Sale,Yes
25134,11-02-2025 06:25,Referral,Winter Sale,No
20507,10-02-2025 10:12,Search Ads,Discount Offer,Yes
72179,11-02-2025 15:43,Display Ads,Brand Awareness,Yes
72415,10-02-2025 22:37,Social Media,Discount Offer,Yes
49297,10-02-2025 01:13,Social Media,Retargeting,Yes
20111,10-02-2025 11:55,Email,Discount Offer,No
46442,10-02-2025 08:35,Social Media,New Product Launch,No
27452,11-02-2025 06:23,Search Ads,Winter Sale,Yes
99744,10-02-2025 10:19,Direct Traffic,-,Yes
74627,11-02-2025 21:32,Display Ads,Winter Sale,Yes
23733,11-02-2025 07:41,Display Ads,-,No
11784,11-02-2025 18:13,Social Media,Winter Sale,No
71026,11-02-2025 23:01,Email,Winter Sale,Yes
41563,10-02-2025 01:52,Display Ads,Retargeting,No
17133,10-02-2025 11:47,Display Ads,-,No
32120,11-02-2025 23:02,Direct Traffic,-,No
79192,11-02-2025 16:08,Social Media,Winter Sale,No
64521,11-02-2025 01:00,Display Ads,New Product Launch,No
96934,11-02-2025 15:17,Display Ads,Retargeting,Yes
57669,11-02-2025 05:31,Search Ads,Retargeting,No
58884,10-02-2025 04:58,Direct Traffic,-,No
55227,11-02-2025 15:17,Display Ads,-,No
42325,11-02-2025 04:30,Email,Winter Sale,Yes
11233,10-02-2025 07:59,Email,Discount Offer,Yes
52731,10-02-2025 08:45,Direct Traffic,-,No
80368,10-02-2025 17:10,Direct Traffic,-,No
75841,11-02-2025 01:44,Referral,Winter Sale,No
72077,10-02-2025 03:19,Direct Traffic,-,No
86658,10-02-2025 01:05,Referral,Brand Awareness,Yes
75302,11-02-2025 00:06,Referral,Discount Offer,No
69904,11-02-2025 16:04,Search Ads,-,Yes
50501,11-02-2025 23:23,Search Ads,-,Yes
72843,10-02-2025 12:18,Email,Winter Sale,No
84567,11-02-2025 05:13,Direct Traffic,-,No
75751,11-02-2025 14:40,Display Ads,New Product Launch,No
52274,11-02-2025 11:15,Social Media,-,No
10045,10-02-2025 17:20,Search Ads,Discount Offer,No
67893,11-02-2025 22:17,Display Ads,Winter Sale,No
13967,11-02-2025 00:09,Display Ads,Discount Offer,Yes
48990,11-02-2025 19:57,Display Ads,Brand Awareness,No
10068,11-02-2025 10:14,Social Media,Brand Awareness,Yes
51640,11-02-2025 23:22,Direct Traffic,-,Yes
59787,11-02-2025 02:26,Referral,Retargeting,No
34263,11-02-2025 18:36,Email,Winter Sale,Yes
97881,10-02-2025 23:10,Display Ads,New Product Launch,No
63712,10-02-2025 09:09,Email,New Product Launch,Yes
26109,10-02-2025 22:08,Email,New Product Launch,Yes
26189,10-02-2025 06:52,Direct Traffic,-,Yes
41411,10-02-2025 12:36,Direct Traffic,-,No
46334,11-02-2025 06:13,Search Ads,Retargeting,No
63990,11-02-2025 12:36,Email,Discount Offer,No
56855,10-02-2025 15:45,Email,Brand Awareness,Yes
32477,11-02-2025 21:31,Display Ads,Winter Sale,No
91886,10-02-2025 00:57,Search Ads,Retargeting,No
90131,10-02-2025 15:06,Social Media,Discount Offer,Yes
80481,11-02-2025 15:31,Social Media,New Product Launch,No
47391,11-02-2025 16:57,Direct Traffic,-,Yes
77748,10-02-2025 08:17,Search Ads,Discount Offer,Yes
90964,10-02-2025 17:08,Referral,-,Yes
95303,11-02-2025 01:08,Display Ads,Discount Offer,Yes
45575,11-02-2025 08:20,Search Ads,-,Yes
62061,10-02-2025 14:56,Search Ads,Brand Awareness,Yes
83147,10-02-2025 22:11,Email,Discount Offer,No
78348,11-02-2025 19:21,Direct Traffic,-,No
90548,10-02-2025 15:17,Social Media,New Product Launch,No
60102,10-02-2025 00:37,Referral,Discount Offer,No
29272,11-02-2025 11:38,Search Ads,-,No
94832,10-02-2025 17:31,Social Media,Brand Awareness,No
28385,11-02-2025 21:36,Social Media,-,No
77681,11-02-2025 04:49,Direct Traffic,-,Yes
24833,11-02-2025 02:47,Referral,Discount Offer,Yes
24369,11-02-2025 16:44,Search Ads,Discount Offer,No
81300,11-02-2025 12:44,Search Ads,Winter Sale,No
90409,11-02-2025 14:24,Display Ads,Retargeting,Yes
94084,11-02-2025 06:58,Search Ads,-,No
15082,10-02-2025 19:20,Display Ads,-,No
70949,11-02-2025 12:37,Direct Traffic,-,Yes
97844,10-02-2025 20:32,Referral,Winter Sale,No
76127,11-02-2025 21:40,Social Media,Discount Offer,No
11511,10-02-2025 14:46,Display Ads,-,No
22684,10-02-2025 16:21,Email,-,Yes
79907,10-02-2025 01:41,Display Ads,Retargeting,Yes
21177,11-02-2025 17:22,Email,New Product Launch,No
55983,11-02-2025 08:37,Search Ads,Winter Sale,No
93592,11-02-2025 21:05,Display Ads,Retargeting,Yes
41956,11-02-2025 10:39,Direct Traffic,-,Yes
30299,11-02-2025 04:20,Direct Traffic,-,No
52806,11-02-2025 01:42,Search Ads,New Product Launch,No
39158,10-02-2025 02:31,Social Media,Retargeting,Yes
31581,11-02-2025 12:41,Social Media,Discount Offer,No
11686,10-02-2025 14:22,Social Media,Winter Sale,No
81244,10-02-2025 10:03,Social Media,New Product Launch,Yes
36311,11-02-2025 23:31,Email,New Product Launch,No
36375,10-02-2025 11:19,Search Ads,New Product Launch,Yes
54048,10-02-2025 04:50,Display Ads,Retargeting,No
63029,11-02-2025 02:00,Search Ads,-,No
51020,10-02-2025 09:31,Referral,Brand Awareness,No
41356,11-02-2025 18:04,Referral,Retargeting,Yes
94970,11-02-2025 08:35,Email,Retargeting,No
98683,11-02-2025 09:01,Direct Traffic,-,No
17656,11-02-2025 12:54,Social Media,-,No
85587,11-02-2025 10:02,Social Media,Brand Awareness,No
25845,11-02-2025 12:46,Referral,Retargeting,No
72122,11-02-2025 16:46,Direct Traffic,-,Yes
70442,10-02-2025 03:23,Email,Retargeting,No
82581,11-02-2025 01:31,Direct Traffic,-,Yes
34780,10-02-2025 15:57,Social Media,Discount Offer,No
31340,11-02-2025 16:05,Direct Traffic,-,Yes
21595,10-02-2025 03:50,Referral,Retargeting,No
80133,11-02-2025 12:01,Search Ads,Discount Offer,Yes
74686,11-02-2025 04:38,Display Ads,Brand Awareness,Yes
35107,10-02-2025 00:14,Search Ads,Brand Awareness,Yes
67882,10-02-2025 00:10,Referral,Discount Offer,No
32344,11-02-2025 22:14,Display Ads,Brand Awareness,No
47595,11-02-2025 22:22,Referral,Retargeting,No
99799,11-02-2025 19:18,Search Ads,Discount Offer,Yes
52013,10-02-2025 03:48,Email,Retargeting,No
34073,10-02-2025 19:43,Email,New Product Launch,Yes
62203,10-02-2025 21:26,Email,New Product Launch,Yes
84060,11-02-2025 22:38,Referral,Discount Offer,Yes
73006,10-02-2025 14:52,Search Ads,Brand Awareness,No
13090,10-02-2025 01:43,Email,New Product Launch,Yes
57996,11-02-2025 01:39,Referral,-,Yes
43065,11-02-2025 11:57,Social Media,-,No
84925,11-02-2025 00:25,Email,-,Yes
37474,11-02-2025 12:36,Referral,Discount Offer,Yes
50952,11-02-2025 21:56,Email,Retargeting,Yes
80259,11-02-2025 14:57,Referral,Winter Sale,No
26927,11-02-2025 01:48,Display Ads,Retargeting,Yes
44827,10-02-2025 17:36,Social Media,Brand Awareness,Yes
55755,11-02-2025 20:20,Direct Traffic,-,No
18622,11-02-2025 07:56,Direct Traffic,-,No
28589,10-02-2025 10:25,Search Ads,Retargeting,No
92673,10-02-2025 12:05,Referral,Retargeting,No
25978,10-02-2025 05:49,Search Ads,Discount Offer,Yes
83307,11-02-2025 16:09,Search Ads,Winter Sale,No
80623,10-02-2025 17:40,Social Media,-,Yes
10120,11-02-2025 13:11,Direct Traffic,-,Yes
41935,10-02-2025 04:36,Search Ads,Winter Sale,No
21824,11-02-2025 01:37,Display Ads,Brand Awareness,Yes
49789,10-02-2025 18:58,Search Ads,Retargeting,Yes
54877,10-02-2025 18:47,Search Ads,New Product Launch,No
48649,10-02-2025 12:35,Email,Retargeting,Yes
82783,10-02-2025 08:20,Display Ads,Retargeting,Yes
69010,10-02-2025 11:13,Referral,Winter Sale,Yes
36457,10-02-2025 19:04,Direct Traffic,-,No
41356,11-02-2025 14:19,Email,-,No
20895,10-02-2025 12:49,Email,Brand Awareness,Yes
73945,11-02-2025 11:31,Email,Brand Awareness,No
12755,10-02-2025 20:51,Referral,Brand Awareness,No
92370,11-02-2025 15:34,Referral,Brand Awareness,Yes
41221,11-02-2025 19:32,Direct Traffic,-,No
44528,11-02-2025 04:23,Social Media,-,Yes
61022,10-02-2025 01:51,Referral,Retargeting,Yes
31937,11-02-2025 23:08,Referral,Brand Awareness,No
48099,11-02-2025 07:16,Display Ads,Retargeting,Yes
30895,10-02-2025 21:44,Direct Traffic,-,No
54741,10-02-2025 16:20,Search Ads,Discount Offer,No
25787,11-02-2025 07:32,Social Media,Winter Sale,Yes
77908,10-02-2025 01:53,Search Ads,Brand Awareness,No
47174,10-02-2025 10:57,Display Ads,Retargeting,No
18622,10-02-2025 05:26,Email,Winter Sale,No
74894,11-02-2025 19:21,Email,Retargeting,No
72337,10-02-2025 10:49,Referral,Brand Awareness,Yes
17287,11-02-2025 01:22,Display Ads,New Product Launch,No
90047,10-02-2025 02:44,Display Ads,-,No
68071,11-02-2025 17:07,Display Ads,Discount Offer,No
19454,11-02-2025 18:31,Social Media,Discount Offer,Yes
74913,11-02-2025 21:18,Search Ads,Winter Sale,Yes
90848,11-02-2025 07:47,Email,-,No
89813,11-02-2025 00:37,Search Ads,Winter Sale,No
23415,10-02-2025 14:49,Referral,Winter Sale,Yes
92201,11-02-2025 03:47,Display Ads,Winter Sale,No
54115,10-02-2025 15:32,Email,-,Yes
91019,11-02-2025 12:57,Referral,Retargeting,Yes
34608,10-02-2025 01:04,Referral,-,No
93328,11-02-2025 19:13,Email,Discount Offer,Yes
33822,11-02-2025 04:34,Social Media,-,Yes
88868,11-02-2025 15:49,Email,New Product Launch,No
21690,10-02-2025 06:01,Search Ads,Discount Offer,Yes
69248,10-02-2025 08:08,Social Media,New Product Launch,No
26693,11-02-2025 00:00,Display Ads,-,Yes
55808,10-02-2025 17:02,Search Ads,Brand Awareness,No
36126,10-02-2025 02:15,Direct Traffic,-,Yes
83919,10-02-2025 14:54,Referral,Discount Offer,No
69827,11-02-2025 15:31,Email,Winter Sale,Yes
55894,10-02-2025 16:49,Referral,Winter Sale,Yes
14049,10-02-2025 21:54,Social Media,New Product Launch,Yes
46050,10-02-2025 15:37,Referral,Winter Sale,Yes
65881,10-02-2025 02:25,Display Ads,Retargeting,Yes
52731,10-02-2025 13:27,Referral,New Product Launch,No
64747,11-02-2025 01:30,Direct Traffic,-,No
62875,11-02-2025 16:32,Direct Traffic,-,No
21787,10-02-2025 08:40,Direct Traffic,-,Yes
42014,11-02-2025 05:09,Direct Traffic,-,No
15025,10-02-2025 00:51,Referral,Retargeting,Yes
64955,10-02-2025 06:30,Referral,New Product Launch,No
77688,10-02-2025 19:29,Direct Traffic,-,Yes
78604,11-02-2025 04:36,Email,New Product Launch,No
25644,10-02-2025 05:43,Display Ads,-,Yes
51437,10-02-2025 11:53,Social Media,-,Yes
89639,10-02-2025 04:58,Direct Traffic,-,Yes
33822,10-02-2025 04:37,Search Ads,Winter Sale,Yes
83354,10-02-2025 19:19,Search Ads,New Product Launch,Yes
82005,11-02-2025 05:26,Social Media,Discount Offer,Yes
23233,10-02-2025 12:05,Email,Discount Offer,Yes
15052,11-02-2025 10:44,Direct Traffic,-,No
32897,10-02-2025 22:03,Search Ads,Discount Offer,Yes
64867,11-02-2025 14:28,Email,Winter Sale,No
56363,11-02-2025 00:59,Direct Traffic,-,Yes
50993,11-02-2025 14:09,Search Ads,New Product Launch,No
46658,10-02-2025 20:10,Email,-,Yes
83952,10-02-2025 10:36,Direct Traffic,-,Yes
31889,11-02-2025 11:34,Display Ads,-,No
81244,10-02-2025 11:53,Direct Traffic,-,No
27470,10-02-2025 06:58,Direct Traffic,-,No
64157,11-02-2025 10:14,Search Ads,Brand Awareness,No
15152,11-02-2025 00:24,Referral,-,No
58910,10-02-2025 05:03,Direct Traffic,-,Yes
32739,10-02-2025 00:00,Display Ads,Retargeting,No
63473,11-02-2025 21:55,Direct Traffic,-,Yes
26328,10-02-2025 09:18,Search Ads,Discount Offer,Yes
73654,10-02-2025 03:01,Email,Winter Sale,No
93989,11-02-2025 14:07,Social Media,Discount Offer,No
22723,10-02-2025 04:45,Direct Traffic,-,Yes
42818,10-02-2025 14:38,Display Ads,New Product Launch,Yes
65233,10-02-2025 01:26,Direct Traffic,-,No
84041,10-02-2025 17:19,Direct Traffic,-,No
90506,11-02-2025 18:50,Display Ads,Winter Sale,No
47595,11-02-2025 08:37,Search Ads,-,No
51578,10-02-2025 19:53,Email,-,Yes
31763,10-02-2025 08:32,Search Ads,New Product Launch,No
92642,10-02-2025 15:11,Social Media,-,Yes
80549,10-02-2025 19:26,Search Ads,Winter Sale,No
47152,10-02-2025 14:05,Social Media,New Product Launch,Yes
85152,11-02-2025 11:53,Social Media,New Product Launch,Yes
89412,11-02-2025 19:42,Search Ads,Discount Offer,Yes
29109,11-02-2025 09:27,Search Ads,New Product Launch,No
77091,11-02-2025 04:50,Direct Traffic,-,No
93592,10-02-2025 09:37,Social Media,-,No
66858,10-02-2025 19:02,Referral,Winter Sale,Yes
43721,10-02-2025 13:54,Direct Traffic,-,Yes
35129,10-02-2025 16:35,Social Media,Discount Offer,No
96671,10-02-2025 00:48,Referral,Discount Offer,Yes
13528,11-02-2025 03:27,Email,Discount Offer,No
34395,11-02-2025 11:40,Display Ads,Winter Sale,No
22407,11-02-2025 13:20,Direct Traffic,-,No
76967,10-02-2025 10:54,Search Ads,New Product Launch,Yes
77908,11-02-2025 11:03,Email,New Product Launch,No
23482,11-02-2025 00:27,Referral,Retargeting,Yes
64814,11-02-2025 10:22,Display Ads,Brand Awareness,Yes
57363,11-02-2025 10:50,Social Media,-,No
32477,10-02-2025 05:13,Search Ads,Winter Sale,No
66382,11-02-2025 19:54,Email,Discount Offer,Yes
79789,10-02-2025 15:07,Direct Traffic,-,No
82225,10-02-2025 08:15,Display Ads,Winter Sale,Yes
67005,11-02-2025 03:49,Social Media,Winter Sale,Yes
71655,11-02-2025 04:38,Social Media,-,Yes
54874,10-02-2025 09:59,Referral,-,No
76358,10-02-2025 06:37,Display Ads,Retargeting,No
63243,10-02-2025 22:42,Social Media,Discount Offer,Yes
63712,10-02-2025 19:26,Social Media,Winter Sale,No
63685,10-02-2025 01:46,Direct Traffic,-,Yes
47695,11-02-2025 10:23,Referral,Discount Offer,No
39251,10-02-2025 07:13,Search Ads,Brand Awareness,No
79304,10-02-2025 02:05,Search Ads,New Product Launch,No
79408,10-02-2025 03:41,Referral,Brand Awareness,Yes
47473,10-02-2025 19:37,Display Ads,Winter Sale,Yes
51664,10-02-2025 01:05,Search Ads,-,Yes
73023,10-02-2025 08:20,Email,Brand Awareness,No
72929,11-02-2025 09:07,Search Ads,Brand Awareness,Yes
10306,10-02-2025 11:52,Social Media,Discount Offer,Yes
58511,10-02-2025 06:07,Referral,-,No
15596,11-02-2025 22:29,Direct Traffic,-,No
34608,11-02-2025 13:37,Display Ads,Winter Sale,Yes
60456,10-02-2025 15:34,Referral,-,No
82495,10-02-2025 06:55,Social Media,Retargeting,No
45964,10-02-2025 22:53,Referral,Discount Offer,Yes
60345,10-02-2025 23:27,Referral,Winter Sale,Yes
41850,10-02-2025 00:53,Referral,Winter Sale,Yes
32692,11-02-2025 01:15,Search Ads,Brand Awareness,No
43759,11-02-2025 05:59,Email,Brand Awareness,Yes
80604,11-02-2025 11:00,Direct Traffic,-,No
13426,11-02-2025 14:24,Social Media,Winter Sale,Yes
10685,11-02-2025 01:30,Email,-,Yes
83320,11-02-2025 22:00,Direct Traffic,-,No
27106,10-02-2025 08:10,Display Ads,Retargeting,Yes
79781,11-02-2025 07:26,Referral,New Product Launch,No
22385,10-02-2025 06:24,Email,Retargeting,Yes
84203,11-02-2025 19:25,Search Ads,Winter Sale,Yes
24734,10-02-2025 02:07,Display Ads,New Product Launch,Yes
10668,10-02-2025 21:26,Direct Traffic,-,No
45208,10-02-2025 06:47,Search Ads,Brand Awareness,Yes
86414,10-02-2025 16:17,Search Ads,New Product Launch,Yes
79461,10-02-2025 08:38,Email,Retargeting,Yes
46050,11-02-2025 06:06,Search Ads,New Product Launch,Yes
36135,11-02-2025 08:48,Display Ads,-,No
40164,11-02-2025 12:53,Direct Traffic,-,Yes
72122,11-02-2025 18:06,Email,Retargeting,No
51268,10-02-2025 01:58,Display Ads,Brand Awareness,No
35199,11-02-2025 18:40,Social Media,Retargeting,No
81582,10-02-2025 12:29,Direct Traffic,-,Yes
71410,10-02-2025 06:04,Direct Traffic,-,No
87893,11-02-2025 00:00,Social Media,-,No
41563,10-02-2025 09:00,Email,Winter Sale,No
39559,10-02-2025 13:50,Social Media,Winter Sale,No
57385,11-02-2025 23:42,Referral,-,Yes
59077,10-02-2025 17:29,Social Media,-,Yes
70697,11-02-2025 04:22,Social Media,New Product Launch,Yes
79789,11-02-2025 23:22,Direct Traffic,-,No
13125,10-02-2025 04:33,Social Media,-,Yes
96872,10-02-2025 20:29,Referral,Discount Offer,No
68838,11-02-2025 05:59,Search Ads,Brand Awareness,No
41874,11-02-2025 16:18,Search Ads,Retargeting,No
47795,11-02-2025 02:41,Display Ads,New Product Launch,No
53536,10-02-2025 22:53,Referral,Retargeting,No
32914,11-02-2025 03:37,Email,Brand Awareness,No
62875,11-02-2025 20:01,Referral,Retargeting,No
36681,11-02-2025 07:45,Direct Traffic,-,Yes
66408,11-02-2025 14:19,Email,Winter Sale,No
82862,11-02-2025 18:56,Direct Traffic,-,Yes
79835,11-02-2025 03:13,Referral,-,No
21017,10-02-2025 10:19,Search Ads,Brand Awareness,Yes
69904,11-02-2025 07:21,Display Ads,-,No
60022,11-02-2025 05:38,Search Ads,Retargeting,No
32402,11-02-2025 03:05,Email,New Product Launch,Yes
27505,11-02-2025 12:19,Direct Traffic,-,No
81964,11-02-2025 19:53,Social Media,Brand Awareness,Yes
22992,10-02-2025 15:04,Social Media,Retargeting,Yes
86081,11-02-2025 20:52,Search Ads,Discount Offer,Yes
26511,11-02-2025 04:28,Direct Traffic,-,No
51319,11-02-2025 20:08,Email,New Product Launch,No
91331,10-02-2025 04:48,Social Media,Brand Awareness,No
34587,11-02-2025 06:09,Social Media,Winter Sale,No
34608,11-02-2025 01:33,Email,-,Yes
98997,10-02-2025 11:09,Search Ads,Discount Offer,No
64742,10-02-2025 18:59,Search Ads,Retargeting,No
76055,11-02-2025 21:56,Search Ads,-,Yes
99748,10-02-2025 14:46,Search Ads,Winter Sale,No
91630,11-02-2025 09:45,Email,New Product Launch,No
21255,11-02-2025 09:57,Email,New Product Launch,Yes
45415,10-02-2025 08:11,Direct Traffic,-,No
42970,11-02-2025 19:57,Display Ads,-,No
24956,11-02-2025 11:13,Display Ads,Discount Offer,Yes
15535,10-02-2025 14:35,Social Media,Retargeting,Yes
38504,11-02-2025 02:55,Display Ads,Discount Offer,Yes
75470,11-02-2025 19:19,Display Ads,-,Yes
49655,11-02-2025 13:50,Referral,Brand Awareness,No
17756,10-02-2025 21:35,Email,Brand Awareness,No
54259,10-02-2025 17:39,Referral,Brand Awareness,No
87893,10-02-2025 11:31,Referral,Retargeting,No
10654,11-02-2025 22:26,Social Media,New Product Launch,No
52731,10-02-2025 14:08,Direct Traffic,-,Yes
56075,11-02-2025 23:49,Search Ads,Winter Sale,Yes
47735,10-02-2025 05:21,Referral,Brand Awareness,Yes
49293,11-02-2025 22:46,Social Media,New Product Launch,No
17634,11-02-2025 13:37,Social Media,New Product Launch,Yes
13090,10-02-2025 20:45,Social Media,Retargeting,No
39702,10-02-2025 02:55,Display Ads,-,Yes
97280,11-02-2025 03:02,Direct Traffic,-,Yes
28459,10-02-2025 16:00,Display Ads,Winter Sale,Yes
19517,10-02-2025 21:19,Direct Traffic,-,No
46988,11-02-2025 16:44,Referral,New Product Launch,No
22673,10-02-2025 18:33,Email,-,Yes
17396,11-02-2025 05:25,Referral,Brand Awareness,No
44991,11-02-2025 03:11,Search Ads,Brand Awareness,Yes
24734,11-02-2025 14:09,Direct Traffic,-,Yes
10690,10-02-2025 08:32,Display Ads,-,No
76940,10-02-2025 01:15,Referral,New Product Launch,No
69415,11-02-2025 12:36,Email,Discount Offer,Yes
40164,11-02-2025 04:23,Referral,Retargeting,Yes
23209,10-02-2025 20:26,Email,Winter Sale,Yes
95461,11-02-2025 07:45,Search Ads,Winter Sale,Yes
11686,10-02-2025 12:59,Direct Traffic,-,Yes
25362,11-02-2025 07:49,Search Ads,-,No
51813,10-02-2025 06:07,Referral,New Product Launch,No
39400,10-02-2025 16:50,Social Media,New Product Launch,No
30429,10-02-2025 12:16,Email,Winter Sale,No
68649,10-02-2025 11:20,Email,-,Yes
49735,11-02-2025 20:32,Search Ads,Brand Awareness,Yes
81316,11-02-2025 02:38,Search Ads,New Product Launch,Yes
57976,10-02-2025 13:51,Social Media,Winter Sale,No
36377,11-02-2025 18:56,Direct Traffic,-,No
90155,11-02-2025 22:08,Referral,Retargeting,No
69579,10-02-2025 22:47,Email,Brand Awareness,Yes
91703,10-02-2025 22:12,Email,Brand Awareness,Yes
91787,10-02-2025 19:50,Search Ads,Discount Offer,No
88859,11-02-2025 05:05,Referral,-,Yes
88061,10-02-2025 18:00,Social Media,-,No
59959,11-02-2025 00:35,Search Ads,-,No
86296,11-02-2025 09:26,Social Media,Winter Sale,No
70093,10-02-2025 13:54,Social Media,New Product Launch,No
81952,10-02-2025 20:35,Social Media,Discount Offer,Yes
65708,11-02-2025 18:46,Email,Retargeting,No
73023,11-02-2025 06:36,Display Ads,Discount Offer,No
40164,10-02-2025 12:58,Email,Brand Awareness,No
56480,10-02-2025 06:44,Direct Traffic,-,Yes
96671,11-02-2025 08:23,Email,New Product Launch,No
98517,10-02-2025 21:32,Display Ads,Brand Awareness,Yes
64703,10-02-2025 02:19,Direct Traffic,-,No
24025,10-02-2025 21:49,Referral,Brand Awareness,Yes
67882,10-02-2025 19:15,Search Ads,-,No
96542,10-02-2025 14:28,Display Ads,-,Yes
53343,11-02-2025 13:33,Direct Traffic,-,Yes
25544,10-02-2025 01:26,Direct Traffic,-,Yes
60345,10-02-2025 01:37,Display Ads,Brand Awareness,Yes
63620,11-02-2025 19:58,Search Ads,New Product Launch,Yes
82118,10-02-2025 07:41,Referral,Retargeting,No
92565,10-02-2025 09:19,Referral,Winter Sale,Yes
94646,11-02-2025 13:43,Email,Discount Offer,Yes
91394,10-02-2025 21:53,Social Media,Retargeting,Yes
48493,11-02-2025 03:18,Email,Winter Sale,Yes
74915,10-02-2025 14:38,Search Ads,Brand Awareness,Yes
62422,10-02-2025 23:12,Referral,-,No
45575,10-02-2025 06:18,Referral,New Product Launch,Yes
61489,11-02-2025 12:12,Social Media,Winter Sale,Yes
95195,11-02-2025 04:44,Direct Traffic,-,No
35216,10-02-2025 19:16,Referral,-,No
30977,10-02-2025 10:17,Social Media,-,No
66625,11-02-2025 04:30,Display Ads,New Product Launch,Yes
99157,10-02-2025 22:33,Search Ads,Brand Awareness,Yes
26783,10-02-2025 10:50,Direct Traffic,-,Yes
24256,10-02-2025 18:00,Search Ads,Winter Sale,No
66319,11-02-2025 20:54,Social Media,Retargeting,Yes
66962,10-02-2025 10:31,Referral,Retargeting,No
74884,11-02-2025 05:06,Display Ads,-,No
63820,11-02-2025 07:03,Display Ads,-,No
15241,11-02-2025 11:35,Direct Traffic,-,No
72561,10-02-2025 08:42,Email,New Product Launch,Yes
59461,10-02-2025 06:37,Social Media,-,Yes
38485,10-02-2025 00:33,Social Media,Retargeting,Yes
17714,10-02-2025 19:42,Display Ads,-,Yes
64972,10-02-2025 06:36,Social Media,Winter Sale,No
40808,10-02-2025 18:09,Email,Brand Awareness,Yes
92346,11-02-2025 07:49,Display Ads,Brand Awareness,No
25441,11-02-2025 09:44,Referral,-,No
82159,10-02-2025 21:05,Social Media,Winter Sale,No
93271,10-02-2025 12:15,Social Media,Retargeting,No
83785,11-02-2025 06:56,Display Ads,Discount Offer,No
70093,10-02-2025 02:24,Display Ads,Brand Awareness,Yes
63337,11-02-2025 00:54,Direct Traffic,-,No
68585,11-02-2025 23:39,Search Ads,Winter Sale,No
64665,10-02-2025 22:07,Social Media,New Product Launch,No
15891,11-02-2025 07:33,Search Ads,Winter Sale,No
59840,11-02-2025 22:59,Email,Brand Awareness,Yes
94253,11-02-2025 03:21,Social Media,Brand Awareness,No
39876,11-02-2025 05:16,Social Media,New Product Launch,No
52328,11-02-2025 03:18,Search Ads,Retargeting,No
19444,10-02-2025 16:54,Social Media,Discount Offer,Yes
40264,10-02-2025 01:08,Display Ads,Winter Sale,Yes
27023,10-02-2025 11:38,Social Media,Brand Awareness,Yes
58910,11-02-2025 05:51,Search Ads,Retargeting,No
26622,11-02-2025 06:25,Display Ads,Discount Offer,No
59110,11-02-2025 03:06,Direct Traffic,-,No
48493,10-02-2025 14:59,Referral,Brand Awareness,No
10466,10-02-2025 00:48,Display Ads,New Product Launch,No
52130,11-02-2025 12:24,Search Ads,Discount Offer,No
37474,10-02-2025 22:41,Direct Traffic,-,Yes
54115,10-02-2025 19:56,Direct Traffic,-,No
28870,11-02-2025 13:58,Email,Brand Awareness,Yes
39588,11-02-2025 11:44,Email,Discount Offer,Yes
37554,11-02-2025 06:10,Direct Traffic,-,Yes
74413,10-02-2025 09:56,Direct Traffic,-,Yes
98079,11-02-2025 05:07,Search Ads,Discount Offer,Yes
79941,10-02-2025 22:29,Search Ads,Discount Offer,Yes
84745,10-02-2025 01:43,Referral,Brand Awareness,No
23018,11-02-2025 21:28,Direct Traffic,-,No
98418,11-02-2025 03:21,Display Ads,Discount Offer,No
40937,10-02-2025 02:17,Direct Traffic,-,Yes
24452,11-02-2025 01:38,Referral,Winter Sale,No
24581,10-02-2025 19:57,Display Ads,New Product Launch,Yes
55767,10-02-2025 20:53,Search Ads,New Product Launch,Yes
95564,11-02-2025 11:15,Search Ads,-,No
86379,10-02-2025 00:23,Social Media,Retargeting,No
50250,10-02-2025 13:59,Referral,Retargeting,No
65082,10-02-2025 02:20,Search Ads,Retargeting,Yes
57385,11-02-2025 03:44,Direct Traffic,-,Yes
64113,11-02-2025 07:52,Search Ads,-,No
10202,10-02-2025 09:47,Direct Traffic,-,Yes
62298,10-02-2025 04:55,Display Ads,Brand Awareness,No
28870,11-02-2025 10:11,Email,-,Yes
47509,10-02-2025 07:02,Email,Brand Awareness,No
55446,10-02-2025 04:21,Social Media,-,Yes
17634,10-02-2025 08:50,Display Ads,Discount Offer,No
35837,11-02-2025 19:16,Referral,-,No
88027,10-02-2025 08:09,Direct Traffic,-,Yes
29164,11-02-2025 17:43,Display Ads,Discount Offer,Yes
60844,10-02-2025 07:06,Referral,Brand Awareness,Yes
47202,10-02-2025 04:21,Direct Traffic,-,No
92989,11-02-2025 17:33,Social Media,Retargeting,Yes
96491,11-02-2025 18:54,Referral,Retargeting,No
22943,10-02-2025 04:22,Search Ads,Retargeting,Yes
26291,10-02-2025 14:24,Email,Discount Offer,No
10665,11-02-2025 20:27,Referral,Retargeting,Yes
59232,10-02-2025 00:25,Email,Retargeting,Yes
53707,11-02-2025 15:12,Referral,New Product Launch,Yes
47151,10-02-2025 20:37,Direct Traffic,-,No
53220,11-02-2025 15:12,Email,-,No
61655,11-02-2025 02:21,Email,-,Yes
16785,11-02-2025 03:19,Direct Traffic,-,Yes
64814,10-02-2025 23:34,Search Ads,Winter Sale,No
79891,11-02-2025 14:24,Search Ads,-,Yes
56072,10-02-2025 21:11,Direct Traffic,-,Yes
66986,10-02-2025 21:30,Search Ads,Discount Offer,No
92402,10-02-2025 18:22,Direct Traffic,-,Yes
36130,10-02-2025 11:05,Direct Traffic,-,Yes
58561,10-02-2025 16:35,Direct Traffic,-,No
27942,10-02-2025 00:43,Referral,Winter Sale,No
67765,11-02-2025 05:57,Referral,-,Yes
37078,10-02-2025 13:48,Search Ads,Retargeting,No
13584,11-02-2025 05:18,Email,Retargeting,Yes
33382,11-02-2025 10:41,Display Ads,New Product Launch,No
80653,10-02-2025 20:52,Display Ads,New Product Launch,Yes
35756,10-02-2025 23:26,Display Ads,Brand Awareness,No
81711,10-02-2025 03:20,Display Ads,-,No
73459,11-02-2025 16:25,Search Ads,Retargeting,No
81316,11-02-2025 15:07,Email,New Product Launch,No
87851,11-02-2025 19:35,Display Ads,New Product Launch,No
69619,10-02-2025 10:52,Referral,Discount Offer,Yes
71460,11-02-2025 17:17,Direct Traffic,-,Yes
91876,11-02-2025 00:03,Direct Traffic,-,Yes
58238,10-02-2025 06:24,Display Ads,Discount Offer,No
51558,11-02-2025 16:56,Social Media,New Product Launch,Yes
39702,10-02-2025 06:37,Search Ads,New Product Launch,Yes
12731,10-02-2025 03:28,Search Ads,Winter Sale,Yes
50636,10-02-2025 14:45,Direct Traffic,-,Yes
17611,11-02-2025 16:08,Social Media,New Product Launch,No
74381,11-02-2025 08:53,Display Ads,Brand Awareness,Yes
41454,11-02-2025 10:09,Display Ads,Winter Sale,Yes
16004,10-02-2025 08:09,Display Ads,New Product Launch,No
66854,10-02-2025 20:23,Email,New Product Launch,Yes
58957,11-02-2025 20:46,Referral,Discount Offer,Yes
61528,11-02-2025 07:13,Referral,Brand Awareness,Yes
50840,10-02-2025 02:12,Display Ads,New Product Launch,Yes
67809,10-02-2025 00:48,Social Media,Retargeting,Yes
44528,10-02-2025 08:08,Referral,New Product Launch,Yes
23567,11-02-2025 20:04,Direct Traffic,-,Yes
96542,11-02-2025 20:01,Referral,New Product Launch,No
40531,11-02-2025 03:38,Referral,Retargeting,No
39004,11-02-2025 20:20,Referral,Brand Awareness,Yes
27048,11-02-2025 17:23,Email,Retargeting,Yes
22192,10-02-2025 05:43,Social Media,New Product Launch,No
78282,10-02-2025 07:00,Email,Brand Awareness,Yes
47174,10-02-2025 04:55,Email,Retargeting,No
35668,11-02-2025 23:46,Social Media,New Product Launch,No
24161,11-02-2025 10:13,Display Ads,New Product Launch,No
17611,11-02-2025 10:26,Email,-,No
78374,11-02-2025 21:52,Email,Brand Awareness,No
22741,11-02-2025 06:30,Search Ads,Winter Sale,No
67809,10-02-2025 05:15,Referral,New Product Launch,No
